match_id,date,league,season,team_id,team_name,opponent_id,opponent_name,result,team_xG_last_1,team_deep_last_1,team_xG_against_last_1,team_deep_against_last_1,team_ppda_att_last_1,team_ppda_def_last_1,team_xG_last_1_carry,team_deep_last_1_carry,team_xG_against_last_1_carry,team_deep_against_last_1_carry,team_ppda_att_last_1_carry,team_ppda_def_last_1_carry,team_xG_last_3,team_deep_last_3,team_xG_against_last_3,team_deep_against_last_3,team_ppda_att_last_3,team_ppda_def_last_3,team_xG_last_3_carry,team_deep_last_3_carry,team_xG_against_last_3_carry,team_deep_against_last_3_carry,team_ppda_att_last_3_carry,team_ppda_def_last_3_carry,team_xG_last_5,team_deep_last_5,team_xG_against_last_5,team_deep_against_last_5,team_ppda_att_last_5,team_ppda_def_last_5,team_xG_last_5_carry,team_deep_last_5_carry,team_xG_against_last_5_carry,team_deep_against_last_5_carry,team_ppda_att_last_5_carry,team_ppda_def_last_5_carry,matches_played_in_season_before,form_score_5,form_score_10,form_score_5_carry,form_score_10_carry,form_momentum,current_streak,unbeaten_streak,winless_streak,prev_season_points_per_game,prev_season_avg_xG,prev_season_avg_xG_against,prev_season_avg_deep,prev_season_avg_deep_against,prev_season_avg_ppda_att,prev_season_avg_ppda_def,prev_season_match_count,team_season_points_per_game,team_season_points_per_game_carry,team_season_avg_xG,team_season_avg_xG_against,team_season_avg_deep,team_season_avg_deep_against,team_season_avg_ppda_att,team_season_avg_ppda_def,team_season_avg_xG_carry,team_season_avg_xG_against_carry,team_season_avg_deep_carry,team_season_avg_deep_against_carry,team_season_avg_ppda_att_carry,team_season_avg_ppda_def_carry,team_rest_days,xG_efficiency_5,recent_xG_trend,defensive_trend,market_home_win_odds_open,market_draw_odds_open,market_away_win_odds_open,away_team_id,away_team_name,opponent_xG_last_1,opponent_deep_last_1,opponent_xG_against_last_1,opponent_deep_against_last_1,opponent_ppda_att_last_1,opponent_ppda_def_last_1,opponent_xG_last_1_carry,opponent_deep_last_1_carry,opponent_xG_against_last_1_carry,opponent_deep_against_last_1_carry,opponent_ppda_att_last_1_carry,opponent_ppda_def_last_1_carry,opponent_xG_last_3,opponent_deep_last_3,opponent_xG_against_last_3,opponent_deep_against_last_3,opponent_ppda_att_last_3,opponent_ppda_def_last_3,opponent_xG_last_3_carry,opponent_deep_last_3_carry,opponent_xG_against_last_3_carry,opponent_deep_against_last_3_carry,opponent_ppda_att_last_3_carry,opponent_ppda_def_last_3_carry,opponent_xG_last_5,opponent_deep_last_5,opponent_xG_against_last_5,opponent_deep_against_last_5,opponent_ppda_att_last_5,opponent_ppda_def_last_5,opponent_xG_last_5_carry,opponent_deep_last_5_carry,opponent_xG_against_last_5_carry,opponent_deep_against_last_5_carry,opponent_ppda_att_last_5_carry,opponent_ppda_def_last_5_carry,opponent_matches_played_in_season_before,opponent_form_score_5,opponent_form_score_10,opponent_form_score_5_carry,opponent_form_score_10_carry,opponent_form_momentum,opponent_current_streak,opponent_unbeaten_streak,opponent_winless_streak,opponent_prev_season_points_per_game,opponent_prev_season_avg_xG,opponent_prev_season_avg_xG_against,opponent_prev_season_avg_deep,opponent_prev_season_avg_deep_against,opponent_prev_season_avg_ppda_att,opponent_prev_season_avg_ppda_def,opponent_prev_season_match_count,opponent_season_points_per_game,opponent_season_points_per_game_carry,opponent_season_avg_xG,opponent_season_avg_xG_against,opponent_season_avg_deep,opponent_season_avg_deep_against,opponent_season_avg_ppda_att,opponent_season_avg_ppda_def,opponent_season_avg_xG_carry,opponent_season_avg_xG_against_carry,opponent_season_avg_deep_carry,opponent_season_avg_deep_against_carry,opponent_season_avg_ppda_att_carry,opponent_season_avg_ppda_def_carry,opponent_rest_days,opponent_xG_efficiency_5,opponent_recent_xG_trend,opponent_defensive_trend,rest_days_diff,rest_days_ratio,relative_form_5,relative_form_10,relative_form_5_carry,relative_form_10_carry,xG_efficiency_gap_5,xG_trend_gap,defensive_trend_gap,prev_season_points_per_game_gap,prev_season_xG_gap,prev_season_defensive_gap,season_points_per_game_gap,xG_advantage_1,defensive_advantage_1,deep_advantage_1,ppda_advantage_1,xG_advantage_1_carry,defensive_advantage_1_carry,deep_advantage_1_carry,ppda_advantage_1_carry,xG_advantage_3,defensive_advantage_3,deep_advantage_3,ppda_advantage_3,xG_advantage_3_carry,defensive_advantage_3_carry,deep_advantage_3_carry,ppda_advantage_3_carry,xG_advantage_5,defensive_advantage_5,deep_advantage_5,ppda_advantage_5,xG_advantage_5_carry,defensive_advantage_5_carry,deep_advantage_5_carry,ppda_advantage_5_carry,market_overround_open,market_home_prob_open,market_draw_prob_open,market_away_prob_open,market_home_minus_away_prob_open,market_non_draw_prob_open,market_favorite_prob_open,market_favorite_gap_open,market_entropy_open,target,team_elo_rating,opponent_elo_rating,elo_rating_gap,elo_win_probability,selected_outcome,selected_odds,predicted_probability,market_probability,edge,expected_value,won_bet,profit,bet_is_market_favorite,bet_key,strategy_name,strategy_names
Bundesliga 2025_117_118_2026-01-31 17:30:00,2026-01-31 17:30:00,Bundesliga,2025,118,Hamburger SV,117,Bayern Munich,d,0.333197,6.0,0.311991,2.0,246.0,22.0,0.333197,6.0,0.311991,2.0,246.0,22.0,0.8153530000000001,6.333333333333333,1.274561,3.6666666666666665,252.0,17.666666666666668,0.8153530000000001,6.333333333333333,1.274561,3.6666666666666665,252.0,17.666666666666668,0.9897938,5.6,1.4806226,6.4,276.4,18.4,0.9897938,5.6,1.4806226,6.4,276.4,18.4,18.0,3.0,10.0,3.0,10.0,-0.4,0,2,5,,,,,,,,,1.0,1.0,1.2380857777777776,1.6185462222222222,5.333333333333333,7.444444444444445,261.05555555555554,17.61111111111111,1.2380857777777776,1.6185462222222222,5.333333333333333,7.444444444444445,261.05555555555554,17.61111111111111,7.916666666666667,0.6061868642526985,-0.346480625,-0.1384706249999998,8.0,6.5,1.29,117,Bayern Munich,2.30773,14.0,1.24551,7.0,176.0,28.0,2.30773,14.0,1.24551,7.0,176.0,28.0,3.025446666666667,11.0,1.6097796666666666,5.333333333333333,199.0,23.0,3.025446666666667,11.0,1.6097796666666666,5.333333333333333,199.0,23.0,3.19872,12.0,1.4804138,5.0,191.6,20.2,3.19872,12.0,1.4804138,5.0,191.6,20.2,19.0,12.0,23.0,12.0,23.0,0.1,-1,0,1,2.411764705882353,2.794620988235294,0.8231595323529411,13.411764705882351,4.117647058823529,190.05882352941177,21.147058823529413,34.0,2.631578947368421,2.631578947368421,3.078925789473684,0.9081088421052632,12.736842105263158,4.315789473684211,197.1578947368421,20.63157894736842,3.078925789473684,0.9081088421052632,12.736842105263158,4.315789473684211,197.1578947368421,20.63157894736842,7.125,0.7503001200011067,-0.3859595833333333,0.4003692916666665,0.791666666666667,1.1111111111111112,-9.0,-13.0,-9.0,-13.0,-0.1441132557484081,0.0394789583333333,-0.5388399166666664,,,,-1.6315789473684212,-1.974533,0.933519,-8.0,-70.0,-1.974533,0.933519,-8.0,-70.0,-2.210093666666667,0.3352186666666665,-4.666666666666667,-53.0,-2.210093666666667,0.3352186666666665,-4.666666666666667,-53.0,-2.2089262000000005,-0.0002088,-6.4,-84.79999999999998,-2.2089262000000005,-0.0002088,-6.4,-84.79999999999998,1.0540399522957662,0.1185913301746694,0.1459585602149777,0.7354501096103528,-0.6168587794356835,0.8540414397850222,0.7354501096103528,0.5894915493953751,0.7597162914150994,1,1469.071641678452,1712.381969524065,-243.31032784561285,0.2582241560668502,draw,6.5,0.3095833,0.14595856021497775,0.1636247460975833,1.0122914910316467,True,5.5,False,Bundesliga 2025_117_118_2026-01-31 17:30:00|draw,"train=ALL|bet=Bundesliga|outcome=draw|odds=[2.00,10.00)|fav=nonfavorite","train=ALL|bet=Bundesliga|outcome=draw|odds=[2.00,10.00)|fav=nonfavorite"
Bundesliga 2025_117_119_2025-11-01 17:30:00,2025-11-01 17:30:00,Bundesliga,2025,117,Bayern Munich,119,Bayer Leverkusen,w,2.65026,23.0,0.757777,1.0,95.0,14.0,2.65026,23.0,0.757777,1.0,95.0,14.0,2.566766666666666,12.666666666666666,0.9093416666666668,3.0,188.0,18.33333333333333,2.566766666666666,12.666666666666666,0.9093416666666668,3.0,188.0,18.33333333333333,2.946618,10.2,0.8127606,3.8,205.4,20.8,2.946618,10.2,0.8127606,3.8,205.4,20.8,8.0,15.0,24.0,15.0,28.823529411764707,0.6000000000000001,8,8,0,2.411764705882353,2.794620988235294,0.8231595323529411,13.411764705882351,4.117647058823529,190.05882352941177,21.147058823529413,34.0,3.0,3.0,3.05554375,0.706408125,13.125,4.125,214.5,23.125,3.05554375,0.706408125,13.125,4.125,214.5,23.125,7.166666666666667,1.018116362486205,-0.4887770833333333,0.2029335416666666,1.23,7.43,10.66,119,Bayer Leverkusen,2.46787,7.0,0.542897,4.0,194.0,18.0,2.46787,7.0,0.542897,4.0,194.0,18.0,3.41974,9.666666666666666,1.1231723333333334,6.0,172.66666666666666,19.0,3.41974,9.666666666666666,1.1231723333333334,6.0,172.66666666666666,19.0,2.698888,8.2,1.0963204,6.0,208.4,18.8,2.698888,8.2,1.0963204,6.0,208.4,18.8,8.0,13.0,17.0,13.0,21.058823529411764,0.9000000000000001,4,7,0,2.0294117647058822,1.85406745,1.2186529588235293,8.088235294117647,4.852941176470588,227.55882352941177,18.58823529411765,34.0,2.125,2.125,2.36236875,1.13817725,6.75,6.0,223.875,18.625,2.36236875,1.13817725,6.75,6.0,223.875,18.625,6.166666666666667,0.9633597243780876,1.0573712499999997,-0.0150049166666665,1.0,1.162162162162162,2.0,7.0,2.0,7.764705882352942,0.0547566381081175,-1.546148333333333,0.2179384583333332,0.3823529411764705,0.940553538235294,0.3954934264705881,0.875,0.1823899999999998,-0.21488,16.0,99.0,0.1823899999999998,-0.21488,16.0,99.0,-0.8529733333333329,0.2138306666666667,3.0,-15.333333333333345,-0.8529733333333329,0.2138306666666667,3.0,-15.333333333333345,0.2477299999999997,0.2835597999999999,2.0,3.0,0.2477299999999997,0.2835597999999999,2.0,3.0,1.0414062624941396,0.7806829662558092,0.1292382299454435,0.0900788037987472,0.690604162457062,0.8707617700545565,0.7806829662558092,0.6514447363103657,0.674546369917914,2,1700.9278182018488,1644.358452520854,56.56936568099468,0.6617331303763405,draw,7.43,0.2316465,0.12923822994544354,0.1024082631318346,0.7211334435641765,False,-1.0,False,Bundesliga 2025_117_119_2025-11-01 17:30:00|draw,"train=ALL|bet=Bundesliga|outcome=draw|odds=[2.00,10.00)|fav=nonfavorite","train=ALL|bet=Bundesliga|outcome=draw|odds=[2.00,10.00)|fav=nonfavorite"
Bundesliga 2025_117_120_2026-02-08 16:30:00,2026-02-08 16:30:00,Bundesliga,2025,117,Bayern Munich,120,Hoffenheim,w,2.28911,12.0,2.64497,4.0,162.0,19.0,2.28911,12.0,2.64497,4.0,162.0,19.0,3.0830333333333333,11.666666666666666,2.2532166666666664,6.333333333333333,210.0,23.666666666666668,3.0830333333333333,11.666666666666666,2.2532166666666664,6.333333333333333,210.0,23.666666666666668,2.982952,11.2,1.7118918,4.6,191.8,21.2,2.982952,11.2,1.7118918,4.6,191.8,21.2,20.0,10.0,23.0,10.0,23.0,-0.2999999999999998,0,1,2,2.411764705882353,2.794620988235294,0.8231595323529411,13.411764705882351,4.117647058823529,190.05882352941177,21.147058823529413,34.0,2.55,2.55,3.039435,0.9949519,12.7,4.3,195.4,20.55,3.039435,0.9949519,12.7,4.3,195.4,20.55,7.958333333333333,0.6704767625714073,-0.297084166666667,0.8057762916666666,1.29,7.0,7.5,120,Hoffenheim,1.50682,3.0,1.23275,4.0,121.0,20.0,1.50682,3.0,1.23275,4.0,121.0,20.0,1.2341723333333334,4.666666666666667,1.1631093333333336,8.333333333333334,215.66666666666663,25.0,1.2341723333333334,4.666666666666667,1.1631093333333336,8.333333333333334,215.66666666666663,25.0,2.0400334,7.4,1.1185496,6.8,235.8,26.4,2.0400334,7.4,1.1185496,6.8,235.8,26.4,20.0,15.0,23.0,15.0,23.0,0.7000000000000002,5,7,0,0.9411764705882352,1.3799767941176473,1.8788916764705883,6.176470588235294,9.029411764705882,255.2058823529412,20.88235294117647,34.0,2.1,2.1,1.76611775,1.45384835,7.35,5.0,222.7,26.2,1.76611775,1.45384835,7.35,5.0,222.7,26.2,8.083333333333334,1.470564158266177,-0.5490829166666666,-0.0319654166666665,-0.1250000000000009,0.9845360824742267,-5.0,0.0,-5.0,0.0,-0.8000873956947697,0.2519987499999996,0.8377417083333332,1.4705882352941175,1.4146441941176469,1.055732144117647,0.4499999999999997,0.7822899999999999,-1.4122199999999998,9.0,-41.0,0.7822899999999999,-1.4122199999999998,9.0,-41.0,1.848861,-1.0901073333333329,6.999999999999999,5.666666666666657,1.848861,-1.0901073333333329,6.999999999999999,5.666666666666657,0.9429186,-0.5933421999999999,3.799999999999999,44.0,0.9429186,-0.5933421999999999,3.799999999999999,44.0,1.0513842746400883,0.7373077733305246,0.1358752896566252,0.1268169370128502,0.6104908363176743,0.8641247103433748,0.7373077733305246,0.6014324836738993,0.7577822743169698,2,1707.546452645402,1569.9271167842453,137.61933586115674,0.7572365805937545,draw,7.0,0.5405741,0.13587528965662524,0.4046987841348787,2.7840185165405273,False,-1.0,False,Bundesliga 2025_117_120_2026-02-08 16:30:00|draw,"train=Bundesliga|bet=Bundesliga|outcome=draw|odds=[4.00,10.00)|fav=nonfavorite","train=Bundesliga|bet=Bundesliga|outcome=draw|odds=[4.00,10.00)|fav=nonfavorite|train=ALL|bet=Bundesliga|outcome=draw|odds=[2.00,10.00)|fav=nonfavorite"
Bundesliga 2025_117_123_2026-02-14 14:30:00,2026-02-14 14:30:00,Bundesliga,2025,123,Werder Bremen,117,Bayern Munich,l,1.12332,16.0,0.36452,2.0,129.0,28.0,1.12332,16.0,0.36452,2.0,129.0,28.0,1.180464,16.0,0.7297456666666671,3.6666666666666665,154.33333333333334,22.33333333333333,1.180464,16.0,0.7297456666666671,3.6666666666666665,154.33333333333334,22.33333333333333,1.2632976,14.2,1.1825894,4.4,191.8,22.6,1.2632976,14.2,1.1825894,4.4,191.8,22.6,21.0,2.0,4.0,2.0,4.0,0.0,-1,0,11,1.5,1.654772,1.6268642647058822,8.205882352941176,7.176470588235294,275.47058823529414,20.08823529411765,34.0,0.9047619047619048,0.9047619047619048,1.2287458571428571,1.782698142857143,8.19047619047619,7.666666666666667,251.7619047619048,19.428571428571427,1.2287458571428571,1.782698142857143,8.19047619047619,7.666666666666667,251.7619047619048,19.428571428571427,7.0,0.3166316471563578,0.1516232499999998,-0.742358958333333,8.0,6.0,1.3,117,Bayern Munich,6.37827,16.0,2.66829,5.0,251.0,31.0,6.37827,16.0,2.66829,5.0,251.0,31.0,3.65837,14.0,2.1862566666666665,5.333333333333333,196.33333333333331,26.0,3.65837,14.0,2.1862566666666665,5.333333333333333,196.33333333333331,26.0,3.548744,12.2,2.0285198,5.0,202.0,23.8,3.548744,12.2,2.0285198,5.0,202.0,23.8,21.0,10.0,23.0,10.0,23.0,-0.2999999999999998,1,2,0,2.411764705882353,2.794620988235294,0.8231595323529411,13.411764705882351,4.117647058823529,190.05882352941177,21.147058823529413,34.0,2.571428571428572,2.571428571428572,3.198427142857143,1.0746346666666666,12.857142857142858,4.333333333333333,198.04761904761904,21.047619047619047,3.198427142857143,1.0746346666666666,12.857142857142858,4.333333333333333,198.04761904761904,21.047619047619047,5.916666666666667,0.5635796777359212,-0.0091975000000008,0.4964441666666666,1.083333333333333,1.1830985915492958,-8.0,-19.0,-8.0,-19.0,-0.2469480305795633,0.1608207500000007,-1.2388031249999996,-0.9117647058823528,-1.1398489882352942,-0.803704732352941,-1.666666666666667,-5.254949999999999,2.30377,0.0,122.0,-5.254949999999999,2.30377,0.0,122.0,-2.477906,1.4565109999999994,2.0,42.0,-2.477906,1.4565109999999994,2.0,42.0,-2.2854464,0.8459304000000003,2.0,10.199999999999989,-2.2854464,0.8459304000000003,2.0,10.199999999999989,1.0608974358974357,0.1178247734138973,0.1570996978851964,0.7250755287009064,-0.6072507552870091,0.8429003021148036,0.7250755287009064,0.56797583081571,0.7758436951131102,0,1473.3690238582851,1712.4017210335269,-239.03269717524157,0.2629687577347941,draw,6.0,0.48583174,0.1570996978851964,0.32873203963311415,1.9149904251098633,False,-1.0,False,Bundesliga 2025_117_123_2026-02-14 14:30:00|draw,"train=ALL|bet=Bundesliga|outcome=draw|odds=[2.00,10.00)|fav=nonfavorite","train=Bundesliga|bet=Bundesliga|outcome=draw|odds=[4.00,10.00)|fav=nonfavorite|train=ALL|bet=Bundesliga|outcome=draw|odds=[2.00,10.00)|fav=nonfavorite"
Bundesliga 2025_117_130_2026-03-06 19:30:00,2026-03-06 19:30:00,Bundesliga,2025,117,Bayern Munich,130,Borussia M.Gladbach,w,1.89016,9.0,1.39761,9.0,123.0,25.0,1.89016,9.0,1.39761,9.0,123.0,25.0,2.200823333333333,11.333333333333334,1.4899466666666663,6.333333333333333,228.0,23.33333333333333,2.200823333333333,11.333333333333334,1.4899466666666663,6.333333333333333,228.0,23.33333333333333,3.05397,12.4,1.95662,5.6,219.4,24.0,3.05397,12.4,1.95662,5.6,219.4,24.0,24.0,13.0,25.0,13.0,25.0,0.1,4,5,0,2.411764705882353,2.794620988235294,0.8231595323529411,13.411764705882351,4.117647058823529,190.05882352941177,21.147058823529413,34.0,2.625,2.625,3.073726666666667,1.1265486666666666,12.666666666666666,4.583333333333333,201.79166666666663,21.33333333333333,3.073726666666667,1.1265486666666666,12.666666666666666,4.583333333333333,201.79166666666663,21.33333333333333,6.083333333333333,0.8513508645565379,-0.8424504166666669,-0.3366082083333335,1.2,8.5,9.5,130,Borussia M.Gladbach,2.56014,10.0,0.137598,4.0,175.0,14.0,2.56014,10.0,0.137598,4.0,175.0,14.0,1.5400800000000003,7.666666666666667,1.1390993333333337,4.0,197.33333333333331,17.666666666666668,1.5400800000000003,7.666666666666667,1.1390993333333337,4.0,197.33333333333331,17.666666666666668,1.3321736,6.4,1.0299414,7.0,269.8,18.2,1.3321736,6.4,1.0299414,7.0,269.8,18.2,24.0,5.0,9.0,5.0,9.0,0.0999999999999999,1,1,0,1.3235294117647058,1.5722643529411766,1.9846801176470588,6.205882352941177,9.147058823529411,261.5882352941176,17.41176470588235,34.0,1.0416666666666667,1.0416666666666667,1.4325965416666666,1.6266674583333334,7.208333333333333,8.25,294.0416666666667,19.166666666666668,1.4325965416666666,1.6266674583333334,7.208333333333333,8.25,294.0416666666667,19.166666666666668,6.208333333333333,0.7506529177953004,0.3785425000000002,-0.5504352916666662,-0.125,0.9798657718120806,8.0,16.0,8.0,16.0,0.1006979467612374,-1.220992916666667,0.2138270833333326,1.088235294117647,1.2223566352941175,1.1615205852941175,1.5833333333333333,-0.66998,-1.260012,-1.0,52.0,-0.66998,-1.260012,-1.0,52.0,0.6607433333333328,-0.3508473333333328,3.666666666666667,-30.666666666666657,0.6607433333333328,-0.3508473333333328,3.666666666666667,-30.666666666666657,1.7217964,-0.9266786000000002,6.0,50.400000000000006,1.7217964,-0.9266786000000002,6.0,50.400000000000006,1.0562435500515996,0.7889594528578407,0.1113825109916951,0.099658036150464,0.6893014167073767,0.8886174890083048,0.7889594528578407,0.6775769418661456,0.6612883713322738,2,1731.643619782138,1469.362555281215,262.28106450092287,0.8647363630126146,draw,8.5,0.33878717,0.11138251099169516,0.22740465727269388,1.8796909302473068,False,-1.0,False,Bundesliga 2025_117_130_2026-03-06 19:30:00|draw,"train=Bundesliga|bet=Bundesliga|outcome=draw|odds=[4.00,10.00)|fav=nonfavorite","train=Bundesliga|bet=Bundesliga|outcome=draw|odds=[4.00,10.00)|fav=nonfavorite|train=ALL|bet=Bundesliga|outcome=draw|odds=[2.00,10.00)|fav=nonfavorite"
Bundesliga 2025_117_135_2025-11-22 14:30:00,2025-11-22 14:30:00,Bundesliga,2025,117,Bayern Munich,135,Freiburg,w,1.34246,11.0,1.02778,6.0,120.0,9.0,1.34246,11.0,1.02778,6.0,120.0,9.0,2.09189,15.0,0.7227770000000001,4.0,173.33333333333334,18.33333333333333,2.09189,15.0,0.7227770000000001,4.0,173.33333333333334,18.33333333333333,2.265142,12.0,0.8277158,4.0,197.8,19.2,2.265142,12.0,0.8277158,4.0,197.8,19.2,10.0,13.0,28.0,13.0,28.0,-0.1999999999999997,0,10,1,2.411764705882353,2.794620988235294,0.8231595323529411,13.411764705882351,4.117647058823529,190.05882352941177,21.147058823529413,34.0,2.8,2.8,2.806976,0.7061819,12.7,4.4,214.1,22.6,2.806976,0.7061819,12.7,4.4,214.1,22.6,14.0,1.1478309085127705,-0.58257,-0.0314143749999998,1.19,7.45,14.94,135,Freiburg,1.66558,5.0,0.640748,3.0,211.0,17.0,1.66558,5.0,0.640748,3.0,211.0,17.0,1.1245556666666667,4.333333333333333,1.4856793333333334,4.666666666666667,253.0,15.0,1.1245556666666667,4.333333333333333,1.4856793333333334,4.666666666666667,253.0,15.0,1.03834,4.6,1.1401720000000002,4.8,260.0,16.4,1.03834,4.6,1.1401720000000002,4.8,260.0,16.4,10.0,6.0,13.0,6.0,13.0,-0.1,1,2,0,1.6176470588235294,1.6046772058823529,1.405808294117647,6.676470588235294,7.382352941176471,281.52941176470586,19.323529411764707,34.0,1.3,1.3,1.3702292,1.2907064,5.0,4.7,247.1,16.5,1.3702292,1.2907064,5.0,4.7,247.1,16.5,13.0,1.1556908139615751,-0.1875380833333333,0.2651200833333333,1.0,1.0769230769230769,7.0,15.0,7.0,15.0,-0.0078599054488046,-0.3950319166666667,-0.2965344583333332,0.7941176470588234,1.1899437823529413,0.5826487617647059,1.4999999999999998,-0.3231200000000001,-0.3870319999999999,6.0,91.0,-0.3231200000000001,-0.3870319999999999,6.0,91.0,0.9673343333333332,0.7629023333333332,10.666666666666668,79.66666666666666,0.9673343333333332,0.7629023333333332,10.666666666666668,79.66666666666666,1.226802,0.3124562000000002,7.4,62.19999999999999,1.226802,0.3124562000000002,7.4,62.19999999999999,1.0414987266570466,0.8068527718234018,0.1288798387207849,0.0642673894558131,0.7425853823675886,0.871120161279215,0.8068527718234018,0.6779729331026167,0.6136154996131393,2,1703.381961748374,1530.6713601294323,172.7106016189416,0.7924224934890899,draw,7.45,0.29109776,0.12887983872078498,0.1622179214797155,1.1686783134937286,False,-1.0,False,Bundesliga 2025_117_135_2025-11-22 14:30:00|draw,"train=ALL|bet=Bundesliga|outcome=draw|odds=[2.00,10.00)|fav=nonfavorite","train=ALL|bet=Bundesliga|outcome=draw|odds=[2.00,10.00)|fav=nonfavorite"
Bundesliga 2025_117_136_2025-08-22 18:30:00,2025-08-22 18:30:00,Bundesliga,2025,117,Bayern Munich,136,RasenBallsport Leipzig,w,,,,,,,2.794620988235294,13.411764705882351,0.8231595323529411,4.117647058823529,190.05882352941177,21.147058823529413,,,,,,,2.794620988235294,13.411764705882351,0.8231595323529411,4.117647058823529,190.0588235294118,21.147058823529413,,,,,,,2.794620988235294,13.411764705882351,0.8231595323529411,4.117647058823529,190.05882352941177,21.147058823529413,0.0,,,12.058823529411764,24.11764705882353,,0,0,0,2.411764705882353,2.794620988235294,0.8231595323529411,13.411764705882351,4.117647058823529,190.05882352941177,21.147058823529413,34.0,,2.411764705882353,,,,,,,2.794620988235294,0.8231595323529411,13.411764705882351,4.117647058823529,190.05882352941177,21.147058823529413,,,,,1.23,7.43,10.85,136,RasenBallsport Leipzig,,,,,,,1.5392821176470588,8.382352941176471,1.8932451176470588,8.0,251.8235294117647,20.91176470588235,,,,,,,1.539282117647059,8.382352941176471,1.8932451176470588,8.0,251.82352941176472,20.91176470588235,,,,,,,1.5392821176470588,8.382352941176471,1.893245117647059,8.0,251.8235294117647,20.91176470588235,0.0,,,7.5,15.0,,0,0,0,1.5,1.5392821176470588,1.8932451176470588,8.382352941176471,8.0,251.8235294117647,20.91176470588235,34.0,,1.5,,,,,,,1.5392821176470588,1.8932451176470588,8.382352941176471,8.0,251.8235294117647,20.91176470588235,,,,,,,,,4.5588235294117645,9.117647058823527,,,,0.9117647058823528,1.2553388705882351,1.0700855852941178,0.9117647058823528,,,,,1.2553388705882351,1.0700855852941178,5.029411764705882,61.76470588235293,,,,,1.2553388705882351,1.0700855852941178,5.029411764705882,61.76470588235293,,,,,1.2553388705882351,1.0700855852941178,5.029411764705882,61.76470588235293,1.039763530717655,0.7819163743126811,0.1294424145901208,0.0886412110971979,0.6932751632154832,0.8705575854098792,0.7819163743126811,0.6524739597225603,0.6717964715687623,2,1653.7032032088491,1547.9366249382963,105.76657827055284,0.7219648943929303,draw,7.43,0.3654571,0.12944241459012085,0.2360146731650824,1.7153461620211599,False,-1.0,False,Bundesliga 2025_117_136_2025-08-22 18:30:00|draw,"train=ALL|bet=Bundesliga|outcome=draw|odds=[2.00,10.00)|fav=nonfavorite","train=Bundesliga|bet=Bundesliga|outcome=draw|odds=[4.00,10.00)|fav=nonfavorite|train=ALL|bet=Bundesliga|outcome=draw|odds=[2.00,10.00)|fav=nonfavorite"
Bundesliga 2025_118_130_2026-01-17 14:30:00,2026-01-17 14:30:00,Bundesliga,2025,118,Hamburger SV,130,Borussia M.Gladbach,d,0.850812,2.0,2.93517,6.0,266.0,9.0,0.850812,2.0,2.93517,6.0,266.0,9.0,1.1179073333333334,3.6666666666666665,2.171533333333333,9.0,297.3333333333333,16.0,1.1179073333333334,3.6666666666666665,2.171533333333333,9.0,297.3333333333333,16.0,1.2288844,4.6,1.759354,7.0,281.4,18.0,1.2288844,4.6,1.759354,7.0,281.4,18.0,16.0,7.0,8.0,7.0,8.0,0.5999999999999999,-1,0,3,,,,,,,,,1.0,1.0,1.2931435625,1.7653324375,4.9375,8.0625,263.0625,17.0625,1.2931435625,1.7653324375,4.9375,8.0625,263.0625,17.0625,7.0,1.1392446675799213,-0.0461251666666666,0.207118333333333,2.45,3.5,2.8,130,Borussia M.Gladbach,0.83294,3.0,4.3777,14.0,392.0,19.0,0.83294,3.0,4.3777,14.0,392.0,19.0,1.5420623333333332,8.666666666666666,2.535553333333333,10.333333333333334,327.0,23.33333333333333,1.5420623333333332,8.666666666666666,2.535553333333333,10.333333333333334,327.0,23.33333333333333,1.429915,7.4,2.284278,8.8,313.6,20.2,1.429915,7.4,2.284278,8.8,313.6,20.2,17.0,6.0,16.0,6.0,16.0,-0.4000000000000001,-1,0,1,1.3235294117647058,1.5722643529411766,1.9846801176470588,6.205882352941177,9.147058823529411,261.5882352941176,17.41176470588235,34.0,1.1176470588235294,1.1176470588235294,1.524879823529412,1.7589083529411764,7.9411764705882355,8.294117647058824,300.2352941176471,19.352941176470587,1.524879823529412,1.7589083529411764,7.9411764705882355,8.294117647058824,300.2352941176471,19.352941176470587,2.7916666666666665,0.839210722198283,-0.0575849166666668,0.6561662083333335,4.208333333333334,2.5074626865671643,1.0,-8.0,1.0,-8.0,0.3000339453816383,0.0114597500000002,-0.4490478750000004,,,,-0.1176470588235294,0.017872,1.44253,-1.0,126.0,0.017872,1.44253,-1.0,126.0,-0.4241549999999998,0.3640200000000004,-5.0,29.66666666666669,-0.4241549999999998,0.3640200000000004,-5.0,29.66666666666669,-0.2010305999999999,0.5249239999999995,-2.8000000000000007,32.200000000000045,-0.2010305999999999,0.5249239999999995,-2.8000000000000007,32.200000000000045,1.0510204081632653,0.3883495145631068,0.2718446601941747,0.3398058252427184,0.0485436893203883,0.7281553398058253,0.3883495145631068,0.0485436893203883,1.088184458117086,1,1470.2787405425436,1475.8462819923284,-5.567541449784812,0.5776999215012226,draw,3.5,0.63929814,0.27184466019417475,0.3674534808084803,1.2375434935092926,True,2.5,False,Bundesliga 2025_118_130_2026-01-17 14:30:00|draw,"train=ALL|bet=Bundesliga|outcome=draw|odds=[2.00,10.00)|fav=nonfavorite","train=ALL|bet=Bundesliga|outcome=draw|odds=[2.00,10.00)|fav=nonfavorite"
Bundesliga 2025_118_240_2025-09-28 17:30:00,2025-09-28 17:30:00,Bundesliga,2025,240,Union Berlin,118,Hamburger SV,d,2.23419,5.0,1.75582,15.0,386.0,14.0,2.23419,5.0,1.75582,15.0,386.0,14.0,2.0955856666666666,4.333333333333333,2.307573333333333,11.0,360.6666666666667,16.666666666666668,2.0955856666666666,4.333333333333333,2.307573333333333,11.0,360.6666666666667,16.666666666666668,1.7040445,3.5,2.1810475,10.75,366.0,17.75,1.6162226647058824,3.905882352941177,2.048555435294117,10.03529411764706,357.0058823529412,18.411764705882355,4.0,6.0,6.0,7.205882352941177,13.235294117647058,0.6,1,1,0,1.2058823529411764,1.2649353235294118,1.518587176470588,5.529411764705882,7.176470588235294,321.02941176470586,21.058823529411764,34.0,1.5,1.5,1.7040445,2.1810475,3.5,10.75,366.0,17.75,1.7040445,2.1810475,3.5,10.75,366.0,17.75,7.166666666666667,0.8802587020350322,0.3915411666666666,0.1265258333333334,1.99,3.7,3.82,118,Hamburger SV,3.32157,5.0,2.63607,13.0,225.0,19.0,3.32157,5.0,2.63607,13.0,225.0,19.0,1.540618,4.0,2.5090966666666668,14.333333333333334,278.0,15.0,1.540618,4.0,2.5090966666666668,14.333333333333334,278.0,15.0,1.22686175,4.0,2.136115,12.25,287.75,16.0,1.22686175,4.0,2.136115,12.25,287.75,16.0,4.0,4.0,4.0,4.0,4.0,0.4,1,1,0,,,,,,,,,1.0,1.0,1.22686175,2.136115,4.0,12.25,287.75,16.0,1.22686175,2.136115,4.0,12.25,287.75,16.0,8.166666666666666,0.8150877633899892,0.3137562500000002,0.3729816666666665,-0.9999999999999992,0.8775510204081634,2.0,2.0,3.2058823529411766,9.235294117647058,0.0651709386450429,0.0777849166666664,-0.2464558333333331,,,,0.5,-1.08738,0.8802500000000002,0.0,-161.0,-1.08738,0.8802500000000002,0.0,-161.0,0.5549676666666665,0.2015233333333332,0.333333333333333,-82.66666666666669,0.5549676666666665,0.2015233333333332,0.333333333333333,-82.66666666666669,0.4771827500000001,-0.0449324999999998,-0.5,-78.25,0.3893609147058825,0.0875595647058826,-0.0941176470588232,-69.25588235294117,1.0345629377963823,0.4857244972301264,0.261241013375122,0.2530344893947517,0.2326900078353747,0.738758986624878,0.4857244972301264,0.2244834838550043,1.0491426796212928,1,1495.2147124181604,1485.148447059754,10.066265358406326,0.5994883880913753,draw,3.7,0.5108169,0.26124101337512196,0.2495758587447816,0.8900224268436432,True,2.7,False,Bundesliga 2025_118_240_2025-09-28 17:30:00|draw,"train=ALL|bet=Bundesliga|outcome=draw|odds=[2.00,10.00)|fav=nonfavorite","train=ALL|bet=Bundesliga|outcome=draw|odds=[2.00,10.00)|fav=nonfavorite"
Bundesliga 2025_118_240_2026-02-14 14:30:00,2026-02-14 14:30:00,Bundesliga,2025,118,Hamburger SV,240,Union Berlin,w,1.55106,11.0,1.04614,6.0,232.0,16.0,1.55106,11.0,1.04614,6.0,232.0,16.0,1.5097423333333335,7.0,1.215747,6.666666666666667,277.3333333333333,19.33333333333333,1.5097423333333335,7.0,1.215747,6.666666666666667,277.3333333333333,19.33333333333333,1.3284178,6.8,1.4317866,5.8,268.4,17.8,1.3284178,6.8,1.4317866,5.8,268.4,17.8,20.0,6.0,13.0,6.0,13.0,-0.1,1,4,0,,,,,,,,,1.1,1.1,1.3240786999999998,1.6234541,5.55,7.6,264.25,17.65,1.3240786999999998,1.6234541,5.55,7.6,264.25,17.65,7.0,0.90333026237629,0.1694762083333336,-0.2732346249999999,2.5,3.25,2.9,240,Union Berlin,1.27118,4.0,0.296813,3.0,411.0,22.0,1.27118,4.0,0.296813,3.0,411.0,22.0,1.164554,3.333333333333333,1.358831,4.0,275.6666666666667,22.33333333333333,1.164554,3.333333333333333,1.358831,4.0,275.6666666666667,22.33333333333333,1.4239204,5.6,1.3667644,4.6,267.6,23.4,1.4239204,5.6,1.3667644,4.6,267.6,23.4,21.0,3.0,10.0,3.0,10.0,-0.4,0,1,6,1.2058823529411764,1.2649353235294118,1.518587176470588,5.529411764705882,7.176470588235294,321.02941176470586,21.058823529411764,34.0,1.1904761904761905,1.1904761904761905,1.477674619047619,1.3841349523809523,5.0,6.523809523809524,322.7142857142857,20.61904761904762,1.477674619047619,1.3841349523809523,5.0,6.523809523809524,322.7142857142857,20.61904761904762,7.791666666666667,0.4213718687615724,-0.5505212500000001,0.162390875,-0.791666666666667,0.8983957219251336,3.0,3.0,3.0,3.0,0.4819583936147176,0.7199974583333337,-0.4356255,,,,-0.0904761904761903,0.2798800000000001,-0.7493270000000001,7.0,179.0,0.2798800000000001,-0.7493270000000001,7.0,179.0,0.3451883333333336,0.143084,3.6666666666666665,-1.6666666666666288,0.3451883333333336,0.143084,3.6666666666666665,-1.6666666666666288,-0.0955025999999998,-0.0650222000000002,1.2000000000000002,-0.7999999999999545,-0.0955025999999998,-0.0650222000000002,1.2000000000000002,-0.7999999999999545,1.0525198938992042,0.3800403225806452,0.2923387096774194,0.3276209677419355,0.0524193548387096,0.7076612903225806,0.3800403225806452,0.0524193548387096,1.0928026560858652,2,1483.678181435789,1487.9378189480444,-4.259637512255495,0.5795356099675187,draw,3.25,0.5207213,0.2923387096774194,0.22838260666016608,0.6923442780971527,False,-1.0,False,Bundesliga 2025_118_240_2026-02-14 14:30:00|draw,"train=ALL|bet=Bundesliga|outcome=draw|odds=[2.00,10.00)|fav=nonfavorite","train=ALL|bet=Bundesliga|outcome=draw|odds=[2.00,10.00)|fav=nonfavorite"
Bundesliga 2025_118_288_2026-01-23 19:30:00,2026-01-23 19:30:00,Bundesliga,2025,288,St. Pauli,118,Hamburger SV,d,0.532613,4.0,2.5477,6.0,392.0,16.0,0.532613,4.0,2.5477,6.0,392.0,16.0,0.6571906666666667,3.333333333333333,2.0672333333333333,5.666666666666667,332.3333333333333,12.0,0.6571906666666667,3.333333333333333,2.0672333333333333,5.666666666666667,332.3333333333333,12.0,0.6231774,4.0,2.000038,6.4,337.2,10.6,0.6231774,4.0,2.000038,6.4,337.2,10.6,17.0,5.0,5.0,5.0,5.0,0.5,-2,0,3,0.9411764705882352,1.1609962,1.573424294117647,4.529411764705882,6.941176470588236,323.29411764705884,18.852941176470587,34.0,0.7058823529411765,0.7058823529411765,0.9012639411764706,1.8871984705882356,5.470588235294118,6.529411764705882,339.1764705882353,18.88235294117647,0.9012639411764706,1.8871984705882356,5.470588235294118,6.529411764705882,339.1764705882353,18.88235294117647,6.208333333333333,1.6046795016620694,0.0239304166666667,0.2417807083333334,2.88,2.9,2.75,118,Hamburger SV,1.26205,11.0,0.576522,3.0,244.0,22.0,1.26205,11.0,0.576522,3.0,244.0,22.0,1.0701840000000002,6.0,1.5343539999999998,5.666666666666667,274.0,18.0,1.0701840000000002,6.0,1.5343539999999998,5.666666666666667,274.0,18.0,1.2385803999999998,6.0,1.6529224,6.6,273.0,18.2,1.2385803999999998,6.0,1.6529224,6.6,273.0,18.2,17.0,5.0,9.0,5.0,9.0,0.0999999999999999,0,1,4,,,,,,,,,1.0,1.0,1.2913145294117647,1.6954024117647055,5.294117647058823,7.764705882352941,261.94117647058823,17.352941176470587,1.2913145294117647,1.6954024117647055,5.294117647058823,7.764705882352941,261.94117647058823,17.352941176470587,6.208333333333333,0.8073759279886271,-0.1024847499999996,-0.0179062500000002,0.0,1.0,0.0,-4.0,0.0,-4.0,0.7973035736734423,0.1264151666666664,0.2596869583333336,,,,-0.2941176470588235,-0.7294369999999999,-1.971178,-7.0,-148.0,-0.7294369999999999,-1.971178,-7.0,-148.0,-0.4129933333333335,-0.5328793333333335,-2.6666666666666665,-58.333333333333314,-0.4129933333333335,-0.5328793333333335,-2.6666666666666665,-58.333333333333314,-0.6154029999999998,-0.3471155999999999,-2.0,-64.19999999999999,-0.6154029999999998,-0.3471155999999999,-2.0,-64.19999999999999,1.0556861720654824,0.3289066688662515,0.3266383470120015,0.344454984121747,-0.0155483152554955,0.6733616529879984,0.344454984121747,0.0155483152554955,1.0983315687257595,1,1420.7821056289688,1468.7247421125192,-47.94263648355036,0.5173449782966512,draw,2.9,0.59739536,0.3266383470120015,0.2707570134578166,0.7324465453624724,True,1.9,False,Bundesliga 2025_118_288_2026-01-23 19:30:00|draw,"train=ALL|bet=Bundesliga|outcome=draw|odds=[2.00,10.00)|fav=nonfavorite","train=ALL|bet=Bundesliga|outcome=draw|odds=[2.00,10.00)|fav=nonfavorite"
Bundesliga 2025_119_120_2026-01-17 14:30:00,2026-01-17 14:30:00,Bundesliga,2025,120,Hoffenheim,119,Bayer Leverkusen,w,4.3777,14.0,0.83294,3.0,189.0,26.0,4.3777,14.0,0.83294,3.0,189.0,26.0,2.3399783333333333,11.0,1.2331066666666668,2.6666666666666665,212.0,29.33333333333333,2.3399783333333333,11.0,1.2331066666666668,2.6666666666666665,212.0,29.33333333333333,2.0479390000000004,9.6,1.0912571999999998,4.0,202.6,27.6,2.0479390000000004,9.6,1.0912571999999998,4.0,202.6,27.6,16.0,10.0,23.0,10.0,23.0,-0.2999999999999998,1,3,0,0.9411764705882352,1.3799767941176473,1.8788916764705883,6.176470588235294,9.029411764705882,255.2058823529412,20.88235294117647,34.0,1.875,1.875,1.843743,1.5198224375,7.75,4.3125,216.5,26.125,1.843743,1.5198224375,7.75,4.3125,216.5,26.125,2.7916666666666665,0.9765915878376658,0.4087114583333333,-0.1801990833333333,2.4,3.8,2.7,119,Bayer Leverkusen,1.98318,9.0,2.68822,7.0,216.0,14.0,1.98318,9.0,2.68822,7.0,216.0,14.0,2.3276533333333336,8.0,1.688025,6.0,240.0,16.333333333333332,2.3276533333333336,8.0,1.688025,6.0,240.0,16.333333333333332,1.896944,8.6,1.672259,5.4,222.0,15.4,1.896944,8.6,1.672259,5.4,222.0,15.4,16.0,6.0,18.0,6.0,18.0,-0.6000000000000001,-1,0,1,2.0294117647058822,1.85406745,1.2186529588235293,8.088235294117647,4.852941176470588,227.55882352941177,18.58823529411765,34.0,1.8125,1.8125,2.140894,1.368301875,7.625,5.8125,227.5625,16.6875,2.140894,1.368301875,7.625,5.8125,227.5625,16.6875,6.875,0.6325964287155977,0.4082340833333335,0.0895984999999999,-4.083333333333334,0.406060606060606,4.0,5.0,4.0,5.0,0.343995159122068,0.0004773749999997,-0.2697975833333332,-1.088235294117647,-0.4740906558823528,-0.660238717647059,0.0625,2.39452,1.85528,5.0,27.0,2.39452,1.85528,5.0,27.0,0.0123249999999996,0.4549183333333331,3.0,28.0,0.0123249999999996,0.4549183333333331,3.0,28.0,0.1509950000000004,0.5810018000000001,1.0,19.40000000000001,0.1509950000000004,0.5810018000000001,1.0,19.40000000000001,1.0501949317738792,0.3967517401392111,0.2505800464037123,0.3526682134570765,0.0440835266821346,0.7494199535962878,0.3967517401392111,0.0440835266821346,1.0811324987812314,2,1530.3653030886512,1622.7967352269536,-92.4314321383024,0.4534625042948937,draw,3.8,0.49502668,0.2505800464037123,0.24444663144319628,0.8811013758182524,False,-1.0,False,Bundesliga 2025_119_120_2026-01-17 14:30:00|draw,"train=ALL|bet=Bundesliga|outcome=draw|odds=[2.00,10.00)|fav=nonfavorite","train=ALL|bet=Bundesliga|outcome=draw|odds=[2.00,10.00)|fav=nonfavorite"
Bundesliga 2025_119_123_2026-01-24 14:30:00,2026-01-24 14:30:00,Bundesliga,2025,119,Bayer Leverkusen,123,Werder Bremen,w,1.27048,6.0,2.11995,9.0,160.0,16.0,1.27048,6.0,2.11995,9.0,160.0,16.0,1.9861466666666665,8.333333333333334,2.2491533333333336,7.666666666666667,215.66666666666663,15.0,1.9861466666666665,8.333333333333334,2.2491533333333336,7.666666666666667,215.66666666666663,15.0,1.934466,8.6,1.865009,6.6,215.4,16.8,1.934466,8.6,1.865009,6.6,215.4,16.8,17.0,6.0,15.0,6.0,15.0,-0.3,-2,0,2,2.0294117647058822,1.85406745,1.2186529588235293,8.088235294117647,4.852941176470588,227.55882352941177,18.58823529411765,34.0,1.7058823529411764,1.7058823529411764,2.089693176470588,1.4125164705882352,7.529411764705882,6.0,223.58823529411765,16.647058823529413,2.089693176470588,1.4125164705882352,7.529411764705882,6.0,223.58823529411765,16.647058823529413,7.0,0.6203262294999936,-0.0442358333333334,0.6711018333333334,1.62,4.2,5.25,123,Werder Bremen,2.10111,12.0,1.20772,5.0,179.0,17.0,2.10111,12.0,1.20772,5.0,179.0,17.0,1.1358166666666667,6.666666666666667,1.6731733333333334,6.0,226.66666666666663,20.666666666666668,1.1358166666666667,6.666666666666667,1.6731733333333334,6.0,226.66666666666663,20.666666666666668,1.0377676,6.2,1.729748,7.8,248.2,21.6,1.0377676,6.2,1.729748,7.8,248.2,21.6,17.0,2.0,10.0,2.0,10.0,-0.6,0,1,7,1.5,1.654772,1.6268642647058822,8.205882352941176,7.176470588235294,275.47058823529414,20.08823529411765,34.0,1.0588235294117647,1.0588235294117647,1.2698991176470589,1.9253784705882355,6.647058823529412,8.470588235294118,265.11764705882354,18.352941176470587,1.2698991176470589,1.9253784705882355,6.647058823529412,8.470588235294118,265.11764705882354,18.352941176470587,7.791666666666667,0.3854427522336517,-0.0135520833333333,0.0558975833333335,-0.791666666666667,0.8983957219251336,4.0,5.0,4.0,5.0,0.2348834772663418,-0.0306837500000001,0.6152042499999999,0.5294117647058822,0.1992954500000001,0.4082113058823529,0.6470588235294117,-0.8306299999999998,-0.91223,-6.0,19.0,-0.8306299999999998,-0.91223,-6.0,19.0,0.8503299999999998,-0.5759800000000002,1.666666666666667,11.0,0.8503299999999998,-0.5759800000000002,1.666666666666667,11.0,0.8966984,-0.1352609999999998,2.3999999999999995,32.79999999999998,0.8966984,-0.1352609999999998,2.3999999999999995,32.79999999999998,1.0458553791887124,0.5902192242833053,0.2276559865092748,0.1821247892074199,0.4080944350758854,0.7723440134907251,0.5902192242833053,0.3625632377740304,0.9582823050891006,2,1611.8659853128515,1497.6933059253165,114.17267938753524,0.7315731028315561,draw,4.2,0.35774368,0.22765598650927488,0.13008769396786746,0.5025234580039979,False,-1.0,False,Bundesliga 2025_119_123_2026-01-24 14:30:00|draw,"train=Bundesliga|bet=Bundesliga|outcome=draw|odds=[4.00,10.00)|fav=nonfavorite","train=Bundesliga|bet=Bundesliga|outcome=draw|odds=[4.00,10.00)|fav=nonfavorite"
Bundesliga 2025_119_125_2026-02-28 14:30:00,2026-02-28 14:30:00,Bundesliga,2025,119,Bayer Leverkusen,125,Mainz 05,d,1.20274,8.0,0.757702,6.0,155.0,16.0,1.20274,8.0,0.757702,6.0,155.0,16.0,1.401479,7.666666666666667,0.7319876666666666,4.666666666666667,226.33333333333331,18.33333333333333,1.401479,7.666666666666667,0.7319876666666666,4.666666666666667,226.33333333333331,18.33333333333333,1.6499894000000002,7.0,0.8376878,6.4,259.6,18.2,1.6499894000000002,7.0,0.8376878,6.4,259.6,18.2,22.0,10.0,16.0,10.0,16.0,0.3999999999999999,-1,0,1,2.0294117647058822,1.85406745,1.2186529588235293,8.088235294117647,4.852941176470588,227.55882352941177,18.58823529411765,34.0,1.7727272727272727,1.7727272727272727,1.9897605,1.2818735909090908,7.409090909090909,6.090909090909091,231.77272727272728,17.0,1.9897605,1.2818735909090908,7.409090909090909,6.090909090909091,231.77272727272728,17.0,7.0,1.2121289989848263,-0.3745693749999998,-0.6349997083333333,1.7,4.0,4.5,125,Mainz 05,1.75215,5.0,0.823398,3.0,235.0,20.0,1.75215,5.0,0.823398,3.0,235.0,20.0,2.1435666666666666,5.333333333333333,1.331016,4.0,294.6666666666667,18.666666666666668,2.1435666666666666,5.333333333333333,1.331016,4.0,294.6666666666667,18.666666666666668,2.669894,5.0,1.4361296,5.8,288.6,21.2,2.669894,5.0,1.4361296,5.8,288.6,21.2,23.0,10.0,16.0,10.0,16.0,0.3999999999999999,0,1,2,1.5294117647058822,1.6417982941176472,1.5045575294117646,7.558823529411764,6.352941176470588,225.52941176470588,22.91176470588235,34.0,0.9565217391304348,0.9565217391304348,1.6582681782608697,1.9043732173913044,6.826086956521739,7.391304347826087,262.1304347826087,21.956521739130437,1.6582681782608697,1.9043732173913044,6.826086956521739,7.391304347826087,262.1304347826087,21.956521739130437,7.791666666666667,0.7490934096447954,-0.2041808333333334,-0.4789200000000002,-0.791666666666667,0.8983957219251336,0.0,0.0,0.0,0.0,0.4630355893400308,-0.1703885416666664,-0.156079708333333,0.5,0.2122691558823528,0.2859045705882352,0.8162055335968379,-0.5494100000000002,0.0656959999999999,3.0,80.0,-0.5494100000000002,0.0656959999999999,3.0,80.0,-0.7420876666666665,0.5990283333333334,2.333333333333334,68.33333333333334,-0.7420876666666665,0.5990283333333334,2.333333333333334,68.33333333333334,-1.0199045999999996,0.5984417999999999,2.0,29.0,-1.0199045999999996,0.5984417999999999,2.0,29.0,1.0604575163398693,0.5546995377503853,0.2357473035439137,0.209553158705701,0.3451463790446842,0.7642526964560863,0.5546995377503853,0.3189522342064715,0.9950390067577084,1,1615.4997773071489,1488.511610265757,126.98816704139152,0.7458102953222333,draw,4.0,0.47599098,0.2357473035439137,0.24024367731965746,0.9039639234542847,True,3.0,False,Bundesliga 2025_119_125_2026-02-28 14:30:00|draw,"train=Bundesliga|bet=Bundesliga|outcome=draw|odds=[4.00,10.00)|fav=nonfavorite","train=Bundesliga|bet=Bundesliga|outcome=draw|odds=[4.00,10.00)|fav=nonfavorite"
Bundesliga 2025_119_130_2025-09-21 15:30:00,2025-09-21 15:30:00,Bundesliga,2025,119,Bayer Leverkusen,130,Borussia M.Gladbach,d,2.31465,3.0,0.791863,2.0,243.0,23.0,2.31465,3.0,0.791863,2.0,243.0,23.0,1.8015033333333332,4.333333333333333,1.207938666666667,6.0,249.66666666666663,18.33333333333333,1.8015033333333332,4.333333333333333,1.207938666666667,6.0,249.66666666666663,18.33333333333333,1.8015033333333332,4.333333333333333,1.207938666666667,6.0,249.66666666666663,18.33333333333333,1.82252898,5.8352941176470585,1.2122243835294118,5.541176470588235,240.8235294117647,18.43529411764706,3.0,4.0,4.0,8.058823529411764,18.20588235294117,0.4,1,2,0,2.0294117647058822,1.85406745,1.2186529588235293,8.088235294117647,4.852941176470588,227.55882352941177,18.58823529411765,34.0,1.3333333333333333,1.3333333333333333,1.8015033333333332,1.207938666666667,4.333333333333333,6.0,249.66666666666663,18.33333333333333,1.8015033333333332,1.207938666666667,4.333333333333333,6.0,249.66666666666663,18.33333333333333,8.875,0.7401226011719614,0.0,0.0,1.56,4.77,5.33,130,Borussia M.Gladbach,1.58932,16.0,2.24671,7.0,256.0,32.0,1.58932,16.0,2.24671,7.0,256.0,32.0,1.404553333333333,10.0,1.1524693333333331,5.333333333333333,256.0,26.33333333333333,1.404553333333333,10.0,1.1524693333333331,5.333333333333333,256.0,26.33333333333333,1.404553333333333,10.0,1.1524693333333331,5.333333333333333,256.0,26.33333333333333,1.4716377411764707,8.48235294117647,1.4853536470588236,6.858823529411765,258.235294117647,22.76470588235294,3.0,1.0,1.0,3.647058823529412,10.26470588235294,0.1,-2,0,3,1.3235294117647058,1.5722643529411766,1.9846801176470588,6.205882352941177,9.147058823529411,261.5882352941176,17.41176470588235,34.0,0.3333333333333333,0.3333333333333333,1.404553333333333,1.1524693333333331,10.0,5.333333333333333,256.0,26.33333333333333,1.404553333333333,1.1524693333333331,10.0,5.333333333333333,256.0,26.33333333333333,7.0,0.2373233720240068,0.0,0.0,1.875,1.2678571428571428,3.0,3.0,4.411764705882353,7.941176470588234,0.5027992291479546,0.0,0.0,0.7058823529411764,0.2818030970588234,0.7660271588235295,1.0,0.7253299999999998,1.4548470000000002,-13.0,13.0,0.7253299999999998,1.4548470000000002,-13.0,13.0,0.3969500000000001,-0.0554693333333335,-5.666666666666667,6.333333333333343,0.3969500000000001,-0.0554693333333335,-5.666666666666667,6.333333333333343,0.3969500000000001,-0.0554693333333335,-5.666666666666667,6.333333333333343,0.3508912388235292,0.2731292635294118,-2.647058823529412,17.41176470588232,1.0382865076836545,0.6173880102282413,0.2019130599488588,0.1806989298228999,0.4366890804053414,0.7980869400511412,0.6173880102282413,0.4154749502793825,0.9299463610645912,1,1623.8038458535204,1464.5227934770571,159.2810523764631,0.779418898561057,draw,4.77,0.35482377,0.2019130599488588,0.1529107081900267,0.6925093740224837,True,3.7699999999999996,False,Bundesliga 2025_119_130_2025-09-21 15:30:00|draw,"train=Bundesliga|bet=Bundesliga|outcome=draw|odds=[4.00,10.00)|fav=nonfavorite","train=Bundesliga|bet=Bundesliga|outcome=draw|odds=[4.00,10.00)|fav=nonfavorite"
Bundesliga 2025_119_132_2026-01-31 14:30:00,2026-01-31 14:30:00,Bundesliga,2025,132,Eintracht Frankfurt,119,Bayer Leverkusen,l,0.829658,5.0,1.62813,5.0,293.0,20.0,0.829658,5.0,1.62813,5.0,293.0,20.0,0.9779486666666664,3.6666666666666665,2.424616666666666,9.333333333333334,279.3333333333333,24.666666666666668,0.9779486666666664,3.6666666666666665,2.424616666666666,9.333333333333334,279.3333333333333,24.666666666666668,1.1378952,5.0,2.133962,8.4,270.4,24.0,1.1378952,5.0,2.133962,8.4,270.4,24.0,19.0,3.0,13.0,3.0,13.0,-0.7000000000000001,-1,0,5,1.7647058823529411,2.1424977058823527,1.5581718235294115,8.0,7.0588235294117645,261.8235294117647,19.558823529411764,34.0,1.4210526315789471,1.4210526315789471,1.569181789473684,1.649643105263158,6.842105263157895,6.2105263157894735,246.73684210526315,22.105263157894736,1.569181789473684,1.649643105263158,6.842105263157895,6.2105263157894735,246.73684210526315,22.105263157894736,7.0,0.5272893320004708,-0.1899907083333335,0.3528900416666665,3.0,3.8,2.2,119,Bayer Leverkusen,2.51599,6.0,0.673986,11.0,330.0,17.0,2.51599,6.0,0.673986,11.0,330.0,17.0,1.9232166666666668,7.0,1.8273853333333328,9.0,235.33333333333331,15.666666666666666,1.9232166666666668,7.0,1.8273853333333328,9.0,235.33333333333331,15.666666666666666,2.153886,7.2,1.5716021999999998,7.6,242.0,16.4,2.153886,7.2,1.5716021999999998,7.6,242.0,16.4,18.0,9.0,15.0,9.0,15.0,0.3,1,1,0,2.0294117647058822,1.85406745,1.2186529588235293,8.088235294117647,4.852941176470588,227.55882352941177,18.58823529411765,34.0,1.7777777777777777,1.7777777777777777,2.113376333333333,1.371487,7.444444444444445,6.277777777777778,229.5,16.666666666666668,2.113376333333333,1.371487,7.444444444444445,6.277777777777778,229.5,16.666666666666668,7.0,0.8356988252084188,0.0660129166666667,0.1730077083333332,0.0,1.0,-6.0,-2.0,-6.0,-2.0,-0.3084094932079479,-0.2560036250000003,0.1798823333333332,-0.2647058823529411,0.2884302558823526,-0.3395188647058822,-0.3567251461988303,-1.686332,-0.954144,-1.0,37.0,-1.686332,-0.954144,-1.0,37.0,-0.9452680000000004,-0.5972313333333334,-3.333333333333333,-43.99999999999997,-0.9452680000000004,-0.5972313333333334,-3.333333333333333,-43.99999999999997,-1.0159908,-0.5623598000000001,-2.2,-28.399999999999977,-1.0159908,-0.5623598000000001,-2.2,-28.399999999999977,1.05103668261563,0.3171471927162367,0.2503793626707132,0.4324734446130501,-0.1153262518968133,0.7496206373292869,0.4324734446130501,0.1153262518968133,1.073442383924652,0,1547.1750970741764,1617.2345232562204,-70.05942618204404,0.4855273659132775,draw,3.8,0.42078015,0.2503793626707132,0.17040078941173004,0.5989645779132842,False,-1.0,False,Bundesliga 2025_119_132_2026-01-31 14:30:00|draw,"train=ALL|bet=Bundesliga|outcome=draw|odds=[2.00,10.00)|fav=nonfavorite","train=ALL|bet=Bundesliga|outcome=draw|odds=[2.00,10.00)|fav=nonfavorite"
Bundesliga 2025_119_136_2025-12-20 17:30:00,2025-12-20 17:30:00,Bundesliga,2025,136,RasenBallsport Leipzig,119,Bayer Leverkusen,l,0.495677,0.0,1.4766,6.0,154.0,18.0,0.495677,0.0,1.4766,6.0,154.0,18.0,1.7432723333333335,5.0,0.7795906666666665,5.666666666666667,221.33333333333331,19.666666666666668,1.7432723333333335,5.0,0.7795906666666665,5.666666666666667,221.33333333333331,19.666666666666668,1.8440054000000003,7.6,1.0074268,6.0,243.0,18.8,1.8440054000000003,7.6,1.0074268,6.0,243.0,18.8,14.0,7.0,20.0,7.0,20.0,-0.6000000000000001,-1,0,1,1.5,1.5392821176470588,1.8932451176470588,8.382352941176471,8.0,251.8235294117647,20.91176470588235,34.0,2.071428571428572,2.071428571428572,1.9766647857142856,1.2669190714285714,8.285714285714286,7.785714285714286,268.35714285714283,18.428571428571427,1.9766647857142856,1.2669190714285714,8.285714285714286,7.785714285714286,268.35714285714283,18.428571428571427,7.916666666666667,0.7592168655515631,-0.1073810416666667,-0.2254050833333334,2.15,3.8,3.28,119,Bayer Leverkusen,2.295,5.0,0.436565,4.0,233.0,20.0,2.295,5.0,0.436565,4.0,233.0,20.0,1.59892,8.0,1.244595,4.333333333333333,207.66666666666663,16.0,1.59892,8.0,1.244595,4.333333333333333,207.66666666666663,16.0,2.056924,8.8,1.1753904,4.0,215.2,15.8,2.056924,8.8,1.1753904,4.0,215.2,15.8,14.0,9.0,21.0,9.0,21.0,-0.3,1,1,0,2.0294117647058822,1.85406745,1.2186529588235293,8.088235294117647,4.852941176470588,227.55882352941177,18.58823529411765,34.0,1.8571428571428568,1.8571428571428568,2.1118817142857145,1.2332371428571427,7.357142857142857,5.642857142857143,225.28571428571428,17.0,2.1118817142857145,1.2332371428571427,7.357142857142857,5.642857142857143,225.28571428571428,17.0,7.0,0.8750931000975152,-0.5973155000000003,-0.0469773749999999,0.916666666666667,1.130952380952381,-2.0,-1.0,-2.0,-1.0,-0.115876234545952,0.4899344583333336,-0.1784277083333334,-0.5294117647058822,-0.3147853323529412,-0.6745921588235295,0.2142857142857144,-1.799323,-1.040035,-5.0,79.0,-1.799323,-1.040035,-5.0,79.0,0.1443523333333336,0.4650043333333336,-3.0,-13.666666666666686,0.1443523333333336,0.4650043333333336,-3.0,-13.666666666666686,-0.2129185999999996,0.1679636,-1.200000000000001,-27.80000000000001,-0.2129185999999996,0.1679636,-1.200000000000001,-27.80000000000001,1.0331522225870973,0.4501914324929567,0.2547135736473307,0.2950949938597125,0.1550964386332442,0.7452864263526693,0.4501914324929567,0.1550964386332442,1.0677911433463416,0,1589.6764211676534,1625.9128361486726,-36.23641498101915,0.5341453187012061,draw,3.8,0.43321747,0.25471357364733077,0.1785038922302022,0.6462263703346252,False,-1.0,False,Bundesliga 2025_119_136_2025-12-20 17:30:00|draw,"train=ALL|bet=Bundesliga|outcome=draw|odds=[2.00,10.00)|fav=nonfavorite","train=ALL|bet=Bundesliga|outcome=draw|odds=[2.00,10.00)|fav=nonfavorite"
Bundesliga 2025_119_280_2025-11-08 14:30:00,2025-11-08 14:30:00,Bundesliga,2025,119,Bayer Leverkusen,280,FC Heidenheim,w,0.382774,5.0,2.28295,11.0,287.0,10.0,0.382774,5.0,2.28295,11.0,287.0,10.0,2.428421333333333,9.0,1.485209,8.333333333333334,221.66666666666663,15.0,2.428421333333333,9.0,1.485209,8.333333333333334,221.66666666666663,15.0,2.3862228,7.4,1.2931583999999998,6.6,214.2,16.2,2.3862228,7.4,1.2931583999999998,6.6,214.2,16.2,9.0,12.0,17.0,12.0,19.029411764705884,0.7,-1,0,1,2.0294117647058822,1.85406745,1.2186529588235293,8.088235294117647,4.852941176470588,227.55882352941177,18.58823529411765,34.0,1.8888888888888888,1.8888888888888888,2.1424137777777776,1.2653742222222222,6.555555555555555,6.555555555555555,230.88888888888889,17.666666666666668,2.1424137777777776,1.2653742222222222,6.555555555555555,6.555555555555555,230.88888888888889,17.666666666666668,6.875,1.0057736435167937,0.1497720833333331,0.124812125,1.41,5.1,7.57,280,FC Heidenheim,0.831882,2.0,1.22406,12.0,378.0,18.0,0.831882,2.0,1.22406,12.0,378.0,18.0,1.6035156666666666,6.333333333333333,1.83608,9.0,301.0,19.33333333333333,1.6035156666666666,6.333333333333333,1.83608,9.0,301.0,19.33333333333333,1.3784918,5.8,1.4471766,7.2,295.8,20.6,1.3784918,5.8,1.4471766,7.2,295.8,20.6,9.0,5.0,5.0,5.0,5.852941176470588,0.5,0,1,4,0.8529411764705882,1.2635945588235291,1.8922796764705885,6.088235294117647,9.117647058823527,299.0,18.529411764705884,34.0,0.5555555555555556,0.5555555555555556,1.2867436666666667,2.1424214444444445,5.222222222222222,9.333333333333334,287.3333333333333,18.0,1.2867436666666667,2.1424214444444445,5.222222222222222,9.333333333333334,287.3333333333333,18.0,7.0,0.7254305029996653,0.2538235416666665,-0.2519966250000001,-0.125,0.9821428571428572,7.0,12.0,7.0,13.176470588235295,0.2803431405171284,-0.1040514583333334,0.3768087500000001,1.176470588235294,0.5904728911764707,0.673626717647059,1.3333333333333333,-0.449108,-1.05889,3.0,91.0,-0.449108,-1.05889,3.0,91.0,0.8249056666666665,0.3508709999999997,2.666666666666667,79.33333333333334,0.8249056666666665,0.3508709999999997,2.666666666666667,79.33333333333334,1.0077309999999997,0.1540182000000003,1.6000000000000003,81.60000000000002,1.0077309999999997,0.1540182000000003,1.6000000000000003,81.60000000000002,1.0373986858297664,0.6836521655979898,0.1890097163712089,0.1273381180308012,0.5563140475671886,0.810990283628791,0.6836521655979898,0.4946424492267808,0.8373113896804958,2,1637.593115128381,1421.7767492413218,215.8163658870592,0.8302960155682383,draw,5.1,0.41732115,0.18900971637120895,0.22831142916330643,1.1283378422260282,False,-1.0,False,Bundesliga 2025_119_280_2025-11-08 14:30:00|draw,"train=Bundesliga|bet=Bundesliga|outcome=draw|odds=[4.00,10.00)|fav=nonfavorite","train=Bundesliga|bet=Bundesliga|outcome=draw|odds=[4.00,10.00)|fav=nonfavorite"
Bundesliga 2025_119_288_2026-02-14 14:30:00,2026-02-14 14:30:00,Bundesliga,2025,119,Bayer Leverkusen,288,St. Pauli,w,0.741257,7.0,0.783478,6.0,299.0,22.0,0.741257,7.0,0.783478,6.0,299.0,22.0,1.595589,6.333333333333333,0.925318,8.0,306.0,19.33333333333333,1.595589,6.333333333333333,0.925318,8.0,306.0,19.33333333333333,1.6080853999999998,6.8,1.5168248,8.0,258.8,17.6,1.6080853999999998,6.8,1.5168248,8.0,258.8,17.6,20.0,7.0,16.0,7.0,16.0,-0.2000000000000001,0,3,1,2.0294117647058822,1.85406745,1.2186529588235293,8.088235294117647,4.852941176470588,227.55882352941177,18.58823529411765,34.0,1.8,1.8,2.01557755,1.3394366999999998,7.35,6.3,235.95,17.05,2.01557755,1.3394366999999998,7.35,6.3,235.95,17.05,6.875,0.8706005289432265,-0.2117981249999998,-0.587306875,1.45,3.75,6.5,288,St. Pauli,1.66217,8.0,0.912627,6.0,415.0,15.0,1.66217,8.0,0.912627,6.0,415.0,15.0,1.9599766666666667,6.333333333333333,1.6965023333333331,7.333333333333333,338.3333333333333,23.666666666666668,1.9599766666666667,6.333333333333333,1.6965023333333331,7.333333333333333,338.3333333333333,23.666666666666668,1.3449068,5.0,1.5940808,6.8,361.6,21.0,1.3449068,5.0,1.5940808,6.8,361.6,21.0,21.0,5.0,10.0,5.0,10.0,0.0,1,1,0,0.9411764705882352,1.1609962,1.573424294117647,4.529411764705882,6.941176470588236,323.29411764705884,18.852941176470587,34.0,0.8095238095238095,0.8095238095238095,1.024448,1.785956095238095,5.428571428571429,6.619047619047619,342.0,19.52380952380953,1.024448,1.785956095238095,5.428571428571429,6.619047619047619,342.0,19.52380952380953,7.0,0.7435459467163753,0.8144937916666668,0.0066518333333334,-0.125,0.9821428571428572,2.0,6.0,2.0,6.0,0.1270545822268511,-1.0262919166666666,-0.5939587083333334,1.088235294117647,0.69307125,0.3547713352941177,0.9904761904761904,-0.920913,0.1291489999999999,-1.0,116.0,-0.920913,0.1291489999999999,-1.0,116.0,-0.3643876666666665,0.7711843333333334,0.0,32.333333333333314,-0.3643876666666665,0.7711843333333334,0.0,32.333333333333314,0.2631785999999998,0.0772559999999999,1.7999999999999998,102.8,0.2631785999999998,0.0772559999999999,1.7999999999999998,102.8,1.1101679929266135,0.6212169480726347,0.2402038865880854,0.13857916533928,0.4826377827333546,0.7597961134119147,0.6212169480726347,0.3810130614845493,0.9122166006332018,2,1624.2408566086249,1429.596389819756,194.6444667888686,0.8124259975903078,draw,3.75,0.41781357,0.24020388658808536,0.1776096827192419,0.5668008849024773,False,-1.0,False,Bundesliga 2025_119_288_2026-02-14 14:30:00|draw,"train=ALL|bet=Bundesliga|outcome=draw|odds=[2.00,10.00)|fav=nonfavorite","train=ALL|bet=Bundesliga|outcome=draw|odds=[2.00,10.00)|fav=nonfavorite"
Bundesliga 2025_120_129_2025-12-07 16:30:00,2025-12-07 16:30:00,Bundesliga,2025,129,Borussia Dortmund,120,Hoffenheim,w,1.1562,3.0,1.08287,6.0,392.0,21.0,1.1562,3.0,1.08287,6.0,392.0,21.0,1.9110866666666668,7.666666666666667,1.104056,5.0,308.3333333333333,24.0,1.9110866666666668,7.666666666666667,1.104056,5.0,308.3333333333333,24.0,1.6825412,9.2,0.9974598,3.8,262.6,23.0,1.6825412,9.2,0.9974598,3.8,262.6,23.0,12.0,11.0,21.0,11.0,21.0,0.1,1,5,0,1.6764705882352942,2.021748470588235,1.4212692058823528,8.088235294117647,6.294117647058823,209.14705882352945,20.47058823529412,34.0,2.083333333333333,2.083333333333333,1.6894190833333331,1.0988773333333333,10.333333333333334,4.166666666666667,254.41666666666663,21.666666666666668,1.6894190833333331,1.0988773333333333,10.333333333333334,4.166666666666667,254.41666666666663,21.666666666666668,7.958333333333333,1.3075459903974362,0.3802592916666667,-0.0800887499999998,1.63,4.55,4.89,120,Hoffenheim,1.79612,11.0,0.655496,5.0,200.0,29.0,1.79612,11.0,0.655496,5.0,200.0,29.0,1.75455,11.333333333333334,1.7014953333333331,7.666666666666667,214.66666666666663,27.0,1.75455,11.333333333333334,1.7014953333333331,7.666666666666667,214.66666666666663,27.0,1.886872,9.6,1.4815942000000002,5.8,211.0,26.8,1.886872,9.6,1.4815942000000002,5.8,211.0,26.8,12.0,13.0,20.0,13.0,20.0,0.6000000000000001,1,6,0,0.9411764705882352,1.3799767941176473,1.8788916764705883,6.176470588235294,9.029411764705882,255.2058823529412,20.88235294117647,34.0,1.9166666666666667,1.9166666666666667,1.75469275,1.6263640833333337,7.25,4.5,220.91666666666663,25.75,1.75469275,1.6263640833333337,7.25,4.5,220.91666666666663,25.75,8.083333333333334,1.3779419058231888,-0.1068674999999999,0.3455742083333331,-0.1250000000000009,0.9845360824742267,-2.0,1.0,-2.0,1.0,-0.0703959154257525,0.4871267916666666,-0.4256629583333329,0.7352941176470589,0.6417716764705879,0.4576224705882354,0.1666666666666667,-0.63992,-0.427374,-8.0,-192.0,-0.63992,-0.427374,-8.0,-192.0,0.1565366666666667,0.597439333333333,-3.666666666666667,-93.66666666666666,0.1565366666666667,0.597439333333333,-3.666666666666667,-93.66666666666666,-0.2043307999999999,0.4841344000000002,-0.4000000000000003,-51.60000000000002,-0.2043307999999999,0.4841344000000002,-0.4000000000000003,-51.60000000000002,1.0377761298006698,0.5911650064963186,0.2117799913382416,0.1970550021654395,0.394110004330879,0.7882200086617583,0.5911650064963186,0.379385015158077,0.9595493096247804,2,1617.2661178417277,1518.6077364597957,98.65838138193205,0.7136772298397743,draw,4.55,0.35561672,0.21177999133824163,0.14383672719241328,0.6180560693144799,False,-1.0,False,Bundesliga 2025_120_129_2025-12-07 16:30:00|draw,"train=ALL|bet=Bundesliga|outcome=draw|odds=[2.00,10.00)|fav=nonfavorite","train=ALL|bet=Bundesliga|outcome=draw|odds=[2.00,10.00)|fav=nonfavorite"
Bundesliga 2025_120_130_2026-01-14 19:30:00,2026-01-14 19:30:00,Bundesliga,2025,120,Hoffenheim,130,Borussia M.Gladbach,w,0.154175,6.0,1.46116,1.0,200.0,24.0,0.154175,6.0,1.46116,1.0,200.0,24.0,1.3552916666666668,7.666666666666667,1.3226166666666668,4.0,208.0,27.666666666666668,1.3552916666666668,7.666666666666667,1.3226166666666668,4.0,208.0,27.666666666666668,1.481207,10.4,1.5020932,5.4,199.8,26.2,1.481207,10.4,1.5020932,5.4,199.8,26.2,15.0,8.0,20.0,8.0,20.0,-0.3999999999999999,0,2,1,0.9411764705882352,1.3799767941176473,1.8788916764705883,6.176470588235294,9.029411764705882,255.2058823529412,20.88235294117647,34.0,1.8,1.8,1.6748125333333332,1.5656146,7.333333333333333,4.4,218.33333333333331,26.133333333333333,1.6748125333333332,1.5656146,7.333333333333333,4.4,218.33333333333331,26.133333333333333,25.20833333333333,1.0802001339339875,-0.3322377083333332,-0.0993609583333332,1.85,4.05,4.05,130,Borussia M.Gladbach,3.57201,12.0,1.57502,4.0,274.0,24.0,3.57201,12.0,1.57502,4.0,274.0,24.0,1.4712216666666666,9.666666666666666,1.98346,6.666666666666667,288.6666666666667,22.0,1.4712216666666666,9.666666666666666,1.98346,6.666666666666667,288.6666666666667,22.0,1.3411035999999998,7.6,1.627202,7.6,304.8,18.8,1.3411035999999998,7.6,1.627202,7.6,304.8,18.8,16.0,7.0,16.0,7.0,16.0,-0.2000000000000001,1,1,0,1.3235294117647058,1.5722643529411766,1.9846801176470588,6.205882352941177,9.147058823529411,261.5882352941176,17.41176470588235,34.0,1.1875,1.1875,1.5681260625,1.595233875,8.25,7.9375,294.5,19.375,1.5681260625,1.595233875,8.25,7.9375,294.5,19.375,3.208333333333333,1.043916368423153,-0.4775830833333332,0.5507361250000002,22.0,7.857142857142857,1.0,4.0,1.0,4.0,0.0362837655108345,0.145345375,-0.6500970833333335,-0.3823529411764705,-0.1922875588235293,0.1057884411764704,0.6125,-3.417835,0.11386,-6.0,74.0,-3.417835,0.11386,-6.0,74.0,-0.1159299999999998,0.6608433333333334,-1.9999999999999991,80.66666666666669,-0.1159299999999998,0.6608433333333334,-1.9999999999999991,80.66666666666669,0.1401034000000001,0.1251088,2.8000000000000007,105.0,0.1401034000000001,0.1251088,2.8000000000000007,105.0,1.0343677010343677,0.5225806451612902,0.2387096774193548,0.2387096774193548,0.2838709677419353,0.7612903225806451,0.5225806451612902,0.2838709677419353,1.023048942311891,2,1523.1700092598326,1483.041575821147,40.12843343868553,0.6402353085590688,draw,4.05,0.37634343,0.23870967741935487,0.13763375166923766,0.5241908878087997,False,-1.0,False,Bundesliga 2025_120_130_2026-01-14 19:30:00|draw,"train=Bundesliga|bet=Bundesliga|outcome=draw|odds=[4.00,10.00)|fav=nonfavorite","train=Bundesliga|bet=Bundesliga|outcome=draw|odds=[4.00,10.00)|fav=nonfavorite"
Bundesliga 2025_120_132_2025-08-30 13:30:00,2025-08-30 13:30:00,Bundesliga,2025,120,Hoffenheim,132,Eintracht Frankfurt,l,0.505193,6.0,1.05253,3.0,363.0,23.0,0.505193,6.0,1.05253,3.0,363.0,23.0,0.505193,6.0,1.05253,3.0,363.0,23.0,1.0883821960784317,6.117647058823529,1.6034377843137255,7.019607843137255,291.13725490196083,21.58823529411765,0.505193,6.0,1.05253,3.0,363.0,23.0,1.2050200352941178,6.141176470588236,1.7136193411764709,7.823529411764706,276.764705882353,21.305882352941172,1.0,3.0,3.0,6.764705882352941,11.470588235294118,0.3,1,1,0,0.9411764705882352,1.3799767941176473,1.8788916764705883,6.176470588235294,9.029411764705882,255.2058823529412,20.88235294117647,34.0,3.0,3.0,0.505193,1.05253,6.0,3.0,363.0,23.0,0.505193,1.05253,6.0,3.0,363.0,23.0,7.0,5.938324549353763,0.0,0.0,2.95,3.84,2.3,132,Eintracht Frankfurt,3.10684,8.0,0.587822,8.0,264.0,30.0,3.10684,8.0,0.587822,8.0,264.0,30.0,3.10684,8.0,0.587822,8.0,264.0,30.0,2.463945137254902,8.0,1.2347218823529411,7.372549019607843,262.54901960784315,23.039215686274517,3.10684,8.0,0.587822,8.0,264.0,30.0,2.3353661647058823,8.0,1.3641018588235292,7.247058823529412,262.25882352941176,21.647058823529413,1.0,3.0,3.0,10.058823529411764,18.88235294117647,0.3,1,1,0,1.7647058823529411,2.1424977058823527,1.5581718235294115,8.0,7.0588235294117645,261.8235294117647,19.558823529411764,34.0,3.0,3.0,3.10684,0.587822,8.0,8.0,264.0,30.0,3.10684,0.587822,8.0,8.0,264.0,30.0,7.0,0.9656113604287276,0.0,0.0,0.0,1.0,0.0,0.0,-3.294117647058824,-7.411764705882353,4.972713188925035,0.0,0.0,-0.8235294117647058,-0.7625209117647054,-0.3207198529411768,0.0,-2.601647,-0.464708,-2.0,-99.0,-2.601647,-0.464708,-2.0,-99.0,-2.601647,-0.464708,-2.0,-99.0,-1.3755629411764705,-0.3687159019607844,-1.882352941176471,-28.58823529411768,-2.601647,-0.464708,-2.0,-99.0,-1.1303461294117645,-0.3495174823529416,-1.8588235294117643,-14.505882352941228,1.0341823262097765,0.327778808684357,0.2518092410465763,0.4204119502690666,-0.0926331415847096,0.7481907589534236,0.4204119502690666,0.0926331415847096,1.0771712257180996,0,1482.3880329821857,1566.467519455951,-84.07948647376588,0.465402210945571,draw,3.84,0.41459343,0.25180924104657637,0.16278418732676042,0.5920387649536132,False,-1.0,False,Bundesliga 2025_120_132_2025-08-30 13:30:00|draw,"train=ALL|bet=Bundesliga|outcome=draw|odds=[2.00,10.00)|fav=nonfavorite","train=ALL|bet=Bundesliga|outcome=draw|odds=[2.00,10.00)|fav=nonfavorite"
Bundesliga 2025_120_280_2025-10-25 13:30:00,2025-10-25 13:30:00,Bundesliga,2025,120,Hoffenheim,280,FC Heidenheim,w,1.79103,8.0,0.871968,6.0,199.0,22.0,1.79103,8.0,0.871968,6.0,199.0,22.0,1.8189933333333328,5.333333333333333,1.146466,3.0,172.66666666666666,23.0,1.8189933333333328,5.333333333333333,1.146466,3.0,172.66666666666666,23.0,1.966996,5.6,1.8469996,3.4,209.0,24.6,1.966996,5.6,1.8469996,3.4,209.0,24.6,7.0,7.0,10.0,7.0,12.823529411764708,0.3999999999999999,1,1,0,0.9411764705882352,1.3799767941176473,1.8788916764705883,6.176470588235294,9.029411764705882,255.2058823529412,20.88235294117647,34.0,1.4285714285714286,1.4285714285714286,1.6602789999999998,1.7297711428571427,5.571428571428571,3.571428571428572,228.0,25.0,1.6602789999999998,1.7297711428571427,5.571428571428571,3.571428571428572,228.0,25.0,5.916666666666667,0.7117452195417027,0.1587143333333334,-0.5833051428571427,1.6,4.45,5.32,280,FC Heidenheim,3.07635,13.0,1.85638,7.0,192.0,21.0,3.07635,13.0,1.85638,7.0,192.0,21.0,1.719420666666667,7.666666666666667,1.1946743333333334,5.333333333333333,256.0,22.0,1.719420666666667,7.666666666666667,1.1946743333333334,5.333333333333333,256.0,22.0,1.6186716,7.4,1.9511166,9.8,265.2,18.8,1.6186716,7.4,1.9511166,9.8,265.2,18.8,7.0,4.0,4.0,4.0,6.5588235294117645,0.4,0,1,2,0.8529411764705882,1.2635945588235291,1.8922796764705885,6.088235294117647,9.117647058823527,299.0,18.529411764705884,34.0,0.5714285714285714,0.5714285714285714,1.4066422857142855,2.232847571428571,5.857142857142857,9.142857142857142,267.85714285714283,17.857142857142858,1.4066422857142855,2.232847571428571,5.857142857142857,9.142857142857142,267.85714285714283,17.857142857142858,7.0,0.4942324310262523,0.3127783809523812,-1.0381732380952378,-1.083333333333333,0.8452380952380952,3.0,6.0,3.0,6.264705882352942,0.2175127885154503,-0.1540640476190478,0.454868095238095,0.088235294117647,0.1163822352941179,0.0133879999999999,0.8571428571428572,-1.2853200000000002,0.984412,-5.0,-7.0,-1.2853200000000002,0.984412,-5.0,-7.0,0.0995726666666663,0.0482083333333334,-2.333333333333334,83.33333333333334,0.0995726666666663,0.0482083333333334,-2.333333333333334,83.33333333333334,0.3483243999999998,0.1041170000000002,-1.8000000000000007,56.19999999999999,0.3483243999999998,0.1041170000000002,-1.8000000000000007,56.19999999999999,1.0376890259356255,0.6022999033226479,0.2165572686103903,0.1811428280669618,0.4211570752556861,0.7834427313896097,0.6022999033226479,0.3857426347122576,0.9461539252298498,2,1481.638246910899,1426.235861225657,55.40238568524228,0.6602277996662759,draw,4.45,0.46309963,0.2165572686103903,0.24654236007651462,1.0607933476567268,False,-1.0,False,Bundesliga 2025_120_280_2025-10-25 13:30:00|draw,"train=Bundesliga|bet=Bundesliga|outcome=draw|odds=[4.00,10.00)|fav=nonfavorite","train=Bundesliga|bet=Bundesliga|outcome=draw|odds=[4.00,10.00)|fav=nonfavorite"
Bundesliga 2025_121_125_2026-02-07 14:30:00,2026-02-07 14:30:00,Bundesliga,2025,125,Mainz 05,121,Augsburg,w,2.57678,5.0,2.09422,17.0,403.0,32.0,2.57678,5.0,2.09422,17.0,403.0,32.0,2.9431666666666665,4.666666666666667,1.86679,8.666666666666666,270.3333333333333,21.33333333333333,2.9431666666666665,4.666666666666667,1.86679,8.666666666666666,270.3333333333333,21.33333333333333,2.470256,6.2,2.097288,7.8,268.2,20.2,2.470256,6.2,2.097288,7.8,268.2,20.2,20.0,10.0,13.0,10.0,13.0,0.7,2,2,0,1.5294117647058822,1.6417982941176472,1.5045575294117646,7.558823529411764,6.352941176470588,225.52941176470588,22.91176470588235,34.0,0.9,0.9,1.585473405,1.9903768,7.05,7.9,257.25,22.45,1.585473405,1.9903768,7.05,7.9,257.25,22.45,7.0,0.8096326857775362,0.9279865416666664,-0.2952373750000001,2.05,3.6,3.5,121,Augsburg,2.11699,5.0,2.88611,9.0,327.0,16.0,2.11699,5.0,2.88611,9.0,327.0,16.0,1.4497176666666665,4.666666666666667,2.2616366666666665,10.0,360.3333333333333,15.0,1.4497176666666665,4.666666666666667,2.2616366666666665,10.0,360.3333333333333,15.0,1.2967404,4.6,2.4190460000000003,10.2,350.2,19.0,1.2967404,4.6,2.4190460000000003,10.2,350.2,19.0,20.0,8.0,15.0,8.0,15.0,0.1,2,4,0,1.2647058823529411,1.1508144705882355,1.538769,5.588235294117647,8.147058823529411,296.3235294117647,19.852941176470587,34.0,1.1,1.1,1.1833019500000002,1.9367,4.55,9.0,294.75,21.2,1.1833019500000002,1.9367,4.55,9.0,294.75,21.2,7.0,1.2338629996823014,0.1028970416666663,0.2689841666666666,0.0,1.0,2.0,-2.0,2.0,-2.0,-0.4242303139047652,0.8250895,-0.5642215416666667,0.2647058823529411,0.4909838235294117,0.0342114705882354,-0.2,0.4597899999999999,0.79189,0.0,-76.0,0.4597899999999999,0.79189,0.0,-76.0,1.493449,0.3948466666666665,0.0,90.0,1.493449,0.3948466666666665,0.0,90.0,1.1735156,0.3217580000000004,1.6000000000000003,82.0,1.1735156,0.3217580000000004,1.6000000000000003,82.0,1.0512969415408442,0.464002946050451,0.2642238998342846,0.2717731541152641,0.1922297919351869,0.7357761001657154,0.464002946050451,0.1922297919351869,1.062025042577554,2,1486.5306188395814,1478.765285431009,7.76533340857236,0.5963040316899446,draw,3.6,0.51854336,0.2642238998342847,0.254319462783208,0.8667561054229738,False,-1.0,False,Bundesliga 2025_121_125_2026-02-07 14:30:00|draw,"train=ALL|bet=Bundesliga|outcome=draw|odds=[2.00,10.00)|fav=nonfavorite","train=ALL|bet=Bundesliga|outcome=draw|odds=[2.00,10.00)|fav=nonfavorite"
Bundesliga 2025_121_131_2026-02-21 14:30:00,2026-02-21 14:30:00,Bundesliga,2025,131,Wolfsburg,121,Augsburg,l,0.687761,5.0,2.51087,17.0,341.0,19.0,0.687761,5.0,2.51087,17.0,341.0,19.0,1.3538603333333334,4.666666666666667,1.884156666666667,13.333333333333334,251.33333333333331,24.666666666666668,1.3538603333333334,4.666666666666667,1.884156666666667,13.333333333333334,251.33333333333331,24.666666666666668,1.2462982,5.4,2.1971264,9.8,220.2,21.6,1.2462982,5.4,2.1971264,9.8,220.2,21.6,22.0,2.0,11.0,2.0,11.0,-0.7000000000000001,0,1,5,1.2647058823529411,1.5700986764705882,1.707171794117647,6.970588235294118,6.735294117647059,266.02941176470586,18.91176470588235,34.0,0.9090909090909092,0.9090909090909092,1.3952874545454546,1.9303066363636363,4.818181818181818,8.590909090909092,261.22727272727275,20.0,1.3952874545454546,1.9303066363636363,4.818181818181818,8.590909090909092,261.22727272727275,20.0,5.916666666666667,0.3209504755248863,0.0535114583333335,-0.4166298333333331,2.05,3.4,3.75,121,Augsburg,1.87679,5.0,0.697774,7.0,284.0,19.0,1.87679,5.0,0.697774,7.0,284.0,19.0,1.78439,4.666666666666667,2.1968146666666666,8.333333333333334,260.6666666666667,18.0,1.78439,4.666666666666667,2.1968146666666666,8.333333333333334,260.6666666666667,18.0,1.5170666000000002,4.6,2.0978488,9.2,307.2,16.6,1.5170666000000002,4.6,2.0978488,9.2,307.2,16.6,22.0,10.0,15.0,10.0,15.0,0.5,1,1,0,1.2647058823529411,1.1508144705882355,1.538769,5.588235294117647,8.147058823529411,296.3235294117647,19.852941176470587,34.0,1.1363636363636365,1.1363636363636365,1.2228281363636364,1.9290151818181815,4.545454545454546,8.909090909090908,288.6363636363636,21.0,1.2228281363636364,1.9290151818181815,4.545454545454546,8.909090909090908,288.6363636363636,21.0,6.0,1.3183336840560151,0.3826410000000002,0.1085116666666667,-0.083333333333333,0.9861111111111112,-8.0,-4.0,-8.0,-4.0,-0.9973832085311288,-0.3291295416666666,-0.5251414999999999,0.0,0.4192842058823527,-0.1684027941176469,-0.2272727272727274,-1.189029,-1.8130960000000005,0.0,-57.0,-1.189029,-1.8130960000000005,0.0,-57.0,-0.4305296666666667,0.3126579999999996,0.0,9.333333333333345,-0.4305296666666667,0.3126579999999996,0.0,9.333333333333345,-0.2707684000000001,-0.0992776000000001,0.8000000000000007,87.0,-0.2707684000000001,-0.0992776000000001,0.8000000000000007,87.0,1.048589191774271,0.4652011310772599,0.2804889172671714,0.2543099516555687,0.2108911794216911,0.7195110827328286,0.4652011310772599,0.1847122138100885,1.0607766270778216,0,1449.368377615138,1477.0022993290904,-27.633921713952304,0.5464442570860957,draw,3.4,0.49938503,0.2804889172671714,0.2188961118103585,0.6979090988636016,False,-1.0,False,Bundesliga 2025_121_131_2026-02-21 14:30:00|draw,"train=ALL|bet=Bundesliga|outcome=draw|odds=[2.00,10.00)|fav=nonfavorite","train=ALL|bet=Bundesliga|outcome=draw|odds=[2.00,10.00)|fav=nonfavorite"
Bundesliga 2025_121_134_2025-10-18 13:30:00,2025-10-18 13:30:00,Bundesliga,2025,134,FC Cologne,121,Augsburg,d,1.30873,3.0,1.42371,5.0,259.0,13.0,1.30873,3.0,1.42371,5.0,259.0,13.0,1.2603633333333333,6.666666666666667,2.476336666666667,9.0,272.0,13.0,1.2603633333333333,6.666666666666667,2.476336666666667,9.0,272.0,13.0,1.469616,6.6,2.0320864,7.4,282.8,14.2,1.469616,6.6,2.0320864,7.4,282.8,14.2,6.0,7.0,10.0,7.0,10.0,0.3999999999999999,1,1,0,,,,,,,,,1.6666666666666667,1.6666666666666667,1.49914,1.9128303333333327,6.666666666666667,8.166666666666666,266.1666666666667,14.666666666666666,1.49914,1.9128303333333327,6.666666666666667,8.166666666666666,266.1666666666667,14.666666666666666,14.791666666666666,0.9526298024854616,-0.2387766666666666,0.5635063333333339,2.0,3.96,3.56,121,Augsburg,1.75326,3.0,1.22584,9.0,252.0,20.0,1.75326,3.0,1.22584,9.0,252.0,20.0,1.081181333333333,4.666666666666667,1.862426666666667,8.666666666666666,188.66666666666663,24.666666666666668,1.081181333333333,4.666666666666667,1.862426666666667,8.666666666666666,188.66666666666663,24.666666666666668,0.936759,5.2,2.1835,11.0,224.8,23.0,0.936759,5.2,2.1835,11.0,224.8,23.0,6.0,3.0,6.0,3.0,11.058823529411764,0.0,1,1,0,1.2647058823529411,1.1508144705882355,1.538769,5.588235294117647,8.147058823529411,296.3235294117647,19.852941176470587,34.0,1.0,1.0,0.9976175,2.198328333333333,4.833333333333333,10.166666666666666,232.33333333333331,24.666666666666668,0.9976175,2.198328333333333,4.833333333333333,10.166666666666666,232.33333333333331,24.666666666666668,14.0,0.6405062560081075,0.0835638333333333,-0.3359016666666667,0.7916666666666661,1.056547619047619,4.0,4.0,4.0,-1.0588235294117645,0.3121235464773539,-0.3223405,0.8994080000000007,,,,0.6666666666666667,-0.4445300000000001,-0.19787,0.0,-7.0,-0.4445300000000001,-0.19787,0.0,-7.0,0.1791819999999999,-0.6139100000000004,2.0,-83.33333333333334,0.1791819999999999,-0.6139100000000004,2.0,-83.33333333333334,0.532857,0.1514136000000001,1.3999999999999997,-58.0,0.532857,0.1514136000000001,1.3999999999999997,-58.0,1.033424128929747,0.4838284553291966,0.2443578057218164,0.2718137389489868,0.2120147163802097,0.7556421942781835,0.4838284553291966,0.2120147163802097,1.0496763467764758,1,1486.586944894092,1473.5359300345062,13.05101485958562,0.6036065846512155,draw,3.96,0.48649862,0.24435780572181648,0.24214081836456353,0.9265345513820649,True,2.96,False,Bundesliga 2025_121_134_2025-10-18 13:30:00|draw,"train=ALL|bet=Bundesliga|outcome=draw|odds=[2.00,10.00)|fav=nonfavorite","train=ALL|bet=Bundesliga|outcome=draw|odds=[2.00,10.00)|fav=nonfavorite"
Bundesliga 2025_121_135_2025-08-23 13:30:00,2025-08-23 13:30:00,Bundesliga,2025,135,Freiburg,121,Augsburg,l,,,,,,,1.6046772058823529,6.676470588235294,1.405808294117647,7.382352941176471,281.52941176470586,19.323529411764707,,,,,,,1.6046772058823529,6.676470588235294,1.405808294117647,7.382352941176471,281.52941176470586,19.323529411764707,,,,,,,1.6046772058823529,6.676470588235294,1.405808294117647,7.382352941176471,281.52941176470586,19.323529411764707,0.0,,,8.088235294117647,16.176470588235293,,0,0,0,1.6176470588235294,1.6046772058823529,1.405808294117647,6.676470588235294,7.382352941176471,281.52941176470586,19.323529411764707,34.0,,1.6176470588235294,,,,,,,1.6046772058823529,1.405808294117647,6.676470588235294,7.382352941176471,281.52941176470586,19.323529411764707,,,,,1.87,3.71,4.33,121,Augsburg,,,,,,,1.1508144705882355,5.588235294117647,1.538769,8.147058823529411,296.3235294117647,19.852941176470587,,,,,,,1.1508144705882355,5.588235294117648,1.538769,8.147058823529411,296.3235294117647,19.852941176470587,,,,,,,1.1508144705882355,5.588235294117647,1.538769,8.147058823529411,296.3235294117647,19.852941176470587,0.0,,,6.323529411764706,12.647058823529411,,0,0,0,1.2647058823529411,1.1508144705882355,1.538769,5.588235294117647,8.147058823529411,296.3235294117647,19.852941176470587,34.0,,1.2647058823529411,,,,,,,1.1508144705882355,1.538769,5.588235294117647,8.147058823529411,296.3235294117647,19.852941176470587,,,,,,,,,1.7647058823529411,3.5294117647058822,,,,0.3529411764705883,0.4538627352941173,0.1329607058823529,0.3529411764705883,,,,,0.4538627352941173,0.1329607058823529,1.0882352941176476,14.79411764705884,,,,,0.4538627352941173,0.1329607058823529,1.0882352941176467,14.79411764705884,,,,,0.4538627352941173,0.1329607058823529,1.0882352941176476,14.79411764705884,1.0352480194816014,0.5165519259399789,0.2603644478457576,0.2230836262142634,0.2934682997257155,0.7396355521542424,0.5165519259399789,0.2561874780942213,1.0262609447420763,0,1535.6194290398537,1488.8429313015824,46.77649773827102,0.6490019218688183,draw,3.71,0.42832884,0.2603644478457576,0.16796439407890978,0.5891000035405158,False,-1.0,False,Bundesliga 2025_121_135_2025-08-23 13:30:00|draw,"train=ALL|bet=Bundesliga|outcome=draw|odds=[2.00,10.00)|fav=nonfavorite","train=ALL|bet=Bundesliga|outcome=draw|odds=[2.00,10.00)|fav=nonfavorite"
Bundesliga 2025_121_136_2026-03-07 14:30:00,2026-03-07 14:30:00,Bundesliga,2025,136,RasenBallsport Leipzig,121,Augsburg,w,2.28997,13.0,0.820585,4.0,222.0,21.0,2.28997,13.0,0.820585,4.0,222.0,21.0,2.7700600000000004,14.666666666666666,0.9539386666666666,6.333333333333333,204.0,18.0,2.7700600000000004,14.666666666666666,0.9539386666666666,6.333333333333333,204.0,18.0,2.6924200000000003,13.8,1.3120531999999998,6.0,186.4,17.6,2.6924200000000003,13.8,1.3120531999999998,6.0,186.4,17.6,24.0,8.0,15.0,8.0,15.0,0.1,1,4,0,1.5,1.5392821176470588,1.8932451176470588,8.382352941176471,8.0,251.8235294117647,20.91176470588235,34.0,1.8333333333333333,1.8333333333333333,2.203474875,1.4217151249999995,9.708333333333334,6.833333333333333,252.625,18.75,2.203474875,1.4217151249999995,9.708333333333334,6.833333333333333,252.625,18.75,5.833333333333333,0.5942609250715518,0.2115712500000004,-0.7375405833333332,1.42,5.0,6.5,121,Augsburg,1.55844,8.0,0.492698,5.0,300.0,29.0,1.55844,8.0,0.492698,5.0,300.0,29.0,1.6665,7.0,1.122104,6.0,298.6666666666667,23.33333333333333,1.6665,7.0,1.122104,6.0,298.6666666666667,23.33333333333333,1.695176,6.0,1.8517964,7.2,278.8,21.0,1.695176,6.0,1.8517964,7.2,278.8,21.0,24.0,12.0,18.0,12.0,18.0,0.5999999999999999,3,3,0,1.2647058823529411,1.1508144705882355,1.538769,5.588235294117647,8.147058823529411,296.3235294117647,19.852941176470587,34.0,1.2916666666666667,1.2916666666666667,1.2510387083333334,1.879453,4.833333333333333,8.625,290.0833333333333,21.375,1.2510387083333334,1.879453,4.833333333333333,8.625,290.0833333333333,21.375,7.791666666666667,1.4157821958999204,0.2580534999999997,-0.7399075000000002,-1.958333333333334,0.748663101604278,-4.0,-3.0,-4.0,-3.0,-0.8215212708283686,-0.0464822499999992,0.0023669166666669,0.2352941176470588,0.3884676470588233,-0.3544761176470588,0.5416666666666665,0.7315299999999998,-0.327887,5.0,78.0,0.7315299999999998,-0.327887,5.0,78.0,1.1035600000000003,0.1681653333333334,7.666666666666666,94.66666666666669,1.1035600000000003,0.1681653333333334,7.666666666666666,94.66666666666669,0.9972440000000002,0.5397432000000002,7.800000000000001,92.4,0.9972440000000002,0.5397432000000002,7.800000000000001,92.4,1.05807150595883,0.6655744419414295,0.1890231415113659,0.1454024165472046,0.5201720253942248,0.810976858488634,0.6655744419414295,0.4765513004300634,0.8662217388571682,2,1581.8382306290666,1495.1536924588067,86.68453817025988,0.6993877492145449,draw,5.0,0.33475775,0.18902314151136598,0.1457346037545947,0.6737887263298035,False,-1.0,False,Bundesliga 2025_121_136_2026-03-07 14:30:00|draw,"train=ALL|bet=Bundesliga|outcome=draw|odds=[2.00,10.00)|fav=nonfavorite","train=ALL|bet=Bundesliga|outcome=draw|odds=[2.00,10.00)|fav=nonfavorite"
Bundesliga 2025_121_240_2026-01-15 19:30:00,2026-01-15 19:30:00,Bundesliga,2025,121,Augsburg,240,Union Berlin,d,1.57502,4.0,3.57201,12.0,377.0,36.0,1.57502,4.0,3.57201,12.0,377.0,36.0,1.241621,5.333333333333333,1.9997033333333332,7.666666666666667,302.3333333333333,19.33333333333333,1.241621,5.333333333333333,1.9997033333333332,7.666666666666667,302.3333333333333,19.33333333333333,1.3042758,5.4,1.842824,9.4,322.4,18.0,1.3042758,5.4,1.842824,9.4,322.4,18.0,16.0,4.0,8.0,4.0,8.0,0.0,-1,0,3,1.2647058823529411,1.1508144705882355,1.538769,5.588235294117647,8.147058823529411,296.3235294117647,19.852941176470587,34.0,0.875,0.875,1.1723348125,1.88817375,4.5,8.8125,282.5625,22.8125,1.1723348125,1.88817375,4.5,8.8125,282.5625,22.8125,4.208333333333333,0.613367203376254,-0.1350414999999998,0.2743813333333336,2.63,3.26,2.89,240,Union Berlin,3.6505,8.0,1.56492,6.0,186.0,19.0,3.6505,8.0,1.56492,6.0,186.0,19.0,2.200333333333333,5.666666666666667,0.9125663333333334,3.6666666666666665,305.6666666666667,17.333333333333332,2.200333333333333,5.666666666666667,0.9125663333333334,3.6666666666666665,305.6666666666667,17.333333333333332,1.9126486,6.8,0.8379474,3.6,284.0,18.2,1.9126486,6.8,0.8379474,3.6,284.0,18.2,16.0,7.0,15.0,7.0,15.0,-0.1,0,3,1,1.2058823529411764,1.2649353235294118,1.518587176470588,5.529411764705882,7.176470588235294,321.02941176470586,21.058823529411764,34.0,1.375,1.375,1.4944728125,1.38956325,4.8125,7.125,339.9375,19.75,1.4944728125,1.38956325,4.8125,7.125,339.9375,19.75,5.208333333333333,0.7319692701804221,0.6580990833333336,0.0043033333333334,-1.0,0.8079999999999999,-3.0,-7.0,-3.0,-7.0,-0.118602066804168,-0.7931405833333334,0.2700780000000001,0.0588235294117647,-0.1141208529411763,-0.020181823529412,-0.5,-2.07548,-2.00709,-4.0,-191.0,-2.07548,-2.00709,-4.0,-191.0,-0.9587123333333334,-1.087137,-0.3333333333333339,3.3333333333333712,-0.9587123333333334,-1.087137,-0.3333333333333339,3.3333333333333712,-0.6083727999999999,-1.0048766000000002,-1.3999999999999997,-38.39999999999998,-0.6083727999999999,-1.0048766000000002,-1.3999999999999997,-38.39999999999998,1.0329973643854728,0.3680823881949843,0.2969499021327634,0.3349677096722521,0.0331146785227322,0.7030500978672366,0.3680823881949843,0.0331146785227322,1.0947947970746523,1,1454.2212962028166,1498.3395746186573,-44.11827841584068,0.5228397287979117,draw,3.26,0.48058525,0.2969499021327634,0.1836353451454501,0.566707906126976,True,2.26,False,Bundesliga 2025_121_240_2026-01-15 19:30:00|draw,"train=ALL|bet=Bundesliga|outcome=draw|odds=[2.00,10.00)|fav=nonfavorite","train=ALL|bet=Bundesliga|outcome=draw|odds=[2.00,10.00)|fav=nonfavorite"
Bundesliga 2025_123_130_2025-09-14 15:30:00,2025-09-14 15:30:00,Bundesliga,2025,130,Borussia M.Gladbach,123,Werder Bremen,l,1.60717,8.0,0.925105,5.0,296.0,23.0,1.60717,8.0,0.925105,5.0,296.0,23.0,1.31217,7.0,0.6053489999999999,4.5,256.0,23.5,1.3988681176470588,6.735294117647059,1.0651260392156865,6.049019607843138,257.8627450980392,21.47058823529412,1.31217,7.0,0.6053489999999999,4.5,256.0,23.5,1.468226611764706,6.523529411764706,1.4329476705882351,7.288235294117646,259.3529411764706,19.84705882352941,2.0,1.0,1.0,4.970588235294118,11.588235294117649,0.1,-1,0,2,1.3235294117647058,1.5722643529411766,1.9846801176470588,6.205882352941177,9.147058823529411,261.5882352941176,17.41176470588235,34.0,0.5,0.5,1.31217,0.6053489999999999,7.0,4.5,256.0,23.5,1.31217,0.6053489999999999,7.0,4.5,256.0,23.5,15.083333333333334,0.381048187208575,0.0,0.0,2.0,4.11,3.44,123,Werder Bremen,2.32676,10.0,2.03733,7.0,371.0,20.0,2.32676,10.0,2.03733,7.0,371.0,20.0,1.457291,9.0,2.572085,7.5,311.5,17.0,1.5231180000000002,8.735294117647058,2.2570114215686274,7.3921568627450975,299.4901960784314,18.029411764705884,1.457291,9.0,2.572085,7.5,311.5,17.0,1.5757796000000002,8.523529411764706,2.004952558823529,7.305882352941177,289.88235294117646,18.852941176470587,2.0,1.0,1.0,5.5,13.0,0.1,0,1,2,1.5,1.654772,1.6268642647058822,8.205882352941176,7.176470588235294,275.47058823529414,20.08823529411765,34.0,0.5,0.5,1.457291,2.572085,9.0,7.5,311.5,17.0,1.457291,2.572085,9.0,7.5,311.5,17.0,15.083333333333334,0.3431023727096707,0.0,0.0,0.0,1.0,0.0,0.0,-0.5294117647058822,-1.4117647058823533,0.0379458144989043,0.0,0.0,-0.1764705882352941,-0.0825076470588233,-0.3578158529411765,0.0,-0.7195900000000002,1.112225,-2.0,75.0,-0.7195900000000002,1.112225,-2.0,75.0,-0.145121,1.966736,-2.0,55.5,-0.1242498823529414,1.1918853823529412,-1.9999999999999991,41.62745098039221,-0.145121,1.966736,-2.0,55.5,-0.1075529882352941,0.5720048882352939,-2.0,30.529411764705856,1.034006676851695,0.4835558717303272,0.2353069935427383,0.2811371347269344,0.2024187370033928,0.7646930064572617,0.4835558717303272,0.2024187370033928,1.04854185544631,0,1475.035193556357,1517.2169863366953,-42.18179278033836,0.5256200039649743,draw,4.11,0.47575438,0.2353069935427383,0.24044738668339696,0.955350502729416,False,-1.0,False,Bundesliga 2025_123_130_2025-09-14 15:30:00|draw,"train=Bundesliga|bet=Bundesliga|outcome=draw|odds=[4.00,10.00)|fav=nonfavorite","train=Bundesliga|bet=Bundesliga|outcome=draw|odds=[4.00,10.00)|fav=nonfavorite"
Bundesliga 2025_123_133_2025-12-14 18:30:00,2025-12-14 18:30:00,Bundesliga,2025,123,Werder Bremen,133,VfB Stuttgart,l,1.17349,3.0,1.57713,8.0,265.0,25.0,1.17349,3.0,1.57713,8.0,265.0,25.0,1.1616806666666666,6.0,1.73009,9.0,290.3333333333333,20.0,1.1616806666666666,6.0,1.73009,9.0,290.3333333333333,20.0,1.2120213999999998,7.0,1.5536412000000002,7.8,252.6,19.2,1.2120213999999998,7.0,1.5536412000000002,7.8,252.6,19.2,13.0,5.0,12.0,5.0,12.0,-0.1999999999999999,-1,0,3,1.5,1.654772,1.6268642647058822,8.205882352941176,7.176470588235294,275.47058823529414,20.08823529411765,34.0,1.2307692307692308,1.2307692307692308,1.3517643846153846,1.9738326153846155,6.538461538461538,8.692307692307692,271.61538461538464,17.615384615384617,1.3517643846153846,1.9738326153846155,6.538461538461538,8.692307692307692,271.61538461538464,17.615384615384617,7.166666666666667,0.82506794008339,-0.1933764583333335,0.19951575,2.91,3.92,2.3,133,VfB Stuttgart,0.729313,6.0,4.07867,13.0,292.0,12.0,0.729313,6.0,4.07867,13.0,292.0,12.0,1.2158043333333333,5.666666666666667,2.814493333333333,9.333333333333334,223.66666666666663,20.0,1.2158043333333333,5.666666666666667,2.814493333333333,9.333333333333334,223.66666666666663,20.0,1.4325546,7.8,2.416328,7.6,215.8,22.4,1.4325546,7.8,2.416328,7.6,215.8,22.4,13.0,4.0,19.0,4.0,19.0,-1.1,-2,0,3,1.4705882352941178,2.093708794117647,1.5532095,10.147058823529411,5.647058823529412,225.5,20.735294117647054,34.0,1.6923076923076923,1.6923076923076923,1.585110153846154,1.5485467692307693,7.538461538461538,5.923076923076923,205.23076923076923,19.923076923076923,1.585110153846154,1.5485467692307693,7.538461538461538,5.923076923076923,205.23076923076923,19.923076923076923,8.166666666666666,0.5584429381528015,-0.3258672916666667,1.042614958333333,-0.9999999999999992,0.8775510204081634,1.0,-7.0,1.0,-7.0,0.2666250019305884,0.1324908333333332,-0.8430992083333331,0.0294117647058822,-0.4389367941176472,-0.0736547647058822,-0.4615384615384614,0.4441769999999999,2.50154,-3.0,27.0,0.4441769999999999,2.50154,-3.0,27.0,-0.0541236666666666,1.0844033333333332,0.333333333333333,-66.66666666666666,-0.0541236666666666,1.0844033333333332,0.333333333333333,-66.66666666666666,-0.2205332000000002,0.8626867999999999,-0.7999999999999998,-36.79999999999998,-0.2205332000000002,0.8626867999999999,-0.7999999999999998,-36.79999999999998,1.0335272611958275,0.3324949661088205,0.2468266202491499,0.4206784136420295,-0.0881834475332089,0.75317337975085,0.4206784136420295,0.0881834475332089,1.075707674269807,0,1512.8680055710977,1549.7809336565056,-36.91292808540789,0.5331761508360789,draw,3.92,0.3981646,0.24682662024914998,0.1513379798847459,0.5608052325248718,False,-1.0,False,Bundesliga 2025_123_133_2025-12-14 18:30:00|draw,"train=ALL|bet=Bundesliga|outcome=draw|odds=[2.00,10.00)|fav=nonfavorite","train=ALL|bet=Bundesliga|outcome=draw|odds=[2.00,10.00)|fav=nonfavorite"
Bundesliga 2025_123_135_2026-02-07 14:30:00,2026-02-07 14:30:00,Bundesliga,2025,135,Freiburg,123,Werder Bremen,w,0.936187,2.0,2.95203,13.0,230.0,25.0,0.936187,2.0,2.95203,13.0,230.0,25.0,1.698179,4.666666666666667,1.8766243333333328,7.666666666666667,212.33333333333331,22.33333333333333,1.698179,4.666666666666667,1.8766243333333328,7.666666666666667,212.33333333333331,22.33333333333333,1.6354778,4.6,1.856715,8.2,234.0,23.6,1.6354778,4.6,1.856715,8.2,234.0,23.6,20.0,7.0,14.0,7.0,14.0,0.0,-1,0,1,1.6176470588235294,1.6046772058823529,1.405808294117647,6.676470588235294,7.382352941176471,281.52941176470586,19.323529411764707,34.0,1.35,1.35,1.5559794,1.541265055,5.75,6.4,239.0,19.45,1.5559794,1.541265055,5.75,6.4,239.0,19.45,6.0,0.8560189565574025,0.105234,0.0354249583333332,1.83,3.75,4.2,123,Werder Bremen,0.991152,16.0,1.25715,3.0,161.0,28.0,0.991152,16.0,1.25715,3.0,161.0,28.0,1.030686,14.333333333333334,1.4469023333333333,5.0,217.0,22.666666666666668,1.030686,14.333333333333334,1.4469023333333333,5.0,217.0,22.666666666666668,1.1185296,11.2,1.5732233999999998,5.8,221.0,20.6,1.1185296,11.2,1.5732233999999998,5.8,221.0,20.6,20.0,2.0,4.0,2.0,4.0,0.0,0,1,10,1.5,1.654772,1.6268642647058822,8.205882352941176,7.176470588235294,275.47058823529414,20.08823529411765,34.0,0.95,0.95,1.23401715,1.85360705,7.8,7.95,257.9,19.0,1.23401715,1.85360705,7.8,7.95,257.9,19.0,7.0,0.3576123510083931,-0.004426,-0.1767785416666665,-1.0,0.8571428571428571,5.0,10.0,5.0,10.0,0.4984066055490093,0.10966,0.2122034999999997,0.1176470588235294,-0.050094794117647,0.2210559705882351,0.4000000000000001,-0.054965,-1.6948800000000002,-14.0,-69.0,-0.054965,-1.6948800000000002,-14.0,-69.0,0.6674929999999999,-0.4297219999999999,-9.666666666666668,4.666666666666657,0.6674929999999999,-0.4297219999999999,-9.666666666666668,4.666666666666657,0.5169481999999999,-0.2834916000000003,-6.6,-13.0,0.5169481999999999,-0.2834916000000003,-6.6,-13.0,1.051209992193599,0.5198277142432793,0.2536759245507203,0.2264963612060003,0.293331353037279,0.7463240754492797,0.5198277142432793,0.266151789692559,1.0244211196834307,2,1531.8102157897004,1480.2644219878343,51.54579380186601,0.6552300935225536,draw,3.75,0.43981296,0.25367592455072036,0.18613703368978868,0.6492985934019089,False,-1.0,False,Bundesliga 2025_123_135_2026-02-07 14:30:00|draw,"train=ALL|bet=Bundesliga|outcome=draw|odds=[2.00,10.00)|fav=nonfavorite","train=ALL|bet=Bundesliga|outcome=draw|odds=[2.00,10.00)|fav=nonfavorite"
Bundesliga 2025_123_136_2025-11-23 14:30:00,2025-11-23 14:30:00,Bundesliga,2025,136,RasenBallsport Leipzig,123,Werder Bremen,w,1.56187,8.0,1.92349,5.0,243.0,21.0,1.56187,8.0,1.92349,5.0,243.0,21.0,1.9969866666666671,8.666666666666666,1.210924,6.0,284.6666666666667,15.666666666666666,1.9969866666666671,8.666666666666666,1.210924,6.0,284.6666666666667,15.666666666666666,1.6575680000000002,8.0,1.118987,6.8,292.6,17.0,1.6575680000000002,8.0,1.118987,6.8,292.6,17.0,10.0,10.0,22.0,10.0,22.0,-0.2000000000000001,-1,0,1,1.5,1.5392821176470588,1.8932451176470588,8.382352941176471,8.0,251.8235294117647,20.91176470588235,34.0,2.2,2.2,2.0015150000000004,1.4623223,8.6,8.4,278.5,18.5,2.0015150000000004,1.4623223,8.6,8.4,278.5,18.5,15.0,1.2065869996034446,-0.027478333333333,-0.0833748749999998,1.45,5.25,6.38,123,Werder Bremen,1.69456,8.0,0.676326,5.0,217.0,20.0,1.69456,8.0,0.676326,5.0,217.0,20.0,1.2398216666666666,6.333333333333333,1.0218496666666663,5.333333333333333,193.0,16.333333333333332,1.2398216666666666,6.333333333333333,1.0218496666666663,5.333333333333333,193.0,16.333333333333332,1.471083,6.6,1.4108648,7.4,234.8,16.6,1.471083,6.6,1.4108648,7.4,234.8,16.6,10.0,11.0,15.0,11.0,15.0,0.7000000000000002,1,5,0,1.5,1.654772,1.6268642647058822,8.205882352941176,7.176470588235294,275.47058823529414,20.08823529411765,34.0,1.5,1.5,1.4087895,2.0469554000000003,6.7,8.6,266.0,16.9,1.4087895,2.0469554000000003,6.7,8.6,266.0,16.9,15.791666666666666,1.4954968548347718,-0.1568424583333334,-0.8938233333333334,-0.7916666666666661,0.949868073878628,-1.0,7.0,-1.0,7.0,-0.2889098552313272,0.1293641250000003,0.8104484583333336,0.0,-0.1154898823529411,-0.2663808529411766,0.7000000000000002,-0.1326899999999999,-1.247164,0.0,-26.0,-0.1326899999999999,-1.247164,0.0,-26.0,0.7571650000000005,-0.1890743333333335,2.333333333333333,-91.66666666666669,0.7571650000000005,-0.1890743333333335,2.333333333333333,-91.66666666666669,0.1864850000000002,0.2918778000000002,1.4000000000000004,-57.80000000000001,0.1864850000000002,0.2918778000000002,1.4000000000000004,-57.80000000000001,1.0368711748022093,0.6651310106536137,0.1837028505614742,0.1511661387849122,0.5139648718687015,0.8162971494385258,0.6651310106536137,0.4814281600921394,0.8681036269576741,2,1588.653096447982,1532.5561902591123,56.096906188869525,0.6611240797078046,draw,5.25,0.4209852,0.18370285056147423,0.23728234149899635,1.2101722583174706,False,-1.0,False,Bundesliga 2025_123_136_2025-11-23 14:30:00|draw,"train=Bundesliga|bet=Bundesliga|outcome=draw|odds=[4.00,10.00)|fav=nonfavorite","train=Bundesliga|bet=Bundesliga|outcome=draw|odds=[4.00,10.00)|fav=nonfavorite"
Bundesliga 2025_125_129_2026-02-13 19:30:00,2026-02-13 19:30:00,Bundesliga,2025,129,Borussia Dortmund,125,Mainz 05,w,1.70601,16.0,2.02751,8.0,149.0,18.0,1.70601,16.0,2.02751,8.0,149.0,18.0,2.705946666666667,14.333333333333334,2.020160666666667,5.333333333333333,154.33333333333334,18.33333333333333,2.705946666666667,14.333333333333334,2.020160666666667,5.333333333333333,154.33333333333334,18.33333333333333,2.596646,11.6,1.398515,4.2,206.2,20.8,2.596646,11.6,1.398515,4.2,206.2,20.8,21.0,15.0,26.0,15.0,26.0,0.3999999999999999,5,14,0,1.6764705882352942,2.021748470588235,1.4212692058823528,8.088235294117647,6.294117647058823,209.14705882352945,20.47058823529412,34.0,2.2857142857142856,2.2857142857142856,1.894486142857143,1.1711642857142857,10.285714285714286,4.761904761904762,244.66666666666663,20.761904761904763,1.894486142857143,1.1711642857142857,10.285714285714286,4.761904761904762,244.66666666666663,20.761904761904763,6.208333333333333,1.1553365378911615,0.4047329166666671,0.7721254166666669,1.53,4.5,5.5,125,Mainz 05,3.00656,9.0,1.35939,4.0,324.0,22.0,3.00656,9.0,1.35939,4.0,324.0,22.0,3.308443333333333,6.0,1.5156633333333334,7.0,294.3333333333333,24.0,3.308443333333333,6.0,1.5156633333333334,7.0,294.3333333333333,24.0,2.758584,6.8,1.639066,7.0,282.8,21.4,2.758584,6.8,1.639066,7.0,282.8,21.4,21.0,12.0,15.0,12.0,15.0,0.8999999999999999,3,3,0,1.5294117647058822,1.6417982941176472,1.5045575294117646,7.558823529411764,6.352941176470588,225.52941176470588,22.91176470588235,34.0,1.0,1.0,1.6531441952380954,1.9603298095238093,7.142857142857143,7.714285714285714,260.42857142857144,22.428571428571427,1.6531441952380954,1.9603298095238093,7.142857142857143,7.714285714285714,260.42857142857144,22.428571428571427,6.208333333333333,0.8700115710908196,1.0541069583333331,-0.5784165416666665,0.0,1.0,3.0,11.0,3.0,11.0,0.2853249668003419,-0.649374041666666,1.3505419583333331,0.1470588235294119,0.3799501764705879,0.0832883235294117,1.2857142857142856,-1.30055,-0.6681199999999998,7.0,175.0,-1.30055,-0.6681199999999998,7.0,175.0,-0.6024966666666658,-0.5044973333333336,8.333333333333334,139.99999999999997,-0.6024966666666658,-0.5044973333333336,8.333333333333334,139.99999999999997,-0.1619380000000001,0.2405510000000001,4.8,76.60000000000002,-0.1619380000000001,0.2405510000000001,4.8,76.60000000000002,1.0576351752822342,0.6179775280898876,0.2101123595505617,0.1719101123595505,0.446067415730337,0.7898876404494383,0.6179775280898876,0.4078651685393258,0.9279300398616523,2,1652.624273224192,1494.6045382057823,158.0197350184094,0.7781680654308369,draw,4.5,0.34581366,0.21011235955056176,0.1357013022631742,0.5561614781618118,False,-1.0,False,Bundesliga 2025_125_129_2026-02-13 19:30:00|draw,"train=ALL|bet=Bundesliga|outcome=draw|odds=[2.00,10.00)|fav=nonfavorite","train=ALL|bet=Bundesliga|outcome=draw|odds=[2.00,10.00)|fav=nonfavorite"
Bundesliga 2025_125_131_2025-08-31 13:30:00,2025-08-31 13:30:00,Bundesliga,2025,131,Wolfsburg,125,Mainz 05,d,2.57718,5.0,0.783156,0.0,233.0,20.0,2.57718,5.0,0.783156,0.0,233.0,20.0,2.57718,5.0,0.783156,0.0,233.0,20.0,1.905792450980392,6.313725490196078,1.3991665294117646,4.490196078431373,255.01960784313724,19.274509803921568,2.57718,5.0,0.783156,0.0,233.0,20.0,1.7715149411764706,6.576470588235294,1.5223686352941177,5.388235294117648,259.42352941176466,19.12941176470588,1.0,3.0,3.0,8.058823529411764,14.382352941176473,0.3,1,1,0,1.2647058823529411,1.5700986764705882,1.707171794117647,6.970588235294118,6.735294117647059,266.02941176470586,18.91176470588235,34.0,3.0,3.0,2.57718,0.783156,5.0,0.0,233.0,20.0,2.57718,0.783156,5.0,0.0,233.0,20.0,8.0,1.1640630452028715,0.0,0.0,2.08,3.68,3.54,125,Mainz 05,1.31655,12.0,1.64676,7.0,197.0,15.0,1.31655,12.0,1.64676,7.0,197.0,15.0,1.31655,12.0,1.64676,7.0,197.0,15.0,1.5333821960784315,9.03921568627451,1.5519583529411765,6.568627450980391,216.01960784313724,20.274509803921568,1.31655,12.0,1.64676,7.0,197.0,15.0,1.5767486352941178,8.447058823529412,1.5329980235294116,6.48235294117647,219.8235294117647,21.32941176470588,1.0,0.0,0.0,6.117647058823529,13.76470588235294,0.0,-1,0,1,1.5294117647058822,1.6417982941176472,1.5045575294117646,7.558823529411764,6.352941176470588,225.52941176470588,22.91176470588235,34.0,0.0,0.0,1.31655,1.64676,12.0,7.0,197.0,15.0,1.31655,1.64676,12.0,7.0,197.0,15.0,7.0,0.0,0.0,0.0,1.0,1.1428571428571428,3.0,3.0,1.9411764705882355,0.6176470588235308,1.1640630452028715,0.0,0.0,-0.2647058823529411,-0.071699617647059,-0.2026142647058824,3.0,1.2606299999999997,0.863604,-7.0,-36.0,1.2606299999999997,0.863604,-7.0,-36.0,1.2606299999999997,0.863604,-7.0,-36.0,0.3724102549019603,0.1527918235294119,-2.7254901960784315,-39.0,1.2606299999999997,0.863604,-7.0,-36.0,0.1947663058823527,0.0106293882352941,-1.870588235294118,-39.599999999999966,1.034994236910228,0.4645139205842081,0.2625513464171611,0.2729347329986307,0.1915791875855773,0.7374486535828388,0.4645139205842081,0.1915791875855773,1.0616965282169897,1,1498.7968975344943,1515.120894569463,-16.32399703496867,0.5625258040134727,draw,3.68,0.56919795,0.2625513464171611,0.30664660633018387,1.0946484661102294,True,2.68,False,Bundesliga 2025_125_131_2025-08-31 13:30:00|draw,"train=ALL|bet=Bundesliga|outcome=draw|odds=[2.00,10.00)|fav=nonfavorite","train=ALL|bet=Bundesliga|outcome=draw|odds=[2.00,10.00)|fav=nonfavorite"
Bundesliga 2025_125_132_2025-11-09 18:30:00,2025-11-09 18:30:00,Bundesliga,2025,132,Eintracht Frankfurt,125,Mainz 05,w,1.22406,12.0,0.831882,2.0,134.0,19.0,1.22406,12.0,0.831882,2.0,134.0,19.0,1.4743393333333332,8.333333333333334,0.8269383333333332,4.333333333333333,223.66666666666663,24.0,1.4743393333333332,8.333333333333334,0.8269383333333332,4.333333333333333,223.66666666666663,24.0,1.7543892,7.8,1.3680530000000002,5.2,264.2,23.0,1.7543892,7.8,1.3680530000000002,5.2,264.2,23.0,9.0,8.0,14.0,8.0,15.764705882352942,0.2000000000000001,0,3,1,1.7647058823529411,2.1424977058823527,1.5581718235294115,8.0,7.0588235294117645,261.8235294117647,19.558823529411764,34.0,1.5555555555555556,1.5555555555555556,1.8052598888888889,1.4731896666666666,7.666666666666667,5.222222222222222,235.44444444444449,21.444444444444443,1.8052598888888889,1.4731896666666666,7.666666666666667,5.222222222222222,235.44444444444449,21.444444444444443,8.166666666666666,0.9119983181711336,-0.1682230416666668,-0.7569222916666668,1.87,4.11,3.9,125,Mainz 05,1.90161,7.0,0.880505,9.0,253.0,32.0,1.90161,7.0,0.880505,9.0,253.0,32.0,1.6469833333333332,7.0,2.327725,9.666666666666666,276.0,27.0,1.6469833333333332,7.0,2.327725,9.666666666666666,276.0,27.0,1.211452,5.8,2.079439,8.0,237.6,26.2,1.211452,5.8,2.079439,8.0,237.6,26.2,9.0,1.0,5.0,1.0,6.529411764705882,-0.3,0,1,5,1.5294117647058822,1.6417982941176472,1.5045575294117646,7.558823529411764,6.352941176470588,225.52941176470588,22.91176470588235,34.0,0.5555555555555556,0.5555555555555556,1.3921528888888888,1.6702185555555555,8.666666666666666,6.666666666666667,218.33333333333331,25.666666666666668,1.3921528888888888,1.6702185555555555,8.666666666666666,6.666666666666667,218.33333333333331,25.666666666666668,8.166666666666666,0.1650911467949054,0.2453800833333332,0.6545741250000001,0.0,1.0,7.0,9.0,7.0,9.23529411764706,0.7469071713762281,-0.413603125,-1.411496416666667,0.2352941176470588,0.5006994117647054,-0.0536142941176469,1.0,-0.6775500000000001,0.0486229999999999,5.0,119.0,-0.6775500000000001,0.0486229999999999,5.0,119.0,-0.172644,1.500786666666667,1.333333333333334,52.33333333333334,-0.172644,1.500786666666667,1.333333333333334,52.33333333333334,0.5429371999999999,0.7113859999999996,2.0,-26.599999999999994,0.5429371999999999,0.7113859999999996,2.0,-26.599999999999994,1.0344786171321163,0.516936115867994,0.2351996439594036,0.2478642401726023,0.2690718756953917,0.7648003560405964,0.516936115867994,0.2690718756953917,1.027241741758167,2,1559.803832609796,1483.5039546404626,76.29987796933347,0.686671783355719,draw,4.11,0.47954726,0.2351996439594036,0.24434761823236886,0.9709392476081851,False,-1.0,False,Bundesliga 2025_125_132_2025-11-09 18:30:00|draw,"train=Bundesliga|bet=Bundesliga|outcome=draw|odds=[4.00,10.00)|fav=nonfavorite","train=Bundesliga|bet=Bundesliga|outcome=draw|odds=[4.00,10.00)|fav=nonfavorite"
Bundesliga 2025_125_133_2025-10-26 15:30:00,2025-10-26 15:30:00,Bundesliga,2025,133,VfB Stuttgart,125,Mainz 05,w,2.39474,11.0,0.392885,5.0,232.0,16.0,2.39474,11.0,0.392885,5.0,232.0,16.0,1.90398,8.666666666666666,0.587849,5.0,216.0,19.33333333333333,1.90398,8.666666666666666,0.587849,5.0,216.0,19.33333333333333,1.8098068,7.8,0.9006634,5.2,218.8,19.2,1.8098068,7.8,0.9006634,5.2,218.8,19.2,7.0,12.0,15.0,12.0,19.411764705882355,0.8999999999999999,4,4,0,1.4705882352941178,2.093708794117647,1.5532095,10.147058823529411,5.647058823529412,225.5,20.735294117647054,34.0,2.142857142857143,2.142857142857143,1.682229857142857,0.9485582857142856,7.714285714285714,5.0,203.0,18.714285714285715,1.682229857142857,0.9485582857142856,7.714285714285714,5.0,203.0,18.714285714285715,8.083333333333334,1.3261083999324006,0.2217501428571429,-0.3607092857142857,1.79,4.13,4.24,125,Mainz 05,1.62978,10.0,4.43462,15.0,337.0,31.0,1.62978,10.0,4.43462,15.0,337.0,31.0,0.9153633333333334,6.0,2.616213333333333,8.666666666666666,232.33333333333331,27.0,0.9153633333333334,6.0,2.616213333333333,8.666666666666666,232.33333333333331,27.0,1.2173672,8.4,2.0439982,7.6,221.4,25.8,1.2173672,8.4,2.0439982,7.6,221.4,25.8,7.0,3.0,4.0,3.0,8.588235294117647,0.1999999999999999,-3,0,3,1.5294117647058822,1.6417982941176472,1.5045575294117646,7.558823529411764,6.352941176470588,225.52941176470588,22.91176470588235,34.0,0.5714285714285714,0.5714285714285714,1.3168865714285716,1.7833445714285714,9.571428571428571,6.571428571428571,210.57142857142856,25.857142857142858,1.3168865714285716,1.7833445714285714,9.571428571428571,6.571428571428571,210.57142857142856,25.857142857142858,8.083333333333334,0.4928669015408223,-0.4015232380952381,0.8328687619047617,0.0,1.0,9.0,11.0,9.0,10.823529411764708,0.8332414983915782,0.623273380952381,-1.1935780476190474,-0.0588235294117645,0.4519104999999999,-0.0486519705882353,1.5714285714285714,0.7649600000000001,4.041735,1.0,105.0,0.7649600000000001,4.041735,1.0,105.0,0.9886166666666666,2.028364333333333,2.666666666666666,16.333333333333343,0.9886166666666666,2.028364333333333,2.666666666666666,16.333333333333343,0.5924396000000001,1.1433348,-0.6000000000000005,2.5999999999999943,0.5924396000000001,1.1433348,-0.6000000000000005,2.5999999999999943,1.0366390250861954,0.5389139366334805,0.2335728684198378,0.2275131949466816,0.3114007416867989,0.7664271315801622,0.5389139366334805,0.3053410682136427,1.0096762117778697,2,1561.174804744745,1490.444918824512,70.72988592023285,0.6797322740296159,draw,4.13,0.41582844,0.23357286841983782,0.18225556819324507,0.7173714432120322,False,-1.0,False,Bundesliga 2025_125_133_2025-10-26 15:30:00|draw,"train=ALL|bet=Bundesliga|outcome=draw|odds=[2.00,10.00)|fav=nonfavorite","train=Bundesliga|bet=Bundesliga|outcome=draw|odds=[4.00,10.00)|fav=nonfavorite|train=ALL|bet=Bundesliga|outcome=draw|odds=[2.00,10.00)|fav=nonfavorite"
Bundesliga 2025_125_134_2025-08-24 13:30:00,2025-08-24 13:30:00,Bundesliga,2025,125,Mainz 05,134,FC Cologne,l,,,,,,,1.6417982941176472,7.558823529411764,1.5045575294117646,6.352941176470588,225.52941176470588,22.91176470588235,,,,,,,1.6417982941176472,7.558823529411764,1.5045575294117646,6.352941176470588,225.52941176470588,22.91176470588235,,,,,,,1.6417982941176472,7.558823529411765,1.5045575294117646,6.352941176470588,225.5294117647059,22.91176470588235,0.0,,,7.647058823529411,15.294117647058822,,0,0,0,1.5294117647058822,1.6417982941176472,1.5045575294117646,7.558823529411764,6.352941176470588,225.52941176470588,22.91176470588235,34.0,,1.5294117647058822,,,,,,,1.6417982941176472,1.5045575294117646,7.558823529411764,6.352941176470588,225.52941176470588,22.91176470588235,,,,,1.93,3.7,4.07,134,FC Cologne,,,,,,,,,,,,,,,,,,,,,,,,,,,,,,,,,,,,,0.0,,,,,,0,0,0,,,,,,,,,,,,,,,,,,,,,,,,,,,,,,,,,,,,,,,,,,,,,,,,,,,,,,,,,,,,,,,,1.0341052309964227,0.5010464114243507,0.2613566416348639,0.2375969469407854,0.2634494644835653,0.7386433583651361,0.5010464114243507,0.2396897697894867,1.0384273427483466,0,1528.4918842575253,1466.6059405479598,61.88594370956548,0.6685494844031208,draw,3.7,0.4381161,0.26135664163486394,0.17675946177585689,0.6210295826196672,False,-1.0,False,Bundesliga 2025_125_134_2025-08-24 13:30:00|draw,"train=ALL|bet=Bundesliga|outcome=draw|odds=[2.00,10.00)|fav=nonfavorite","train=ALL|bet=Bundesliga|outcome=draw|odds=[2.00,10.00)|fav=nonfavorite"
Bundesliga 2025_125_240_2026-01-10 14:30:00,2026-01-10 14:30:00,Bundesliga,2025,240,Union Berlin,125,Mainz 05,d,1.4739,3.0,0.677102,5.0,365.0,11.0,1.4739,3.0,0.677102,5.0,365.0,11.0,1.6566066666666668,6.666666666666667,0.700905,2.333333333333333,319.3333333333333,17.0,1.6566066666666668,6.666666666666667,0.700905,2.333333333333333,319.3333333333333,17.0,1.2622348,5.4,0.6387067999999999,4.2,306.6,17.6,1.2622348,5.4,0.6387067999999999,4.2,306.6,17.6,15.0,9.0,14.0,9.0,14.0,0.4000000000000001,2,2,0,1.2058823529411764,1.2649353235294118,1.518587176470588,5.529411764705882,7.176470588235294,321.02941176470586,21.058823529411764,34.0,1.4,1.4,1.3507376666666666,1.3778728,4.6,7.2,350.2,19.8,1.3507376666666666,1.3778728,4.6,7.2,350.2,19.8,21.0,1.4260421275936868,0.5097332916666668,-0.154793,2.14,3.2,3.92,125,Mainz 05,1.87368,4.0,0.227249,3.0,200.0,13.0,1.87368,4.0,0.227249,3.0,200.0,13.0,1.2567203333333334,5.333333333333333,2.2699263333333333,6.666666666666667,303.3333333333333,16.666666666666668,1.2567203333333334,5.333333333333333,2.2699263333333333,6.666666666666667,303.3333333333333,16.666666666666668,1.34146862,5.8,2.5021178,10.8,314.2,17.8,1.34146862,5.8,2.5021178,10.8,314.2,17.8,15.0,3.0,4.0,3.0,4.0,0.1999999999999999,0,2,11,1.5294117647058822,1.6417982941176472,1.5045575294117646,7.558823529411764,6.352941176470588,225.52941176470588,22.91176470588235,34.0,0.5333333333333333,0.5333333333333333,1.2905458733333333,1.9547397333333332,7.333333333333333,7.933333333333334,253.6,23.2,1.2905458733333333,1.9547397333333332,7.333333333333333,7.933333333333334,253.6,23.2,20.0,0.4472709916319516,-0.0107774291666664,0.1652158333333333,1.0,1.05,6.0,10.0,6.0,10.0,0.9787711359617352,0.5205107208333333,-0.3200088333333334,-0.3235294117647058,-0.3768629705882353,-0.0140296470588234,0.8666666666666666,-0.39978,-0.4498529999999999,-1.0,-165.0,-0.39978,-0.4498529999999999,-1.0,-165.0,0.3998863333333333,1.5690213333333332,1.333333333333334,-16.0,0.3998863333333333,1.5690213333333332,1.333333333333334,-16.0,-0.0792338200000002,1.863411,-0.3999999999999994,7.599999999999966,-0.0792338200000002,1.863411,-0.3999999999999994,7.599999999999966,1.0348917604424948,0.4515348730058169,0.3019639463226401,0.2465011806715429,0.205033692334274,0.6980360536773599,0.4515348730058169,0.1495709266831768,1.0658000196258917,1,1501.0982167855486,1462.704437393483,38.39377939206565,0.6379321083445716,draw,3.2,0.55544966,0.3019639463226401,0.2534857182701028,0.7774389266967774,True,2.2,False,Bundesliga 2025_125_240_2026-01-10 14:30:00|draw,"train=ALL|bet=Bundesliga|outcome=draw|odds=[2.00,10.00)|fav=nonfavorite","train=ALL|bet=Bundesliga|outcome=draw|odds=[2.00,10.00)|fav=nonfavorite"
Bundesliga 2025_129_130_2025-12-19 19:30:00,2025-12-19 19:30:00,Bundesliga,2025,129,Borussia Dortmund,130,Borussia M.Gladbach,w,1.47427,5.0,1.10621,8.0,256.0,10.0,1.47427,5.0,1.10621,8.0,256.0,10.0,1.24398,5.0,1.2042400000000002,6.0,324.0,16.666666666666668,1.24398,5.0,1.2042400000000002,6.0,324.0,16.666666666666668,1.6618,7.0,1.1684036,5.4,301.0,20.2,1.6618,7.0,1.1684036,5.4,301.0,20.2,14.0,9.0,19.0,9.0,19.0,-0.0999999999999998,0,7,1,1.6764705882352942,2.021748470588235,1.4212692058823528,8.088235294117647,6.294117647058823,209.14705882352945,20.47058823529412,34.0,2.071428571428572,2.071428571428572,1.6320549285714283,1.1225984285714286,9.714285714285714,4.428571428571429,259.5,20.642857142857142,1.6320549285714283,1.1225984285714286,9.714285714285714,4.428571428571429,259.5,20.642857142857142,5.208333333333333,1.0831628353492404,-0.3058395000000002,-0.0878961249999998,1.56,4.56,5.68,130,Borussia M.Gladbach,0.620418,6.0,2.72142,3.0,277.0,15.0,0.620418,6.0,2.72142,3.0,277.0,15.0,0.970757,5.0,1.6356833333333336,7.0,311.6666666666667,14.333333333333334,0.970757,5.0,1.6356833333333336,7.0,311.6666666666667,14.333333333333334,1.6341982000000002,8.6,1.4856874,6.8,324.0,15.4,1.6341982000000002,8.6,1.4856874,6.8,324.0,15.4,14.0,10.0,14.0,10.0,14.0,0.6000000000000001,-1,0,1,1.3235294117647058,1.5722643529411766,1.9846801176470588,6.205882352941177,9.147058823529411,261.5882352941176,17.41176470588235,34.0,1.1428571428571428,1.1428571428571428,1.5211978571428573,1.5924844285714284,7.785714285714286,7.857142857142857,294.5,18.5,1.5211978571428573,1.5924844285714284,7.785714285714286,7.857142857142857,294.5,18.5,6.208333333333333,1.2238417590689008,-0.67722,0.0840069583333336,-1.0,0.8389261744966443,-1.0,5.0,-1.0,5.0,-0.1406789237196604,0.3713804999999998,-0.1719030833333334,0.3529411764705883,0.4494841176470585,0.5634109117647059,0.9285714285714288,0.8538519999999999,1.6152100000000005,-1.0,21.0,0.8538519999999999,1.6152100000000005,-1.0,21.0,0.2732229999999999,0.4314433333333334,0.0,-12.333333333333314,0.2732229999999999,0.4314433333333334,0.0,-12.333333333333314,0.0276017999999997,0.3172838,-1.5999999999999996,23.0,0.0276017999999997,0.3172838,-1.5999999999999996,23.0,1.036380224667845,0.6185236130215497,0.2116001834021091,0.1698762035763411,0.4486474094452085,0.7883998165978908,0.6185236130215497,0.4069234296194405,0.9269151961907832,2,1621.8179230552284,1479.875548121502,141.94237493372657,0.7617819184683167,draw,4.56,0.52075124,0.21160018340210915,0.3091510544671535,1.3746256446838379,False,-1.0,False,Bundesliga 2025_129_130_2025-12-19 19:30:00|draw,"train=Bundesliga|bet=Bundesliga|outcome=draw|odds=[4.00,10.00)|fav=nonfavorite","train=Bundesliga|bet=Bundesliga|outcome=draw|odds=[4.00,10.00)|fav=nonfavorite"
Bundesliga 2025_129_133_2025-11-22 14:30:00,2025-11-22 14:30:00,Bundesliga,2025,129,Borussia Dortmund,133,VfB Stuttgart,d,1.42582,9.0,0.419878,3.0,245.0,29.0,1.42582,9.0,0.419878,3.0,245.0,29.0,1.368422,10.666666666666666,0.6983363333333333,2.333333333333333,211.0,24.0,1.368422,10.666666666666666,0.6983363333333333,2.333333333333333,211.0,24.0,1.2367978000000002,9.2,1.2111438,4.8,269.4,25.8,1.2367978000000002,9.2,1.2111438,4.8,269.4,25.8,10.0,8.0,21.0,8.0,21.0,-0.5,0,3,1,1.6764705882352942,2.021748470588235,1.4212692058823528,8.088235294117647,6.294117647058823,209.14705882352945,20.47058823529412,34.0,2.1,2.1,1.5965589000000002,1.0294238,11.0,3.8,237.3,21.7,1.5965589000000002,1.0294238,11.0,3.8,237.3,21.7,14.0,1.2936633617405102,-0.1361578750000001,-0.2835825416666666,1.79,4.11,4.25,133,VfB Stuttgart,2.44526,12.0,1.90345,1.0,168.0,25.0,2.44526,12.0,1.90345,1.0,168.0,25.0,1.7278033333333334,9.0,1.6825733333333333,4.666666666666667,192.0,22.666666666666668,1.7278033333333334,9.0,1.6825733333333333,4.666666666666667,192.0,22.666666666666668,1.7371920000000003,8.4,1.1463094,4.2,199.4,21.0,1.7371920000000003,8.4,1.1463094,4.2,199.4,21.0,10.0,12.0,21.0,12.0,21.0,0.2999999999999998,1,1,0,1.4705882352941178,2.093708794117647,1.5532095,10.147058823529411,5.647058823529412,225.5,20.735294117647054,34.0,2.1,2.1,1.6959019000000002,1.1687628,8.1,4.9,199.7,19.9,1.6959019000000002,1.1687628,8.1,4.9,199.7,19.9,12.916666666666666,1.3815398641737306,-0.0512521666666667,0.4886937083333331,1.083333333333334,1.0838709677419356,-4.0,0.0,-4.0,0.0,-0.0878765024332204,-0.0849057083333333,-0.7722762499999998,0.2058823529411764,-0.0719603235294119,0.131940294117647,0.0,-1.01944,1.483572,-3.0,-77.0,-1.01944,1.483572,-3.0,-77.0,-0.3593813333333333,0.984237,1.666666666666666,-19.0,-0.3593813333333333,0.984237,1.666666666666666,-19.0,-0.5003942000000001,-0.0648343999999998,0.7999999999999989,-69.99999999999997,-0.5003942000000001,-0.0648343999999998,0.7999999999999989,-69.99999999999997,1.037262337957244,0.5385900918540079,0.2345684341651275,0.2268414739808645,0.3117486178731433,0.7654315658348725,0.5385900918540079,0.3040216576888803,1.009926100638855,1,1607.2240809930124,1565.6428630338426,41.58121795916986,0.6421593016211518,draw,4.11,0.62350607,0.23456843416512757,0.38893763501822204,1.562609944343567,True,3.1100000000000003,False,Bundesliga 2025_129_133_2025-11-22 14:30:00|draw,"train=Bundesliga|bet=Bundesliga|outcome=draw|odds=[4.00,10.00)|fav=nonfavorite","train=Bundesliga|bet=Bundesliga|outcome=draw|odds=[4.00,10.00)|fav=nonfavorite|train=ALL|bet=Bundesliga|outcome=draw|odds=[2.00,10.00)|fav=nonfavorite"
Bundesliga 2025_129_134_2026-03-07 17:30:00,2026-03-07 17:30:00,Bundesliga,2025,134,FC Cologne,129,Borussia Dortmund,l,0.492698,5.0,1.55844,8.0,235.0,13.0,0.492698,5.0,1.55844,8.0,235.0,13.0,0.9158926666666666,4.666666666666667,1.9818,10.333333333333334,253.66666666666663,14.666666666666666,0.9158926666666666,4.666666666666667,1.9818,10.333333333333334,253.66666666666663,14.666666666666666,1.0609876,5.4,2.069882,8.0,251.2,17.6,1.0609876,5.4,2.069882,8.0,251.2,17.6,24.0,4.0,8.0,4.0,8.0,0.0,-1,0,4,,,,,,,,,1.0,1.0,1.4469936666666667,1.8886302916666668,5.583333333333333,7.0,259.625,16.208333333333332,1.4469936666666667,1.8886302916666668,5.583333333333333,7.0,259.625,16.208333333333332,7.916666666666667,0.7540144671334491,-0.3495519583333334,-0.13617125,4.1,4.0,1.75,129,Borussia Dortmund,1.39761,9.0,1.89016,9.0,330.0,29.0,1.39761,9.0,1.89016,9.0,330.0,29.0,1.5204466666666665,8.0,2.3571633333333337,8.333333333333334,299.6666666666667,23.33333333333333,1.5204466666666665,8.0,2.3571633333333337,8.333333333333334,299.6666666666667,23.33333333333333,2.081264,12.2,2.4284480000000004,7.8,231.8,21.8,2.081264,12.2,2.4284480000000004,7.8,231.8,21.8,24.0,10.0,23.0,10.0,23.0,-0.2999999999999998,-1,0,2,1.6764705882352942,2.021748470588235,1.4212692058823528,8.088235294117647,6.294117647058823,209.14705882352945,20.47058823529412,34.0,2.1666666666666665,2.1666666666666665,1.8477312083333333,1.3194141666666666,10.0,5.208333333333333,251.54166666666663,21.08333333333333,1.8477312083333333,1.3194141666666666,10.0,5.208333333333333,251.54166666666663,21.08333333333333,7.0,0.9609544967903202,-0.6726245833333331,0.5991552083333338,0.916666666666667,1.130952380952381,-6.0,-15.0,-6.0,-15.0,-0.206940029656871,0.3230726249999996,-0.7353264583333339,,,,-1.1666666666666663,-0.904912,0.33172,-4.0,95.0,-0.904912,0.33172,-4.0,95.0,-0.6045539999999999,0.3753633333333337,-3.333333333333333,46.00000000000003,-0.6045539999999999,0.3753633333333337,-3.333333333333333,46.00000000000003,-1.0202764,0.3585660000000006,-6.799999999999999,-19.399999999999977,-1.0202764,0.3585660000000006,-6.799999999999999,-19.399999999999977,1.0653310104529616,0.2289452166802943,0.2346688470973017,0.5363859362224039,-0.3074407195421095,0.7653311529026983,0.5363859362224039,0.3017170891251022,1.0118144150349044,0,1441.6056415696148,1646.4880853189154,-204.8824437493006,0.3027977630704345,draw,4.0,0.4548719,0.23466884709730174,0.2202030458317754,0.8194875717163086,False,-1.0,False,Bundesliga 2025_129_134_2026-03-07 17:30:00|draw,"train=ALL|bet=Bundesliga|outcome=draw|odds=[2.00,10.00)|fav=nonfavorite","train=ALL|bet=Bundesliga|outcome=draw|odds=[2.00,10.00)|fav=nonfavorite"
Bundesliga 2025_129_136_2025-10-04 13:30:00,2025-10-04 13:30:00,Bundesliga,2025,129,Borussia Dortmund,136,RasenBallsport Leipzig,d,1.75519,8.0,0.525149,1.0,167.0,19.0,1.75519,8.0,0.525149,1.0,167.0,19.0,1.9508833333333333,15.666666666666666,0.5998773333333334,1.3333333333333333,187.0,18.33333333333333,1.9508833333333333,15.666666666666666,0.5998773333333334,1.3333333333333333,187.0,18.33333333333333,1.9563200000000005,12.8,0.8477038,2.8,205.2,17.6,1.9563200000000005,12.8,0.8477038,2.8,205.2,17.6,5.0,13.0,13.0,13.0,21.38235294117647,1.3,4,5,0,1.6764705882352942,2.021748470588235,1.4212692058823528,8.088235294117647,6.294117647058823,209.14705882352945,20.47058823529412,34.0,2.6,2.6,1.9563200000000005,0.8477038,12.8,2.8,205.2,17.6,1.9563200000000005,0.8477038,12.8,2.8,205.2,17.6,7.0,1.3290259260929678,-0.0054366666666669,-0.2478264666666666,1.7,4.67,4.25,136,RasenBallsport Leipzig,2.61107,13.0,2.59654,9.0,302.0,24.0,2.61107,13.0,2.59654,9.0,302.0,24.0,2.6359600000000003,10.0,1.5864853333333333,11.0,265.0,18.33333333333333,2.6359600000000003,10.0,1.5864853333333333,11.0,265.0,18.33333333333333,2.345462,9.2,1.8056576,10.0,264.4,20.0,2.345462,9.2,1.8056576,10.0,264.4,20.0,5.0,12.0,12.0,12.0,19.5,1.2,4,4,0,1.5,1.5392821176470588,1.8932451176470588,8.382352941176471,8.0,251.8235294117647,20.91176470588235,34.0,2.4,2.4,2.345462,1.8056576,9.2,10.0,264.4,20.0,2.345462,1.8056576,9.2,10.0,264.4,20.0,7.0,1.02325256166817,0.2904980000000003,-0.2191722666666666,0.0,1.0,1.0,1.0,1.0,1.882352941176471,0.3057733644247977,-0.2959346666666673,-0.0286541999999999,0.1764705882352941,0.4824663529411763,0.471975911764706,0.2000000000000001,-0.8558799999999998,2.071391,-5.0,135.0,-0.8558799999999998,2.071391,-5.0,135.0,-0.685076666666667,0.986608,5.666666666666666,78.0,-0.685076666666667,0.986608,5.666666666666666,78.0,-0.3891419999999996,0.9579538,3.6000000000000014,59.19999999999999,-0.3891419999999996,0.9579538,3.6000000000000014,59.19999999999999,1.0376621740773395,0.5668851663025006,0.2063607671764991,0.2267540665210002,0.3401310997815003,0.7936392328235009,0.5668851663025006,0.3401310997815003,0.98390508929941,1,1604.706865055628,1574.8910301794178,29.815834876210147,0.6264510315130893,draw,4.67,0.41419008,0.20636076717649915,0.20782931656564257,0.9342676910758019,True,3.67,False,Bundesliga 2025_129_136_2025-10-04 13:30:00|draw,"train=ALL|bet=Bundesliga|outcome=draw|odds=[2.00,10.00)|fav=nonfavorite","train=Bundesliga|bet=Bundesliga|outcome=draw|odds=[4.00,10.00)|fav=nonfavorite|train=ALL|bet=Bundesliga|outcome=draw|odds=[2.00,10.00)|fav=nonfavorite"
Bundesliga 2025_129_280_2026-02-01 16:30:00,2026-02-01 16:30:00,Bundesliga,2025,129,Borussia Dortmund,280,FC Heidenheim,w,2.27286,6.0,0.989732,2.0,203.0,16.0,2.27286,6.0,0.989732,2.0,203.0,16.0,2.3794166666666663,7.0,0.6406083333333336,2.333333333333333,257.0,21.666666666666668,2.3794166666666663,7.0,0.6406083333333336,2.333333333333333,257.0,21.666666666666668,2.218092,8.6,0.7614644,4.8,249.0,21.6,2.218092,8.6,0.7614644,4.8,249.0,21.6,19.0,13.0,22.0,13.0,22.0,0.3999999999999999,3,12,0,1.6764705882352942,2.021748470588235,1.4212692058823528,8.088235294117647,6.294117647058823,209.14705882352945,20.47058823529412,34.0,2.210526315789474,2.210526315789474,1.7862752105263155,1.0275631578947368,9.421052631578949,4.526315789473684,256.7368421052632,20.894736842105264,1.7862752105263155,1.0275631578947368,9.421052631578949,4.526315789473684,256.7368421052632,20.894736842105264,7.958333333333333,1.172178611061022,0.5266166666666665,-0.2868969166666665,1.22,6.5,12.0,280,FC Heidenheim,0.987658,1.0,2.07675,6.0,460.0,16.0,0.987658,1.0,2.07675,6.0,460.0,16.0,1.0714666666666668,3.6666666666666665,1.70338,10.0,338.3333333333333,17.333333333333332,1.0714666666666668,3.6666666666666665,1.70338,10.0,338.3333333333333,17.333333333333332,1.369666,3.8,2.246866,10.6,333.0,15.6,1.369666,3.8,2.246866,10.6,333.0,15.6,19.0,2.0,8.0,2.0,8.0,-0.4,-1,0,6,0.8529411764705882,1.2635945588235291,1.8922796764705885,6.088235294117647,9.117647058823527,299.0,18.529411764705884,34.0,0.6842105263157895,0.6842105263157895,1.2598962631578947,2.103043,5.2631578947368425,9.842105263157896,292.8421052631579,16.57894736842105,1.2598962631578947,2.103043,5.2631578947368425,9.842105263157896,292.8421052631579,16.57894736842105,8.083333333333334,0.2920420014380087,-0.4198773333333332,-0.0438629999999999,-0.1250000000000009,0.9845360824742267,11.0,14.0,11.0,14.0,0.8801366096230132,0.9464939999999996,-0.2430339166666665,0.823529411764706,0.7581539117647058,0.4710104705882354,1.5263157894736843,1.285202,1.087018,5.0,257.0,1.285202,1.087018,5.0,257.0,1.3079499999999995,1.0627716666666664,3.333333333333333,81.33333333333331,1.3079499999999995,1.0627716666666664,3.333333333333333,81.33333333333331,0.8484259999999999,1.4854016,4.8,84.0,0.8484259999999999,1.4854016,4.8,84.0,1.0568516183270282,0.7755791985681615,0.1455702495774087,0.0788505518544297,0.6967286467137317,0.8544297504225913,0.7755791985681615,0.6300089489907528,0.6779338773754258,2,1643.237010260427,1409.0567737556787,234.18023650474836,0.8446756987698089,draw,6.5,0.2847501,0.14557024957740877,0.13917985437309172,0.8508756756782532,False,-1.0,False,Bundesliga 2025_129_280_2026-02-01 16:30:00|draw,"train=Bundesliga|bet=Bundesliga|outcome=draw|odds=[4.00,10.00)|fav=nonfavorite","train=Bundesliga|bet=Bundesliga|outcome=draw|odds=[4.00,10.00)|fav=nonfavorite"
Bundesliga 2025_130_132_2026-02-14 14:30:00,2026-02-14 14:30:00,Bundesliga,2025,132,Eintracht Frankfurt,130,Borussia M.Gladbach,w,0.296813,3.0,1.27118,4.0,83.0,12.0,0.296813,3.0,1.27118,4.0,83.0,12.0,0.8149869999999998,5.0,1.4762766666666665,5.0,288.6666666666667,22.0,0.8149869999999998,5.0,1.4762766666666665,5.0,288.6666666666667,22.0,0.9098298,4.2,2.01491,7.6,282.2,24.0,0.9098298,4.2,2.01491,7.6,282.2,24.0,21.0,2.0,8.0,2.0,8.0,-0.4,0,1,7,1.7647058823529411,2.1424977058823527,1.5581718235294115,8.0,7.0588235294117645,261.8235294117647,19.558823529411764,34.0,1.3333333333333333,1.3333333333333333,1.4966550952380953,1.6259009047619046,6.666666666666667,6.095238095238095,250.52380952380952,22.19047619047619,1.4966550952380953,1.6259009047619046,6.666666666666667,6.095238095238095,250.52380952380952,22.19047619047619,7.791666666666667,0.4396426671362836,-0.2881403750000003,-0.2895037083333336,1.95,3.5,4.0,130,Borussia M.Gladbach,0.783478,6.0,0.741257,7.0,434.0,17.0,0.783478,6.0,0.741257,7.0,434.0,17.0,1.0875326666666667,4.0,1.4864096666666669,11.333333333333334,341.0,18.0,1.0875326666666667,4.0,1.4864096666666669,11.333333333333334,341.0,18.0,0.934412,3.6,2.0197958,11.8,350.6,19.4,0.934412,3.6,2.0197958,11.8,350.6,19.4,21.0,3.0,10.0,3.0,10.0,-0.4,0,2,5,1.3235294117647058,1.5722643529411766,1.9846801176470588,6.205882352941177,9.147058823529411,261.5882352941176,17.41176470588235,34.0,1.0476190476190477,1.0476190476190477,1.417241761904762,1.6963200476190476,7.142857142857143,8.857142857142858,307.85714285714283,19.38095238095238,1.417241761904762,1.6963200476190476,7.142857142857143,8.857142857142858,307.85714285714283,19.38095238095238,6.875,0.6421150411933676,-0.0481829583333333,-0.519760208333333,0.916666666666667,1.1333333333333333,-1.0,-2.0,-1.0,-2.0,-0.202472374057084,-0.239957416666667,0.2302564999999994,0.4411764705882353,0.570233352941176,0.4265082941176472,0.2857142857142856,-0.486665,-0.5299229999999999,-3.0,351.0,-0.486665,-0.5299229999999999,-3.0,351.0,-0.2725456666666669,0.0101330000000003,1.0,52.333333333333314,-0.2725456666666669,0.0101330000000003,1.0,52.333333333333314,-0.0245822,0.0048857999999998,0.6000000000000001,68.40000000000003,-0.0245822,0.0048857999999998,0.6000000000000001,68.40000000000003,1.0485347985347986,0.4890829694323144,0.2724890829694323,0.2384279475982532,0.2506550218340612,0.7275109170305677,0.4890829694323144,0.2165938864628821,1.0459132840491243,2,1537.7748255026188,1473.2990002323847,64.47582527023405,0.6718447459851628,draw,3.5,0.46749073,0.2724890829694323,0.19500164970039802,0.6362175643444061,False,-1.0,False,Bundesliga 2025_130_132_2026-02-14 14:30:00|draw,"train=ALL|bet=Bundesliga|outcome=draw|odds=[2.00,10.00)|fav=nonfavorite","train=ALL|bet=Bundesliga|outcome=draw|odds=[2.00,10.00)|fav=nonfavorite"
Bundesliga 2025_131_132_2025-11-30 16:30:00,2025-11-30 16:30:00,Bundesliga,2025,132,Eintracht Frankfurt,131,Wolfsburg,d,2.44506,6.0,1.38923,6.0,303.0,15.0,2.44506,6.0,1.38923,6.0,303.0,15.0,1.8158866666666664,7.666666666666667,0.7808603333333334,3.6666666666666665,196.33333333333331,16.0,1.8158866666666664,7.666666666666667,0.7808603333333334,3.6666666666666665,196.33333333333331,16.0,1.7293236,7.2,0.7983028,4.4,225.2,20.2,1.7293236,7.2,0.7983028,4.4,225.2,20.2,11.0,11.0,17.0,11.0,17.0,0.5000000000000002,2,5,0,1.7647058823529411,2.1424977058823527,1.5581718235294115,8.0,7.0588235294117645,261.8235294117647,19.558823529411764,34.0,1.818181818181818,1.818181818181818,1.8609944545454544,1.3426732727272728,7.272727272727272,5.090909090909091,234.0,20.181818181818183,1.8609944545454544,1.3426732727272728,7.272727272727272,5.090909090909091,234.0,20.181818181818183,7.958333333333333,1.2721736982861769,-0.0280340833333334,-0.5422839166666668,1.75,4.28,4.33,131,Wolfsburg,2.07979,6.0,1.58644,10.0,473.0,32.0,2.07979,6.0,1.58644,10.0,473.0,32.0,1.385762,4.333333333333333,1.6746366666666666,8.0,329.6666666666667,22.33333333333333,1.385762,4.333333333333333,1.6746366666666666,8.0,329.6666666666667,22.33333333333333,1.0491398,4.6,1.964824,8.6,319.6,21.8,1.0491398,4.6,1.964824,8.6,319.6,21.8,11.0,3.0,5.0,3.0,5.0,0.0999999999999999,-3,0,3,1.2647058823529411,1.5700986764705882,1.707171794117647,6.970588235294118,6.735294117647059,266.02941176470586,18.91176470588235,34.0,0.7272727272727273,0.7272727272727273,1.3668842727272728,1.7963823636363636,4.727272727272728,8.0,266.8181818181818,19.09090909090909,1.3668842727272728,1.7963823636363636,4.727272727272728,8.0,266.8181818181818,19.09090909090909,8.083333333333334,0.5718970912033082,0.13032,-0.2548533333333334,-0.1250000000000009,0.9845360824742267,8.0,12.0,8.0,12.0,0.7002766070828687,-0.1583540833333334,-0.2874305833333334,0.5,0.5723990294117645,0.1489999705882354,1.0909090909090908,0.3652699999999997,0.1972100000000001,0.0,170.0,0.3652699999999997,0.1972100000000001,0.0,170.0,0.4301246666666665,0.8937763333333332,3.333333333333334,133.33333333333334,0.4301246666666665,0.8937763333333332,3.333333333333334,133.33333333333334,0.6801838,1.1665212,2.6000000000000005,94.40000000000003,0.6801838,1.1665212,2.6000000000000005,94.40000000000003,1.0360203134587456,0.5515611653606112,0.2255215045282873,0.2229173301111015,0.3286438352495097,0.7744784954717128,0.5515611653606112,0.3260396608323239,0.9986471611789284,1,1575.2719590221832,1450.057654742803,125.21430427938026,0.7438696341511314,draw,4.28,0.56526804,0.2255215045282873,0.33974653517508185,1.4193472099304199,True,3.2800000000000002,False,Bundesliga 2025_131_132_2025-11-30 16:30:00|draw,"train=Bundesliga|bet=Bundesliga|outcome=draw|odds=[4.00,10.00)|fav=nonfavorite","train=Bundesliga|bet=Bundesliga|outcome=draw|odds=[4.00,10.00)|fav=nonfavorite"
Bundesliga 2025_131_134_2026-01-30 19:30:00,2026-01-30 19:30:00,Bundesliga,2025,134,FC Cologne,131,Wolfsburg,w,1.69119,8.0,2.56728,5.0,230.0,15.0,1.69119,8.0,2.56728,5.0,230.0,15.0,1.6062063333333334,6.0,2.19812,6.666666666666667,255.0,17.333333333333332,1.6062063333333334,6.0,2.19812,6.666666666666667,255.0,17.333333333333332,1.6503922,6.0,2.042922,5.0,246.8,14.6,1.6503922,6.0,2.042922,5.0,246.8,14.6,19.0,4.0,6.0,4.0,6.0,0.2,-1,0,1,,,,,,,,,1.0526315789473684,1.0526315789473684,1.5485742105263158,1.8409324736842103,5.631578947368421,6.7368421052631575,261.8421052631579,15.842105263157896,1.5485742105263158,1.8409324736842103,5.631578947368421,6.7368421052631575,261.8421052631579,15.842105263157896,5.125,0.4847332651614891,0.1340293333333335,0.4243406249999999,1.95,3.8,3.5,131,Wolfsburg,1.09338,0.0,4.34199,4.0,224.0,16.0,1.09338,0.0,4.34199,4.0,224.0,16.0,1.3167433333333332,6.666666666666667,2.181624,4.0,195.0,18.666666666666668,1.3167433333333332,6.666666666666667,2.181624,4.0,195.0,18.666666666666668,1.268242,6.0,2.5507644,6.0,245.0,19.6,1.268242,6.0,2.5507644,6.0,245.0,19.6,19.0,4.0,11.0,4.0,11.0,-0.3,-1,0,2,1.2647058823529411,1.5700986764705882,1.707171794117647,6.970588235294118,6.735294117647059,266.02941176470586,18.91176470588235,34.0,1.0,1.0,1.4018285789473683,1.9375934736842104,4.842105263157895,7.842105263157895,262.7894736842105,19.26315789473684,1.4018285789473683,1.9375934736842104,4.842105263157895,7.842105263157895,262.7894736842105,19.26315789473684,6.208333333333333,0.6307944381859621,-0.1331336666666669,0.0498652499999998,-1.083333333333333,0.825503355704698,0.0,-5.0,0.0,-5.0,-0.146061173024473,0.2671630000000005,0.374475375,,,,0.0526315789473683,0.59781,1.7747100000000002,8.0,-6.0,0.59781,1.7747100000000002,8.0,-6.0,0.2894630000000002,-0.016496,-0.666666666666667,-60.0,0.2894630000000002,-0.016496,-0.666666666666667,-60.0,0.3821501999999999,0.5078423999999999,0.0,-1.8000000000000114,0.3821501999999999,0.5078423999999999,0.0,-1.8000000000000114,1.0616926932716408,0.483021608861449,0.2478663519157435,0.2691120392228073,0.2139095696386417,0.7521336480842564,0.483021608861449,0.2139095696386417,1.0504759742266838,2,1452.2184710649915,1459.0999656766503,-6.881494611658582,0.575853578898165,draw,3.8,0.55591404,0.24786635191574355,0.3080476924644444,1.1124733686447144,False,-1.0,False,Bundesliga 2025_131_134_2026-01-30 19:30:00|draw,"train=ALL|bet=Bundesliga|outcome=draw|odds=[2.00,10.00)|fav=nonfavorite","train=ALL|bet=Bundesliga|outcome=draw|odds=[2.00,10.00)|fav=nonfavorite"
Bundesliga 2025_131_135_2025-12-20 14:30:00,2025-12-20 14:30:00,Bundesliga,2025,131,Wolfsburg,135,Freiburg,l,2.72142,3.0,0.620418,6.0,333.0,26.0,2.72142,3.0,0.620418,6.0,333.0,26.0,1.7526020000000002,3.333333333333333,1.433416,10.333333333333334,277.6666666666667,19.33333333333333,1.7526020000000002,3.333333333333333,1.433416,10.333333333333334,277.6666666666667,19.33333333333333,1.6027843999999998,4.2,1.5162496,9.8,311.2,21.2,1.6027843999999998,4.2,1.5162496,9.8,311.2,21.2,14.0,7.0,10.0,7.0,10.0,0.3999999999999999,2,3,0,1.2647058823529411,1.5700986764705882,1.707171794117647,6.970588235294118,6.735294117647059,266.02941176470586,18.91176470588235,34.0,1.0714285714285714,1.0714285714285714,1.4495380714285715,1.7186038571428572,4.428571428571429,8.5,269.1428571428572,19.142857142857142,1.4495380714285715,1.7186038571428572,4.428571428571429,8.5,269.1428571428572,19.142857142857142,7.0,0.8734799264488126,0.4396638750000001,-0.33213,2.57,3.55,2.76,135,Freiburg,1.10621,8.0,1.47427,5.0,206.0,22.0,1.10621,8.0,1.47427,5.0,206.0,22.0,2.021100333333333,11.0,1.3967506999999997,6.0,159.66666666666666,21.666666666666668,2.021100333333333,11.0,1.3967506999999997,6.0,159.66666666666666,21.666666666666668,1.6491694,8.0,1.59391602,7.2,210.8,21.6,1.6491694,8.0,1.59391602,7.2,210.8,21.6,14.0,7.0,11.0,7.0,11.0,0.2999999999999998,0,1,2,1.6176470588235294,1.6046772058823529,1.405808294117647,6.676470588235294,7.382352941176471,281.52941176470586,19.323529411764707,34.0,1.2142857142857142,1.2142857142857142,1.4487542142857142,1.4454211499999998,6.071428571428571,5.714285714285714,236.7142857142857,18.285714285714285,1.4487542142857142,1.4454211499999998,6.071428571428571,5.714285714285714,236.7142857142857,18.285714285714285,6.0,0.8489121856312746,0.6357385833333331,-0.1730628125000006,1.0,1.1666666666666667,0.0,-1.0,0.0,-1.0,0.0245677408175379,-0.1960747083333329,-0.1590671874999993,-0.3529411764705883,-0.0345785294117646,-0.3013634999999999,-0.1428571428571428,1.6152100000000005,0.8538519999999999,-5.0,-127.0,1.6152100000000005,0.8538519999999999,-5.0,-127.0,-0.2684983333333328,-0.0366653000000005,-7.666666666666666,-118.00000000000004,-0.2684983333333328,-0.0366653000000005,-7.666666666666666,-118.00000000000004,-0.0463850000000001,0.0776664200000001,-3.8,-100.39999999999998,-0.0463850000000001,0.0776664200000001,-3.8,-100.39999999999998,1.0331140397905394,0.3766332112228855,0.2726612261529058,0.3507055626242086,0.0259276485986768,0.7273387738470942,0.3766332112228855,0.0259276485986768,1.0895784243073845,0,1476.6335446885678,1523.1664200856103,-46.53287539704252,0.519371049824356,draw,3.55,0.5132359,0.27266122615290583,0.24057470047520696,0.8219875395298004,False,-1.0,False,Bundesliga 2025_131_135_2025-12-20 14:30:00|draw,"train=ALL|bet=Bundesliga|outcome=draw|odds=[2.00,10.00)|fav=nonfavorite","train=ALL|bet=Bundesliga|outcome=draw|odds=[2.00,10.00)|fav=nonfavorite"
Bundesliga 2025_131_136_2026-02-15 16:30:00,2026-02-15 16:30:00,Bundesliga,2025,136,RasenBallsport Leipzig,131,Wolfsburg,d,3.0577,8.0,1.12167,6.0,174.0,22.0,3.0577,8.0,1.12167,6.0,174.0,22.0,2.403936666666667,12.0,1.6766999999999996,4.333333333333333,207.66666666666663,18.666666666666668,2.403936666666667,12.0,1.6766999999999996,4.333333333333333,207.66666666666663,18.666666666666668,2.431546,10.0,2.1340036,4.6,224.0,20.0,2.431546,10.0,2.1340036,4.6,224.0,20.0,21.0,7.0,14.0,7.0,14.0,0.0,1,1,0,1.5,1.5392821176470588,1.8932451176470588,8.382352941176471,8.0,251.8235294117647,20.91176470588235,34.0,1.8571428571428568,1.8571428571428568,2.122534142857143,1.4885403333333334,9.0,6.904761904761905,259.57142857142856,18.857142857142858,2.122534142857143,1.4885403333333334,9.0,6.904761904761905,259.57142857142856,18.857142857142858,7.083333333333333,0.575765377206455,0.2294882916666667,-0.1981850000000002,1.44,4.75,6.5,131,Wolfsburg,2.02751,8.0,1.70601,16.0,275.0,25.0,2.02751,8.0,1.70601,16.0,275.0,25.0,1.4890666666666668,3.0,2.4945300000000006,9.0,212.33333333333331,23.666666666666668,1.4890666666666668,3.0,2.4945300000000006,9.0,212.33333333333331,23.666666666666668,1.46481,5.8,1.9372944,7.0,199.6,22.2,1.46481,5.8,1.9372944,7.0,199.6,22.2,21.0,4.0,11.0,4.0,11.0,-0.3,-3,0,4,1.2647058823529411,1.5700986764705882,1.707171794117647,6.970588235294118,6.735294117647059,266.02941176470586,18.91176470588235,34.0,0.9047619047619048,0.9047619047619048,1.4289791904761904,1.902660761904762,4.809523809523809,8.19047619047619,257.42857142857144,20.047619047619047,1.4289791904761904,1.902660761904762,4.809523809523809,8.19047619047619,257.42857142857144,20.047619047619047,8.083333333333334,0.5461459164606814,-0.0654895833333333,0.4300500000000005,-1.0000000000000009,0.8762886597938143,3.0,3.0,3.0,3.0,0.0296194607457735,0.294977875,-0.6282350000000008,0.2352941176470588,-0.0308165588235294,-0.1860733235294118,0.9523809523809524,1.0301900000000002,0.5843400000000001,0.0,101.0,1.0301900000000002,0.5843400000000001,0.0,101.0,0.9148700000000004,0.817830000000001,9.0,4.666666666666686,0.9148700000000004,0.817830000000001,9.0,4.666666666666686,0.966736,-0.1967091999999997,4.2,-24.40000000000001,0.966736,-0.1967091999999997,4.2,-24.40000000000001,1.0588169140800718,0.6558682952734998,0.1988316516197557,0.1453000531067445,0.5105682421667552,0.8011683483802443,0.6558682952734998,0.4570366436537441,0.8780914468770389,1,1576.675789564872,1444.3362603154526,132.33952924941946,0.7516058649842744,draw,4.75,0.58939046,0.19883165161975572,0.39055880505672746,1.799604669213295,True,3.75,False,Bundesliga 2025_131_136_2026-02-15 16:30:00|draw,"train=Bundesliga|bet=Bundesliga|outcome=draw|odds=[4.00,10.00)|fav=nonfavorite","train=Bundesliga|bet=Bundesliga|outcome=draw|odds=[4.00,10.00)|fav=nonfavorite|train=ALL|bet=Bundesliga|outcome=draw|odds=[2.00,10.00)|fav=nonfavorite"
Bundesliga 2025_132_135_2025-10-19 13:30:00,2025-10-19 13:30:00,Bundesliga,2025,135,Freiburg,132,Eintracht Frankfurt,d,0.689073,3.0,0.471184,6.0,290.0,19.0,0.689073,3.0,0.471184,6.0,290.0,19.0,1.4369743333333334,3.333333333333333,1.3286646666666664,4.666666666666667,287.6666666666667,18.0,1.4369743333333334,3.333333333333333,1.3286646666666664,4.666666666666667,287.6666666666667,18.0,1.385439,4.8,1.2750956,5.2,265.2,16.6,1.385439,4.8,1.2750956,5.2,265.2,16.6,6.0,8.0,8.0,8.0,14.470588235294118,0.8,0,4,2,1.6176470588235294,1.6046772058823529,1.405808294117647,6.676470588235294,7.382352941176471,281.52941176470586,19.323529411764707,34.0,1.3333333333333333,1.3333333333333333,1.5332774999999998,1.279564666666667,5.0,4.833333333333333,243.5,17.0,1.5332774999999998,1.279564666666667,5.0,4.833333333333333,243.5,17.0,13.833333333333334,1.154868601049217,-0.0963031666666665,0.0490999999999997,2.54,3.68,2.72,132,Eintracht Frankfurt,0.560138,3.0,2.2301,7.0,419.0,22.0,0.560138,3.0,2.2301,7.0,419.0,22.0,2.0349160000000004,9.666666666666666,2.19788,6.0,245.0,19.666666666666668,2.0349160000000004,9.666666666666666,2.19788,6.0,245.0,19.666666666666668,1.7434961999999998,7.2,2.038014,5.2,236.8,18.2,1.7434961999999998,7.2,2.038014,5.2,236.8,18.2,6.0,6.0,9.0,6.0,16.058823529411764,0.2999999999999999,-1,0,1,1.7647058823529411,2.1424977058823527,1.5581718235294115,8.0,7.0588235294117645,261.8235294117647,19.558823529411764,34.0,1.5,1.5,1.9707201666666665,1.7963153333333333,7.333333333333333,5.666666666666667,241.33333333333331,20.166666666666668,1.9707201666666665,1.7963153333333333,7.333333333333333,5.666666666666667,241.33333333333331,20.166666666666668,14.875,0.6882722198432928,0.0641958333333339,0.4015646666666668,-1.041666666666666,0.9299719887955182,2.0,-1.0,2.0,-1.5882352941176467,0.4665963812059243,-0.1604990000000004,-0.3524646666666671,-0.1470588235294117,-0.5378204999999998,0.1523635294117644,-0.1666666666666667,0.128935,1.758916,0.0,129.0,0.128935,1.758916,0.0,129.0,-0.597941666666667,0.8692153333333337,-6.333333333333332,-42.666666666666686,-0.597941666666667,0.8692153333333337,-6.333333333333332,-42.666666666666686,-0.3580571999999997,0.7629184,-2.4000000000000004,-28.399999999999977,-0.3580571999999997,0.7629184,-2.4000000000000004,-28.399999999999977,1.0330869766598867,0.3810916179337232,0.2630360623781677,0.3558723196881092,0.025219298245614,0.7369639376218323,0.3810916179337232,0.025219298245614,1.0866015308894967,1,1530.5108169785542,1555.5310517463158,-25.02023476776162,0.5501705264418076,draw,3.68,0.46958792,0.2630360623781677,0.20655185971808476,0.7280835533142092,True,2.68,False,Bundesliga 2025_132_135_2025-10-19 13:30:00|draw,"train=ALL|bet=Bundesliga|outcome=draw|odds=[2.00,10.00)|fav=nonfavorite","train=ALL|bet=Bundesliga|outcome=draw|odds=[2.00,10.00)|fav=nonfavorite"
Bundesliga 2025_132_135_2026-03-01 16:30:00,2026-03-01 16:30:00,Bundesliga,2025,132,Eintracht Frankfurt,135,Freiburg,w,2.29258,2.0,2.83518,13.0,267.0,16.0,2.29258,2.0,2.83518,13.0,267.0,16.0,1.5255843333333334,3.0,1.7126366666666666,8.666666666666666,210.33333333333331,17.666666666666668,1.5255843333333334,3.0,1.7126366666666666,8.666666666666666,210.33333333333331,17.666666666666668,1.3449802,4.2,1.659112,7.4,282.8,21.4,1.3449802,4.2,1.659112,7.4,282.8,21.4,23.0,4.0,10.0,4.0,10.0,-0.1999999999999999,-1,0,1,1.7647058823529411,2.1424977058823527,1.5581718235294115,8.0,7.0588235294117645,261.8235294117647,19.558823529411764,34.0,1.3478260869565215,1.3478260869565215,1.5525955217391303,1.6526369130434784,6.3478260869565215,6.521739130434782,252.56521739130437,22.043478260869566,1.5525955217391303,1.6526369130434784,6.3478260869565215,6.521739130434782,252.56521739130437,22.043478260869566,8.083333333333334,0.5948042951718093,0.2139157083333334,-0.3173070833333336,2.2,3.5,3.2,135,Freiburg,1.29234,4.0,1.02855,4.0,305.0,23.0,1.29234,4.0,1.02855,4.0,305.0,23.0,0.8003046666666666,3.333333333333333,1.3507966666666666,12.0,288.3333333333333,18.0,0.8003046666666666,3.333333333333333,1.3507966666666666,12.0,288.3333333333333,18.0,1.1808761999999997,3.4,1.739122,11.4,265.4,18.6,1.1808761999999997,3.4,1.739122,11.4,265.4,18.6,23.0,9.0,17.0,9.0,17.0,0.1,1,1,0,1.6176470588235294,1.6046772058823529,1.405808294117647,6.676470588235294,7.382352941176471,281.52941176470586,19.323529411764707,34.0,1.434782608695652,1.434782608695652,1.4574131304347826,1.516421352173913,5.434782608695652,7.130434782608695,245.43478260869568,19.26086956521739,1.4574131304347826,1.516421352173913,5.434782608695652,7.130434782608695,245.43478260869568,19.26086956521739,7.083333333333333,1.5242918772477096,-0.5219832083333332,-0.3161989583333333,1.0000000000000009,1.1411764705882357,-5.0,-7.0,-5.0,-7.0,-0.9294875820759004,0.7358989166666666,-0.0011081250000002,0.1470588235294117,0.5378204999999998,-0.1523635294117644,-0.0869565217391303,1.00024,-1.80663,-2.0,38.0,1.00024,-1.80663,-2.0,38.0,0.7252796666666669,-0.3618399999999999,-0.3333333333333335,77.99999999999997,0.7252796666666669,-0.3618399999999999,-0.3333333333333335,77.99999999999997,0.1641040000000002,0.0800100000000001,0.8000000000000003,-17.400000000000034,0.1641040000000002,0.0800100000000001,0.8000000000000003,-17.400000000000034,1.0527597402597402,0.4317656129529684,0.2713955281418658,0.2968388589051658,0.1349267540478025,0.7286044718581342,0.4317656129529684,0.1349267540478025,1.0771064422966472,2,1540.1979689253817,1537.7063549795926,2.491613945788913,0.5889752296741534,draw,3.5,0.5077041,0.27139552814186585,0.23630855100928772,0.7769642770290375,False,-1.0,False,Bundesliga 2025_132_135_2026-03-01 16:30:00|draw,"train=ALL|bet=Bundesliga|outcome=draw|odds=[2.00,10.00)|fav=nonfavorite","train=ALL|bet=Bundesliga|outcome=draw|odds=[2.00,10.00)|fav=nonfavorite"
Bundesliga 2025_132_136_2025-12-06 17:30:00,2025-12-06 17:30:00,Bundesliga,2025,136,RasenBallsport Leipzig,132,Eintracht Frankfurt,w,1.09232,8.0,0.388883,4.0,235.0,21.0,1.09232,8.0,0.388883,4.0,235.0,21.0,1.694176666666667,10.333333333333334,1.029081666666667,5.666666666666667,262.0,18.666666666666668,1.694176666666667,10.333333333333334,1.029081666666667,5.666666666666667,262.0,18.666666666666668,1.902324,9.8,0.9593054,6.0,279.4,16.4,1.902324,9.8,0.9593054,6.0,279.4,16.4,12.0,10.0,23.0,10.0,23.0,-0.2999999999999998,0,2,1,1.5,1.5392821176470588,1.8932451176470588,8.382352941176471,8.0,251.8235294117647,20.91176470588235,34.0,2.1666666666666665,2.1666666666666665,1.9613175,1.3155815,9.083333333333334,8.0,277.3333333333333,18.33333333333333,1.9613175,1.3155815,9.083333333333334,8.0,277.3333333333333,18.33333333333333,7.916666666666667,1.0513456171449924,-0.1082695833333329,-0.1403220833333331,1.79,4.24,4.13,132,Eintracht Frankfurt,1.66051,14.0,1.60645,5.0,228.0,15.0,1.66051,14.0,1.60645,5.0,228.0,15.0,1.96137,8.333333333333334,1.0390496666666666,4.666666666666667,227.66666666666663,14.666666666666666,1.96137,8.333333333333334,1.0390496666666666,4.666666666666667,227.66666666666663,14.666666666666666,1.906898,9.2,0.8938008,4.0,218.2,15.8,1.906898,9.2,0.8938008,4.0,218.2,15.8,12.0,11.0,15.0,11.0,15.0,0.7000000000000002,0,6,1,1.7647058823529411,2.1424977058823527,1.5581718235294115,8.0,7.0588235294117645,261.8235294117647,19.558823529411764,34.0,1.75,1.75,1.8442874166666667,1.3646546666666666,7.833333333333333,5.083333333333333,233.5,19.75,1.8442874166666667,1.3646546666666666,7.833333333333333,5.083333333333333,233.5,19.75,6.041666666666667,1.1537061760876872,0.1293629999999999,-0.2056270833333335,1.875,1.3103448275862069,-1.0,8.0,-1.0,8.0,-0.1023605589426948,-0.2376325833333328,0.0653050000000003,-0.2647058823529411,-0.6032155882352939,-0.3350732941176473,0.4166666666666665,-0.56819,1.2175669999999998,-6.0,-7.0,-0.56819,1.2175669999999998,-6.0,-7.0,-0.2671933333333327,0.0099679999999999,2.0,-34.33333333333334,-0.2671933333333327,0.0099679999999999,2.0,-34.33333333333334,-0.0045739999999998,-0.0655045999999999,0.6000000000000014,-61.19999999999999,-0.0045739999999998,-0.0655045999999999,0.6000000000000014,-61.19999999999999,1.0366390250861954,0.5389139366334805,0.2275131949466816,0.2335728684198378,0.3053410682136427,0.7724868050533183,0.5389139366334805,0.3053410682136427,1.0096762117778697,2,1593.8309954300876,1570.3945663391603,23.43642909092705,0.6178184046668164,draw,4.24,0.5947605,0.22751319494668162,0.36724728259619555,1.5217844247817993,False,-1.0,False,Bundesliga 2025_132_136_2025-12-06 17:30:00|draw,"train=Bundesliga|bet=Bundesliga|outcome=draw|odds=[4.00,10.00)|fav=nonfavorite","train=Bundesliga|bet=Bundesliga|outcome=draw|odds=[4.00,10.00)|fav=nonfavorite"
Bundesliga 2025_132_240_2025-09-21 13:30:00,2025-09-21 13:30:00,Bundesliga,2025,132,Eintracht Frankfurt,240,Union Berlin,l,0.791863,2.0,2.31465,3.0,178.0,18.0,0.791863,2.0,2.31465,3.0,178.0,18.0,1.9065243333333333,5.0,1.3947506666666667,5.333333333333333,237.66666666666663,20.666666666666668,1.9065243333333333,5.0,1.3947506666666667,5.333333333333333,237.66666666666663,20.666666666666668,1.9065243333333333,5.0,1.3947506666666667,5.333333333333333,237.66666666666663,20.666666666666668,2.000913682352941,6.2,1.4601191294117646,6.023529411764706,247.32941176470587,20.22352941176471,3.0,6.0,6.0,9.529411764705882,18.352941176470587,0.6,-1,0,1,1.7647058823529411,2.1424977058823527,1.5581718235294115,8.0,7.0588235294117645,261.8235294117647,19.558823529411764,34.0,2.0,2.0,1.9065243333333333,1.3947506666666667,5.0,5.333333333333333,237.66666666666663,20.666666666666668,1.9065243333333333,1.3947506666666667,5.0,5.333333333333333,237.66666666666663,20.666666666666668,8.791666666666666,1.0490293591761082,0.0,0.0,1.58,4.47,5.57,240,Union Berlin,3.0814,6.0,3.34084,6.0,263.0,21.0,3.0814,6.0,3.34084,6.0,263.0,21.0,1.527329333333333,3.0,2.32279,9.333333333333334,359.3333333333333,19.0,1.527329333333333,3.0,2.32279,9.333333333333334,359.3333333333333,19.0,1.527329333333333,3.0,2.32279,9.333333333333334,359.3333333333333,19.0,1.4223717294117648,4.011764705882353,2.001108870588235,8.470588235294118,344.01176470588234,19.823529411764707,3.0,3.0,3.0,5.411764705882353,11.441176470588236,0.3,-2,0,2,1.2058823529411764,1.2649353235294118,1.518587176470588,5.529411764705882,7.176470588235294,321.02941176470586,21.058823529411764,34.0,1.0,1.0,1.527329333333333,2.32279,3.0,9.333333333333334,359.3333333333333,19.0,1.527329333333333,2.32279,3.0,9.333333333333334,359.3333333333333,19.0,8.0,0.654737637755765,0.0,0.0,0.7916666666666661,1.0989583333333333,3.0,3.0,4.117647058823529,6.911764705882352,0.3942917214203432,0.0,0.0,0.5588235294117647,0.8775623823529408,-0.0395846470588234,1.0,-2.289537,1.0261900000000002,-4.0,85.0,-2.289537,1.0261900000000002,-4.0,85.0,0.3791950000000001,0.9280393333333332,2.0,121.66666666666666,0.3791950000000001,0.9280393333333332,2.0,121.66666666666666,0.3791950000000001,0.9280393333333332,2.0,121.66666666666666,0.5785419529411762,0.5409897411764706,2.1882352941176477,96.68235294117648,1.036158252582026,0.6108250268025152,0.2159068327400389,0.1732681404574459,0.4375568863450692,0.784093167259961,0.6108250268025152,0.3949181940624762,0.9357926661967144,0,1568.599450775389,1481.209906370468,87.38954440492103,0.7002403023846223,draw,4.47,0.3933054,0.21590683274003897,0.17739855833318796,0.7580750980973243,False,-1.0,False,Bundesliga 2025_132_240_2025-09-21 13:30:00|draw,"train=Bundesliga|bet=Bundesliga|outcome=draw|odds=[4.00,10.00)|fav=nonfavorite","train=Bundesliga|bet=Bundesliga|outcome=draw|odds=[4.00,10.00)|fav=nonfavorite"
Bundesliga 2025_133_134_2026-02-14 17:30:00,2026-02-14 17:30:00,Bundesliga,2025,133,VfB Stuttgart,134,FC Cologne,w,0.912627,6.0,1.66217,8.0,140.0,14.0,0.912627,6.0,1.66217,8.0,140.0,14.0,2.197159,10.0,1.2734423333333331,4.333333333333333,171.0,21.33333333333333,2.197159,10.0,1.2734423333333331,4.333333333333333,171.0,21.33333333333333,2.4667774,9.4,1.320885,4.6,176.2,18.8,2.4667774,9.4,1.320885,4.6,176.2,18.8,21.0,10.0,17.0,10.0,17.0,0.3,-1,0,1,1.4705882352941178,2.093708794117647,1.5532095,10.147058823529411,5.647058823529412,225.5,20.735294117647054,34.0,1.8571428571428568,1.8571428571428568,1.8638947142857143,1.4038469523809525,7.904761904761905,5.857142857142857,204.14285714285717,20.571428571428573,1.8638947142857143,1.4038469523809525,7.904761904761905,5.857142857142857,204.14285714285717,20.571428571428573,7.125,0.8107744135477506,-0.1197606249999996,0.1047325833333332,1.45,4.75,6.5,134,FC Cologne,1.12167,6.0,3.0577,8.0,231.0,25.0,1.12167,6.0,3.0577,8.0,231.0,25.0,1.41615,7.0,2.3237633333333334,4.666666666666667,241.66666666666663,19.666666666666668,1.41615,7.0,2.3237633333333334,4.666666666666667,241.66666666666663,19.666666666666668,1.4751758,6.2,2.199674,5.8,252.0,19.2,1.4751758,6.2,2.199674,5.8,252.0,19.2,21.0,6.0,9.0,6.0,9.0,0.2999999999999999,-1,0,1,,,,,,,,,1.0952380952380951,1.0952380952380951,1.522865238095238,1.8753203333333333,5.714285714285714,6.523809523809524,260.4761904761905,16.428571428571427,1.522865238095238,1.8753203333333333,5.714285714285714,6.523809523809524,260.4761904761905,16.428571428571427,6.125,0.8134623682393024,0.0104267499999999,0.2095608333333332,1.0,1.163265306122449,4.0,8.0,4.0,8.0,-0.0026879546915518,-0.1301873749999995,-0.1048282499999999,,,,0.7619047619047619,-0.2090429999999999,1.3955300000000002,0.0,91.0,-0.2090429999999999,1.3955300000000002,0.0,91.0,0.7810090000000001,1.050321,3.0,70.66666666666666,0.7810090000000001,1.050321,3.0,70.66666666666666,0.9916016,0.8787889999999998,3.2,75.80000000000001,0.9916016,0.8787889999999998,3.2,75.80000000000001,1.0540276420494208,0.6543046357615894,0.1997350993377483,0.1459602649006622,0.5083443708609271,0.8002649006622518,0.6543046357615894,0.454569536423841,0.8801593447327538,2,1578.5207434284894,1452.0552519716612,126.4654914568282,0.7452394805151741,draw,4.75,0.31707394,0.1997350993377483,0.11733884189302562,0.5061012208461761,False,-1.0,False,Bundesliga 2025_133_134_2026-02-14 17:30:00|draw,"train=Bundesliga|bet=Bundesliga|outcome=draw|odds=[4.00,10.00)|fav=nonfavorite","train=Bundesliga|bet=Bundesliga|outcome=draw|odds=[4.00,10.00)|fav=nonfavorite"
Bundesliga 2025_133_135_2026-02-01 14:30:00,2026-02-01 14:30:00,Bundesliga,2025,133,VfB Stuttgart,135,Freiburg,w,2.72682,11.0,1.22197,3.0,274.0,26.0,2.72682,11.0,1.22197,3.0,274.0,26.0,2.8230766666666667,9.333333333333334,1.335356,4.333333333333333,214.0,18.666666666666668,2.8230766666666667,9.333333333333334,1.335356,4.333333333333333,214.0,18.666666666666668,2.523722,7.2,1.2286845999999998,5.6,236.2,21.2,2.523722,7.2,1.2286845999999998,5.6,236.2,21.2,19.0,11.0,18.0,11.0,18.0,0.4000000000000001,1,6,0,1.4705882352941178,2.093708794117647,1.5532095,10.147058823529411,5.647058823529412,225.5,20.735294117647054,34.0,1.894736842105263,1.894736842105263,1.856691157894737,1.4148646842105264,7.736842105263157,5.947368421052632,213.05263157894737,20.73684210526316,1.856691157894737,1.4148646842105264,7.736842105263157,5.947368421052632,213.05263157894737,20.73684210526316,7.0,0.8717283440195291,0.7594900416666666,-0.170089125,1.67,4.1,4.75,135,Freiburg,2.56728,5.0,1.69119,8.0,232.0,14.0,2.56728,5.0,1.69119,8.0,232.0,14.0,1.435344,5.0,1.826911,8.666666666666666,245.33333333333331,23.666666666666668,1.435344,5.0,1.826911,8.666666666666666,245.33333333333331,23.666666666666668,1.9801684,5.6,1.527475,7.0,247.2,21.6,1.9801684,5.6,1.527475,7.0,247.2,21.6,19.0,10.0,17.0,10.0,17.0,0.3,1,2,0,1.6176470588235294,1.6046772058823529,1.405808294117647,6.676470588235294,7.382352941176471,281.52941176470586,19.323529411764707,34.0,1.4210526315789471,1.4210526315789471,1.5886000526315789,1.4670142684210523,5.947368421052632,6.052631578947368,239.47368421052636,19.157894736842103,1.5886000526315789,1.4670142684210523,5.947368421052632,6.052631578947368,239.47368421052636,19.157894736842103,6.916666666666667,1.0100151077039694,-0.560173875,0.3484576124999996,0.083333333333333,1.0120481927710845,1.0,1.0,1.0,1.0,-0.1382867636844402,1.3196639166666666,-0.5185467374999997,-0.1470588235294117,0.4890315882352942,-0.1474012058823528,0.4736842105263157,0.1595400000000002,0.4692199999999999,6.0,-42.0,0.1595400000000002,0.4692199999999999,6.0,-42.0,1.3877326666666667,0.4915549999999997,4.333333333333334,31.333333333333343,1.3877326666666667,0.4915549999999997,4.333333333333334,31.333333333333343,0.5435536000000001,0.2987904000000001,1.6000000000000003,11.0,0.5435536000000001,0.2987904000000001,1.6000000000000003,11.0,1.0532311500234448,0.5685384402049366,0.2315754134493278,0.1998861463457355,0.368652293859201,0.7684245865506721,0.5685384402049366,0.3369630267556087,0.981624084382809,2,1584.6784400745278,1538.8551980833138,45.82324199121399,0.6477508853193277,draw,4.1,0.54017,0.23157541344932783,0.3085946004552437,1.2146970570087432,False,-1.0,False,Bundesliga 2025_133_135_2026-02-01 14:30:00|draw,"train=ALL|bet=Bundesliga|outcome=draw|odds=[2.00,10.00)|fav=nonfavorite","train=Bundesliga|bet=Bundesliga|outcome=draw|odds=[4.00,10.00)|fav=nonfavorite|train=ALL|bet=Bundesliga|outcome=draw|odds=[2.00,10.00)|fav=nonfavorite"
Bundesliga 2025_133_280_2025-10-05 13:30:00,2025-10-05 13:30:00,Bundesliga,2025,133,VfB Stuttgart,280,FC Heidenheim,w,2.20939,11.0,1.07972,8.0,227.0,21.0,2.20939,11.0,1.07972,8.0,227.0,21.0,1.848828,8.0,1.2731633333333334,6.333333333333333,224.33333333333331,19.666666666666668,1.848828,8.0,1.2731633333333334,6.333333333333333,224.33333333333331,19.666666666666668,1.6546118,7.8,1.1912162,5.6,200.0,18.8,1.6546118,7.8,1.1912162,5.6,200.0,18.8,5.0,9.0,9.0,9.0,16.352941176470587,0.9,2,2,0,1.4705882352941178,2.093708794117647,1.5532095,10.147058823529411,5.647058823529412,225.5,20.735294117647054,34.0,1.8,1.8,1.6546118,1.1912162,7.8,5.6,200.0,18.8,1.6546118,1.1912162,7.8,5.6,200.0,18.8,6.916666666666667,1.0878684654505826,0.1942161999999998,0.0819471333333334,1.44,5.16,6.75,280,FC Heidenheim,1.79097,8.0,0.619833,5.0,254.0,27.0,1.79097,8.0,0.619833,5.0,254.0,27.0,1.5753553333333334,7.333333333333333,2.2637976666666666,12.666666666666666,270.6666666666667,18.33333333333333,1.5753553333333334,7.333333333333333,2.2637976666666666,12.666666666666666,270.6666666666667,18.33333333333333,1.2958408,5.2,2.5331486,10.6,272.2,17.2,1.2958408,5.2,2.5331486,10.6,272.2,17.2,5.0,3.0,3.0,3.0,7.264705882352941,0.3,1,1,0,0.8529411764705882,1.2635945588235291,1.8922796764705885,6.088235294117647,9.117647058823527,299.0,18.529411764705884,34.0,0.6,0.6,1.2958408,2.5331486,5.2,10.6,272.2,17.2,1.2958408,2.5331486,5.2,10.6,272.2,17.2,8.0,0.4630198400200055,0.2795145333333333,-0.269350933333333,-1.083333333333333,0.8645833333333334,6.0,6.0,6.0,9.088235294117643,0.624848625430577,-0.0852983333333334,0.3512980666666665,0.6176470588235295,0.8301142352941178,0.3390701764705883,1.2000000000000002,0.41842,-0.459887,3.0,27.0,0.41842,-0.459887,3.0,27.0,0.2734726666666665,0.9906343333333332,0.666666666666667,46.33333333333334,0.2734726666666665,0.9906343333333332,0.666666666666667,46.33333333333334,0.3587709999999999,1.3419323999999997,2.6,72.19999999999999,0.3587709999999999,1.3419323999999997,2.6,72.19999999999999,1.0363910422049956,0.670060253480158,0.1869935591107417,0.1429461874091003,0.5271140660710576,0.8130064408892582,0.670060253480158,0.4830666943694162,0.8598837756491804,2,1546.425918649849,1430.6086565286282,115.81726212122088,0.7334280899048965,draw,5.16,0.38118485,0.18699355911074175,0.19419128705205427,0.9669138062000275,False,-1.0,False,Bundesliga 2025_133_280_2025-10-05 13:30:00|draw,"train=Bundesliga|bet=Bundesliga|outcome=draw|odds=[4.00,10.00)|fav=nonfavorite","train=Bundesliga|bet=Bundesliga|outcome=draw|odds=[4.00,10.00)|fav=nonfavorite"
Bundesliga 2025_134_136_2025-09-20 16:30:00,2025-09-20 16:30:00,Bundesliga,2025,136,RasenBallsport Leipzig,134,FC Cologne,w,1.5009,6.0,0.770276,15.0,215.0,18.0,1.5009,6.0,0.770276,15.0,215.0,18.0,1.7734433333333337,7.333333333333333,1.6797026666666666,10.666666666666666,247.33333333333331,21.0,1.7734433333333337,7.333333333333333,1.6797026666666666,10.666666666666666,247.33333333333331,21.0,1.7734433333333337,7.333333333333333,1.6797026666666666,10.666666666666666,247.33333333333331,21.0,1.6797788470588235,7.752941176470588,1.7651196470588235,9.6,249.12941176470585,20.964705882352938,3.0,6.0,6.0,9.0,16.5,0.6,2,2,0,1.5,1.5392821176470588,1.8932451176470588,8.382352941176471,8.0,251.8235294117647,20.91176470588235,34.0,2.0,2.0,1.7734433333333337,1.6797026666666666,7.333333333333333,10.666666666666666,247.33333333333331,21.0,1.7734433333333337,1.6797026666666666,7.333333333333333,10.666666666666666,247.33333333333331,21.0,7.125,1.1277495942680718,0.0,0.0,1.68,4.39,4.73,134,FC Cologne,1.72631,5.0,1.79835,3.0,260.0,18.0,1.72631,5.0,1.79835,3.0,260.0,18.0,1.7379166666666668,6.666666666666667,1.349324,7.333333333333333,260.3333333333333,16.333333333333332,1.7379166666666668,6.666666666666667,1.349324,7.333333333333333,260.3333333333333,16.333333333333332,1.7379166666666668,6.666666666666667,1.349324,7.333333333333333,260.3333333333333,16.333333333333332,1.7379166666666668,6.666666666666667,1.349324,7.333333333333333,260.3333333333333,16.333333333333332,3.0,7.0,7.0,7.0,7.0,0.7,0,3,1,,,,,,,,,2.333333333333333,2.333333333333333,1.7379166666666668,1.349324,6.666666666666667,7.333333333333333,260.3333333333333,16.333333333333332,1.7379166666666668,1.349324,6.666666666666667,7.333333333333333,260.3333333333333,16.333333333333332,7.125,1.3426036919026414,0.0,0.0,0.0,1.0,-1.0,-1.0,2.0,9.5,-0.2148540976345696,0.0,0.0,,,,-0.3333333333333335,-0.2254100000000001,1.028074,1.0,45.0,-0.2254100000000001,1.028074,1.0,45.0,0.0355266666666667,-0.3303786666666666,0.6666666666666661,12.999999999999972,0.0355266666666667,-0.3303786666666666,0.6666666666666661,12.999999999999972,0.0355266666666667,-0.3303786666666666,0.6666666666666661,12.999999999999972,-0.058137819607843,-0.4157956470588235,1.0862745098039213,11.203921568627464,1.0344450185261755,0.5754178178422282,0.220205451930511,0.2043767302272607,0.3710410876149674,0.779794548069489,0.5754178178422282,0.3552123659117172,0.9757307743460706,2,1558.8506913674312,1491.4127984596162,67.43789290781501,0.6755929030881579,draw,4.39,0.4569325,0.22020545193051103,0.23672703317309615,1.0059336096048352,False,-1.0,False,Bundesliga 2025_134_136_2025-09-20 16:30:00|draw,"train=Bundesliga|bet=Bundesliga|outcome=draw|odds=[4.00,10.00)|fav=nonfavorite","train=Bundesliga|bet=Bundesliga|outcome=draw|odds=[4.00,10.00)|fav=nonfavorite"
Bundesliga 2025_134_288_2025-12-06 14:30:00,2025-12-06 14:30:00,Bundesliga,2025,134,FC Cologne,288,St. Pauli,d,1.1848,4.0,1.53668,7.0,282.0,23.0,1.1848,4.0,1.53668,7.0,282.0,23.0,1.5774033333333335,6.333333333333333,2.147933333333333,8.0,294.6666666666667,23.0,1.5774033333333335,6.333333333333333,2.147933333333333,8.0,294.6666666666667,23.0,1.86232,6.0,1.945602,9.0,296.0,19.4,1.86232,6.0,1.945602,9.0,296.0,19.4,12.0,4.0,9.0,4.0,9.0,-0.0999999999999999,0,1,3,,,,,,,,,1.25,1.25,1.569191166666667,1.8603468333333333,6.0,8.0,269.9166666666667,17.166666666666668,1.569191166666667,1.8603468333333333,6.0,8.0,269.9166666666667,17.166666666666668,7.0,0.4295717169520198,0.0494153333333333,0.3378983333333329,1.99,3.69,3.82,288,St. Pauli,0.74073,3.0,2.53942,15.0,518.0,11.0,0.74073,3.0,2.53942,15.0,518.0,11.0,0.650065,5.0,1.534477,7.0,389.0,18.666666666666668,0.650065,5.0,1.534477,7.0,389.0,18.666666666666668,0.6549124000000001,5.0,2.1311902,7.2,381.8,18.6,0.6549124000000001,5.0,2.1311902,7.2,381.8,18.6,12.0,0.0,3.0,0.0,3.0,-0.3,-9,0,9,0.9411764705882352,1.1609962,1.573424294117647,4.529411764705882,6.941176470588236,323.29411764705884,18.852941176470587,34.0,0.5833333333333334,0.5833333333333334,1.0171333333333334,1.840182,6.083333333333333,6.583333333333333,340.0,22.33333333333333,1.0171333333333334,1.840182,6.083333333333333,6.583333333333333,340.0,22.33333333333333,7.0,0.0,-0.0839699999999999,-0.404981875,0.0,1.0,4.0,6.0,4.0,6.0,0.4295717169520198,0.1333853333333333,0.742880208333333,,,,0.6666666666666666,0.4440700000000001,1.0027399999999995,1.0,236.0,0.4440700000000001,1.0027399999999995,1.0,236.0,0.9273383333333336,-0.6134563333333332,1.333333333333333,94.33333333333331,0.9273383333333336,-0.6134563333333332,1.333333333333333,94.33333333333331,1.2074075999999998,0.1855881999999999,1.0,85.80000000000001,1.2074075999999998,0.1855881999999999,1.0,85.80000000000001,1.0352953775532123,0.4853808620315625,0.2617636627216286,0.2528554752468088,0.2325253867847537,0.7382363372783713,0.4853808620315625,0.2236171993099339,1.0493493804526146,1,1472.3073604564004,1417.168373136264,55.13898732013649,0.659887582783682,draw,3.69,0.43517965,0.26176366272162865,0.17341598806191016,0.6058129113912583,True,2.69,False,Bundesliga 2025_134_288_2025-12-06 14:30:00|draw,"train=ALL|bet=Bundesliga|outcome=draw|odds=[2.00,10.00)|fav=nonfavorite","train=ALL|bet=Bundesliga|outcome=draw|odds=[2.00,10.00)|fav=nonfavorite"
Bundesliga 2025_135_288_2025-11-09 14:30:00,2025-11-09 14:30:00,Bundesliga,2025,135,Freiburg,288,St. Pauli,w,1.16519,4.0,1.34842,4.0,119.0,13.0,1.16519,4.0,1.34842,4.0,119.0,13.0,0.9456823333333334,5.0,1.5296426666666665,5.0,266.3333333333333,15.333333333333334,0.9456823333333334,5.0,1.5296426666666665,5.0,266.3333333333333,15.333333333333334,0.956964,3.6,1.4604704,4.8,266.2,16.0,0.956964,3.6,1.4604704,4.8,266.2,16.0,9.0,4.0,10.0,4.0,11.617647058823527,-0.1999999999999999,0,1,5,1.6176470588235294,1.6046772058823529,1.405808294117647,6.676470588235294,7.382352941176471,281.52941176470586,19.323529411764707,34.0,1.1111111111111112,1.1111111111111112,1.3374124444444444,1.362924,5.0,4.888888888888889,251.11111111111111,16.444444444444443,1.3374124444444444,1.362924,5.0,4.888888888888889,251.11111111111111,16.444444444444443,8.0,0.8359771107719879,-0.2748479166666665,0.1590919166666664,1.87,3.61,4.48,288,St. Pauli,0.804394,6.0,3.6262,6.0,349.0,22.0,0.804394,6.0,3.6262,6.0,349.0,22.0,0.7321116666666666,5.333333333333333,2.614516666666667,7.666666666666667,347.3333333333333,19.33333333333333,0.7321116666666666,5.333333333333333,2.614516666666667,7.666666666666667,347.3333333333333,19.33333333333333,0.784417,5.6,2.182448,6.6,333.2,22.4,0.784417,5.6,2.182448,6.6,333.2,22.4,9.0,0.0,7.0,0.0,7.9411764705882355,-0.7,-6,0,6,0.9411764705882352,1.1609962,1.573424294117647,4.529411764705882,6.941176470588236,323.29411764705884,18.852941176470587,34.0,0.7777777777777778,0.7777777777777778,1.1394894444444443,1.9420836666666668,6.444444444444445,6.444444444444445,323.6666666666667,23.55555555555556,1.1394894444444443,1.9420836666666668,6.444444444444445,6.444444444444445,323.6666666666667,23.55555555555556,8.0,0.0,-0.3663489583333333,0.692533791666667,0.0,1.0,4.0,3.0,4.0,3.6764705882352935,0.8359771107719879,0.0915010416666668,-0.5334418750000005,0.6764705882352942,0.4436810058823528,0.167616,0.3333333333333333,0.3607959999999999,2.27778,-2.0,230.0,0.3607959999999999,2.27778,-2.0,230.0,0.2135706666666668,1.0848740000000003,-0.333333333333333,81.0,0.2135706666666668,1.0848740000000003,-0.333333333333333,81.0,0.1725469999999999,0.7219776,-2.0,67.0,0.1725469999999999,0.7219776,-2.0,67.0,1.034981954252363,0.5166847171505154,0.2676455460031757,0.2156697368463089,0.3010149803042065,0.7323544539968243,0.5166847171505154,0.2490391711473397,1.0247987875955515,2,1524.722041344864,1435.4299853355144,89.29205600934961,0.7025340607715729,draw,3.61,0.45368287,0.2676455460031757,0.18603732366959957,0.6377951595187186,False,-1.0,False,Bundesliga 2025_135_288_2025-11-09 14:30:00|draw,"train=ALL|bet=Bundesliga|outcome=draw|odds=[2.00,10.00)|fav=nonfavorite","train=ALL|bet=Bundesliga|outcome=draw|odds=[2.00,10.00)|fav=nonfavorite"
Bundesliga 2025_136_280_2025-08-30 13:30:00,2025-08-30 13:30:00,Bundesliga,2025,136,RasenBallsport Leipzig,280,FC Heidenheim,w,0.52226,6.0,3.29885,13.0,375.0,21.0,0.52226,6.0,3.29885,13.0,375.0,21.0,0.52226,6.0,3.29885,13.0,375.0,21.0,1.200274745098039,7.588235294117648,2.3617800784313725,9.666666666666666,292.88235294117646,20.94117647058824,0.52226,6.0,3.29885,13.0,375.0,21.0,1.3358776941176471,7.905882352941177,2.174366094117647,9.0,276.45882352941175,20.929411764705883,1.0,0.0,0.0,6.0,13.5,0.0,-1,0,1,1.5,1.5392821176470588,1.8932451176470588,8.382352941176471,8.0,251.8235294117647,20.91176470588235,34.0,0.0,0.0,0.52226,3.29885,6.0,13.0,375.0,21.0,0.52226,3.29885,6.0,13.0,375.0,21.0,7.791666666666667,0.0,0.0,0.0,1.45,5.17,6.4,280,FC Heidenheim,0.783156,0.0,2.57718,5.0,240.0,14.0,0.783156,0.0,2.57718,5.0,240.0,14.0,0.783156,0.0,2.57718,5.0,240.0,14.0,1.1034483725490196,4.0588235294117645,2.1205797843137257,7.745098039215686,279.3333333333333,17.019607843137255,0.783156,0.0,2.57718,5.0,240.0,14.0,1.1675068470588237,4.870588235294117,2.0292597411764706,8.294117647058822,287.2,17.623529411764707,1.0,0.0,0.0,3.411764705882353,7.676470588235293,0.0,-1,0,1,0.8529411764705882,1.2635945588235291,1.8922796764705885,6.088235294117647,9.117647058823527,299.0,18.529411764705884,34.0,0.0,0.0,0.783156,2.57718,0.0,5.0,240.0,14.0,0.783156,2.57718,0.0,5.0,240.0,14.0,7.0,0.0,0.0,0.0,0.791666666666667,1.113095238095238,0.0,0.0,2.588235294117647,5.8235294117647065,0.0,0.0,0.0,0.6470588235294118,0.2756875588235294,-0.0009654411764705,0.0,-0.260896,-0.72167,6.0,-135.0,-0.260896,-0.72167,6.0,-135.0,-0.260896,-0.72167,6.0,-135.0,0.0968263725490197,-0.2412002941176467,3.529411764705883,-13.54901960784315,-0.260896,-0.72167,6.0,-135.0,0.1683708470588236,-0.1451063529411764,3.03529411764706,10.741176470588243,1.03932877009271,0.6635582428380913,0.1861043427689037,0.150337414393005,0.5132208284450862,0.8138956572310962,0.6635582428380913,0.4774539000691875,0.8699459341855849,2,1542.375922826155,1440.9273856065852,101.44853721956974,0.7169479595154556,draw,5.17,0.29383394,0.18610434276890375,0.10772959845233343,0.5191214761137961,False,-1.0,False,Bundesliga 2025_136_280_2025-08-30 13:30:00|draw,"train=Bundesliga|bet=Bundesliga|outcome=draw|odds=[4.00,10.00)|fav=nonfavorite","train=Bundesliga|bet=Bundesliga|outcome=draw|odds=[4.00,10.00)|fav=nonfavorite"
Bundesliga 2025_240_280_2025-11-29 14:30:00,2025-11-29 14:30:00,Bundesliga,2025,240,Union Berlin,280,FC Heidenheim,l,0.398431,1.0,0.568717,9.0,299.0,16.0,0.398431,1.0,0.568717,9.0,299.0,16.0,0.924877,3.6666666666666665,1.0254556666666663,8.0,344.3333333333333,20.666666666666668,0.924877,3.6666666666666665,1.0254556666666663,8.0,344.3333333333333,20.666666666666668,0.9585128,4.6,0.969923,7.0,333.8,22.6,0.9585128,4.6,0.969923,7.0,333.8,22.6,11.0,8.0,12.0,8.0,12.0,0.4000000000000001,1,3,0,1.2058823529411764,1.2649353235294118,1.518587176470588,5.529411764705882,7.176470588235294,321.02941176470586,21.058823529411764,34.0,1.3636363636363635,1.3636363636363635,1.304392909090909,1.6402977272727275,3.909090909090909,8.727272727272727,365.3636363636364,20.454545454545453,1.304392909090909,1.6402977272727275,3.909090909090909,8.727272727272727,365.3636363636364,20.454545454545453,5.916666666666667,1.6692526168311468,-0.2959147499999999,-0.3589074583333336,1.66,4.05,5.34,280,FC Heidenheim,0.363207,4.0,2.79666,17.0,327.0,15.0,0.363207,4.0,2.79666,17.0,327.0,15.0,0.4194886666666667,2.333333333333333,2.640713333333333,13.0,373.3333333333333,14.333333333333334,0.4194886666666667,2.333333333333333,2.640713333333333,13.0,373.3333333333333,14.333333333333334,1.0474262,4.8,2.4412639999999994,10.8,329.0,16.6,1.0474262,4.8,2.4412639999999994,10.8,329.0,16.6,11.0,2.0,5.0,2.0,5.0,-0.0999999999999999,-2,0,6,0.8529411764705882,1.2635945588235291,1.8922796764705885,6.088235294117647,9.117647058823527,299.0,18.529411764705884,34.0,0.4545454545454545,0.4545454545454545,1.0915706363636364,2.361806636363636,4.727272727272728,10.090909090909092,302.54545454545456,17.0,1.0915706363636364,2.361806636363636,4.727272727272728,10.090909090909092,302.54545454545456,17.0,7.0,0.3818884804711036,-0.8249004583333335,0.4837717083333333,-1.083333333333333,0.8452380952380952,6.0,7.0,6.0,7.0,1.2873641363600432,0.5289857083333336,-0.8426791666666669,0.3529411764705882,0.0013407647058825,0.3736925000000002,0.909090909090909,0.0352239999999999,2.227943,-3.0,28.0,0.0352239999999999,2.227943,-3.0,28.0,0.5053883333333333,1.6152576666666667,1.333333333333333,29.0,0.5053883333333333,1.6152576666666667,1.333333333333333,29.0,-0.0889134000000001,1.4713409999999991,-0.2000000000000001,-4.800000000000011,-0.0889134000000001,1.4713409999999991,-0.2000000000000001,-4.800000000000011,1.0365891364041269,0.5811460079969044,0.2381981168579904,0.1806558751451051,0.4004901328517993,0.7618018831420096,0.5811460079969044,0.342947891138914,0.9662817565937538,0,1501.6773592284171,1408.1157219501026,93.56163727831448,0.7076446077238229,draw,4.05,0.56127983,0.23819811685799044,0.32308171645881256,1.273183324933052,False,-1.0,False,Bundesliga 2025_240_280_2025-11-29 14:30:00|draw,"train=Bundesliga|bet=Bundesliga|outcome=draw|odds=[4.00,10.00)|fav=nonfavorite","train=Bundesliga|bet=Bundesliga|outcome=draw|odds=[4.00,10.00)|fav=nonfavorite"
EPL 2025_220_77_2025-12-20 15:00:00,2025-12-20 15:00:00,EPL,2025,220,Brighton,77,Sunderland,d,1.69004,8.0,2.4127,12.0,296.0,30.0,1.69004,8.0,2.4127,12.0,296.0,30.0,1.91793,7.0,2.4255166666666668,8.666666666666666,225.0,31.0,1.91793,7.0,2.4255166666666668,8.666666666666666,225.0,31.0,1.7576956,7.8,2.087333,8.8,221.8,28.6,1.7576956,7.8,2.087333,8.8,221.8,28.6,16.0,7.0,15.0,7.0,15.0,-0.1,-1,0,3,1.605263157894737,1.717812368421053,1.5558945,8.473684210526315,6.394736842105263,254.07894736842104,25.57894736842105,38.0,1.4375,1.4375,1.593806,1.5467924375000002,6.25,7.4375,239.8125,25.8125,1.593806,1.5467924375000002,6.25,7.4375,239.8125,25.8125,7.0,0.7964974139098377,0.291187625,0.7258026666666666,1.63,4.15,5.5,77,Sunderland,0.630045,5.0,0.169329,4.0,268.0,23.0,0.630045,5.0,0.169329,4.0,268.0,23.0,0.6563976666666667,3.0,1.3205696666666666,5.333333333333333,278.3333333333333,19.666666666666668,0.6563976666666667,3.0,1.3205696666666666,5.333333333333333,278.3333333333333,19.666666666666668,0.6723022000000001,4.0,1.7183477999999996,8.4,261.6,20.0,0.6723022000000001,4.0,1.7183477999999996,8.4,261.6,20.0,16.0,7.0,15.0,7.0,15.0,-0.1,1,1,0,,,,,,,,,1.625,1.625,0.9862849375,1.42965775,4.25,8.3125,257.9375,18.75,0.9862849375,1.42965775,4.25,8.3125,257.9375,18.75,6.041666666666667,2.0823968738813,-0.2558199583333332,-0.3221677083333332,0.958333333333333,1.1586206896551725,0.0,0.0,0.0,0.0,-1.2858994599714622,0.5470075833333333,1.0479703749999998,,,,-0.1875,1.059995,-2.243371,3.0,-28.0,1.059995,-2.243371,3.0,-28.0,1.2615323333333333,-1.104947,4.0,53.333333333333314,1.2615323333333333,-1.104947,4.0,53.333333333333314,1.0853933999999998,-0.3689852000000004,3.8,39.80000000000001,1.0853933999999998,-0.3689852000000004,3.8,39.80000000000001,1.036278969755206,0.5920190898598089,0.2325279798726477,0.1754529302675433,0.4165661595922655,0.7674720201273522,0.5920190898598089,0.3594911099871611,0.9549006333637912,1,1551.683079574743,1532.743126181442,18.93995339330104,0.611688401754954,draw,4.15,0.32663232,0.23252797987264778,0.09410434100824211,0.3555241316556932,True,3.1500000000000004,False,EPL 2025_220_77_2025-12-20 15:00:00|draw,"train=ALL|bet=EPL|outcome=draw|odds=[4.00,10.00)|fav=nonfavorite","train=ALL|bet=EPL|outcome=draw|odds=[4.00,10.00)|fav=nonfavorite"
EPL 2025_220_81_2025-12-07 14:00:00,2025-12-07 14:00:00,EPL,2025,220,Brighton,81,West Ham,d,1.96298,5.0,3.15745,11.0,246.0,41.0,1.96298,5.0,3.15745,11.0,246.0,41.0,1.6658893333333331,7.666666666666667,2.105855,9.666666666666666,226.66666666666663,30.33333333333333,1.6658893333333331,7.666666666666667,2.105855,9.666666666666666,226.66666666666663,30.33333333333333,1.6551950000000002,7.4,1.5032604000000005,8.2,240.2,26.6,1.6551950000000002,7.4,1.5032604000000005,8.2,240.2,26.6,14.0,10.0,18.0,10.0,18.0,0.1999999999999999,-1,0,1,1.605263157894737,1.717812368421053,1.5558945,8.473684210526315,6.394736842105263,254.07894736842104,25.57894736842105,38.0,1.5714285714285714,1.5714285714285714,1.5507204285714289,1.473541357142857,6.0,7.428571428571429,243.42857142857144,25.785714285714285,1.5507204285714289,1.473541357142857,6.0,7.428571428571429,243.42857142857144,25.785714285714285,3.7708333333333335,1.2083168446970516,0.2319127083333332,0.7144617499999999,1.56,4.52,5.73,81,West Ham,1.36584,8.0,2.27674,7.0,248.0,24.0,1.36584,8.0,2.27674,7.0,248.0,24.0,0.7069246666666665,5.0,2.442553333333333,8.333333333333334,268.3333333333333,19.33333333333333,0.7069246666666665,5.0,2.442553333333333,8.333333333333334,268.3333333333333,19.33333333333333,1.3003768,4.4,1.945211,7.8,279.4,18.0,1.3003768,4.4,1.945211,7.8,279.4,18.0,14.0,8.0,9.0,8.0,9.0,0.7000000000000001,0,1,3,1.131578947368421,1.3312907894736845,1.791778105263158,5.894736842105263,8.31578947368421,242.7894736842105,19.81578947368421,38.0,0.8571428571428571,0.8571428571428571,0.9953025714285716,2.044431,4.714285714285714,7.714285714285714,268.07142857142856,17.5,0.9953025714285716,2.044431,4.714285714285714,7.714285714285714,268.07142857142856,17.5,2.75,1.2304126002201188,-0.3087424583333334,0.1335152083333333,1.0208333333333337,1.371212121212121,2.0,9.0,2.0,9.0,-0.0220957555230671,0.5406551666666667,0.5809465416666666,0.4736842105263159,0.3865215789473684,0.2358836052631581,0.7142857142857143,0.59714,-0.8807099999999997,-3.0,2.0,0.59714,-0.8807099999999997,-3.0,2.0,0.9589646666666668,0.3366983333333331,2.666666666666667,41.66666666666666,0.9589646666666668,0.3366983333333331,2.666666666666667,41.66666666666666,0.3548182000000002,0.4419505999999997,3.0,39.19999999999999,0.3548182000000002,0.4419505999999997,3.0,39.19999999999999,1.0367846488867662,0.6182823421565257,0.2133894809212788,0.1683281769221954,0.4499541652343302,0.7866105190787211,0.6182823421565257,0.4048928612352468,0.9268193353980146,1,1563.052760283505,1459.228506561903,103.82425372160196,0.7197149704589967,draw,4.52,0.3214507,0.21338948092127882,0.10806122937535204,0.4529572105407713,True,3.5199999999999996,False,EPL 2025_220_81_2025-12-07 14:00:00|draw,"train=ALL|bet=EPL|outcome=draw|odds=[4.00,10.00)|fav=nonfavorite","train=ALL|bet=EPL|outcome=draw|odds=[4.00,10.00)|fav=nonfavorite"
EPL 2025_220_83_2025-12-27 15:00:00,2025-12-27 15:00:00,EPL,2025,83,Arsenal,220,Brighton,w,1.84723,13.0,0.213273,0.0,194.0,14.0,1.84723,13.0,0.213273,0.0,194.0,14.0,1.774946666666667,11.333333333333334,1.1843676666666667,4.666666666666667,173.0,16.0,1.774946666666667,11.333333333333334,1.1843676666666667,4.666666666666667,173.0,16.0,1.836876,9.0,0.9867466,3.8,172.2,19.0,1.836876,9.0,0.9867466,3.8,172.2,19.0,17.0,10.0,23.0,10.0,23.0,-0.2999999999999998,2,2,0,1.947368421052632,1.936050131578948,1.0521016236842105,9.63157894736842,4.105263157894737,193.55263157894737,22.0,38.0,2.294117647058824,2.294117647058824,1.9132893529411763,0.749192305882353,9.411764705882351,3.411764705882353,190.05882352941177,20.58823529411765,1.9132893529411763,0.749192305882353,9.411764705882351,3.411764705882353,190.05882352941177,20.58823529411765,6.791666666666667,1.0888051233628393,-0.2636245833333333,0.3283767666666666,1.39,5.09,8.08,220,Brighton,0.919272,10.0,1.31044,8.0,168.0,17.0,0.919272,10.0,1.31044,8.0,168.0,17.0,1.5700273333333332,8.666666666666666,1.8098466666666668,7.666666666666667,199.0,23.0,1.5700273333333332,8.666666666666666,1.8098466666666668,7.666666666666667,199.0,23.0,1.7460524,7.8,1.909463,9.0,218.0,27.0,1.7460524,7.8,1.909463,9.0,218.0,27.0,17.0,5.0,15.0,5.0,15.0,-0.5,0,1,4,1.605263157894737,1.717812368421053,1.5558945,8.473684210526315,6.394736842105263,254.07894736842104,25.57894736842105,38.0,1.411764705882353,1.411764705882353,1.554127529411765,1.532889352941177,6.470588235294118,7.470588235294118,235.58823529411765,25.294117647058822,1.554127529411765,1.532889352941177,6.470588235294118,7.470588235294118,235.58823529411765,25.294117647058822,7.0,0.5727204978988351,-0.0532297916666668,0.1916164166666667,-0.208333333333333,0.9702380952380952,5.0,8.0,5.0,8.0,0.5160846254640042,-0.2103947916666664,0.1367603499999998,0.3421052631578947,0.2182377631578949,0.5037928763157895,0.8823529411764703,0.927958,1.097167,3.0,-26.0,0.927958,1.097167,3.0,-26.0,0.2049193333333334,0.6254790000000001,2.666666666666668,26.0,0.2049193333333334,0.6254790000000001,2.666666666666668,26.0,0.0908236000000002,0.9227164,1.2000000000000002,45.80000000000001,0.0908236000000002,0.9227164,1.2000000000000002,45.80000000000001,1.0396504908932471,0.691986842437346,0.1889708665988037,0.1190422909638503,0.5729445514734957,0.8110291334011963,0.691986842437346,0.5030159758385423,0.8229925474754725,2,1675.1498381149513,1549.449311539644,125.70052657530732,0.7444025416703856,draw,5.09,0.26440373,0.1889708665988037,0.07543286403207095,0.3458149889111519,False,-1.0,False,EPL 2025_220_83_2025-12-27 15:00:00|draw,"train=ALL|bet=EPL|outcome=draw|odds=[4.00,10.00)|fav=nonfavorite","train=ALL|bet=EPL|outcome=draw|odds=[4.00,10.00)|fav=nonfavorite"
EPL 2025_220_83_2026-03-04 19:30:00,2026-03-04 19:30:00,EPL,2025,220,Brighton,83,Arsenal,l,1.20107,10.0,0.83055,2.0,273.0,29.0,1.20107,10.0,0.83055,2.0,273.0,29.0,1.0181353333333336,6.666666666666667,1.0323060000000002,6.666666666666667,253.33333333333331,28.33333333333333,1.0181353333333336,6.666666666666667,1.0323060000000002,6.666666666666667,253.33333333333331,28.33333333333333,1.0440908,6.4,1.0613164000000004,6.6,227.8,27.2,1.0440908,6.4,1.0613164000000004,6.6,227.8,27.2,28.0,7.0,13.0,7.0,13.0,0.0999999999999998,2,2,0,1.605263157894737,1.717812368421053,1.5558945,8.473684210526315,6.394736842105263,254.07894736842104,25.57894736842105,38.0,1.3214285714285714,1.3214285714285714,1.4709086785714285,1.5081682857142855,6.214285714285714,7.178571428571429,234.32142857142856,25.071428571428573,1.4709086785714285,1.5081682857142855,6.214285714285714,7.178571428571429,234.32142857142856,25.071428571428573,3.2291666666666665,1.340879547767133,-0.1686610416666665,-0.3546217499999999,4.75,4.1,1.65,83,Arsenal,1.71598,10.0,1.35268,4.0,334.0,22.0,1.71598,10.0,1.35268,4.0,334.0,22.0,2.347723333333333,8.0,0.6363543333333334,2.6666666666666665,234.33333333333331,25.33333333333333,2.347723333333333,8.0,0.6363543333333334,2.6666666666666665,234.33333333333331,25.33333333333333,1.804272,8.4,0.8295656000000001,2.8,223.4,24.8,1.804272,8.4,0.8295656000000001,2.8,223.4,24.8,29.0,11.0,19.0,11.0,19.0,0.3000000000000002,2,6,0,1.947368421052632,1.936050131578948,1.0521016236842105,9.63157894736842,4.105263157894737,193.55263157894737,22.0,38.0,2.206896551724138,2.206896551724138,2.010939689655173,0.791058351724138,9.20689655172414,3.206896551724138,202.0,21.620689655172413,2.010939689655173,0.791058351724138,9.20689655172414,3.206896551724138,202.0,21.620689655172413,3.125,1.2193283494706644,0.2411020833333332,-0.0243857916666666,0.1041666666666665,1.0333333333333332,-4.0,-6.0,-4.0,-6.0,0.1215511982964685,-0.4097631249999998,-0.3302359583333333,-0.3421052631578947,-0.2182377631578949,-0.5037928763157895,-0.8854679802955665,-0.51491,0.5221300000000001,0.0,61.0,-0.51491,0.5221300000000001,0.0,61.0,-1.3295879999999995,-0.3959516666666668,-1.333333333333333,-19.0,-1.3295879999999995,-0.3959516666666668,-1.333333333333333,-19.0,-0.7601811999999999,-0.2317508000000002,-2.0,-4.400000000000006,-0.7601811999999999,-0.2317508000000002,-2.0,-4.400000000000006,1.06048936087447,0.19851808377962,0.2299904629154134,0.5714914533049666,-0.3729733695253466,0.7700095370845865,0.5714914533049666,0.3415009903895531,0.978752690939252,0,1539.8127720926975,1686.1118115286506,-146.2990394359531,0.3782983361029167,draw,4.1,0.29323557,0.22999046291541345,0.06324510727692359,0.20226583778858176,False,-1.0,False,EPL 2025_220_83_2026-03-04 19:30:00|draw,"train=ALL|bet=EPL|outcome=draw|odds=[4.00,10.00)|fav=nonfavorite","train=ALL|bet=EPL|outcome=draw|odds=[4.00,10.00)|fav=nonfavorite"
EPL 2025_220_87_2025-12-13 15:00:00,2025-12-13 15:00:00,EPL,2025,87,Liverpool,220,Brighton,w,2.04805,5.0,1.79333,4.0,223.0,22.0,2.04805,5.0,1.79333,4.0,223.0,22.0,1.6641033333333335,6.333333333333333,0.9567146666666668,3.6666666666666665,193.0,20.666666666666668,1.6641033333333335,6.333333333333333,0.9567146666666668,3.6666666666666665,193.0,20.666666666666668,1.562628,7.4,1.1320308,4.8,187.0,21.4,1.562628,7.4,1.1320308,4.8,187.0,21.4,15.0,5.0,8.0,5.0,8.0,0.1999999999999999,0,3,2,2.210526315789474,2.4536668684210525,1.1136979210526317,11.63157894736842,5.2631578947368425,218.0,24.394736842105264,38.0,1.5333333333333334,1.5333333333333334,1.7658422,1.438639,8.733333333333333,5.6,165.73333333333332,18.6,1.7658422,1.438639,8.733333333333333,5.6,165.73333333333332,18.6,6.895833333333333,0.6399475754127089,-0.0873279166666665,-0.530485833333333,1.69,4.32,4.68,220,Brighton,2.10077,8.0,1.7064,3.0,133.0,22.0,2.10077,8.0,1.7064,3.0,133.0,22.0,2.0403166666666666,7.0,1.9413916666666668,8.333333333333334,208.66666666666663,29.33333333333333,2.0403166666666666,7.0,1.9413916666666668,8.333333333333334,208.66666666666663,29.33333333333333,1.547095,7.6,1.7727024,8.4,204.6,26.8,1.547095,7.6,1.7727024,8.4,204.6,26.8,15.0,8.0,18.0,8.0,18.0,-0.1999999999999999,0,1,2,1.605263157894737,1.717812368421053,1.5558945,8.473684210526315,6.394736842105263,254.07894736842104,25.57894736842105,38.0,1.5333333333333334,1.5333333333333334,1.5873904,1.4890652666666668,6.133333333333334,7.133333333333334,236.06666666666663,25.53333333333333,1.5873904,1.4890652666666668,6.133333333333334,7.133333333333334,236.06666666666663,25.53333333333333,6.041666666666667,1.0341963485068215,0.5176912916666667,0.3828739166666668,0.8541666666666661,1.1413793103448275,-3.0,-10.0,-3.0,-10.0,-0.3942487730941126,-0.6050192083333332,-0.9133597499999998,0.605263157894737,0.7358544999999999,0.4421965789473683,0.0,-0.0527199999999998,-0.0869300000000001,-3.0,-90.0,-0.0527199999999998,-0.0869300000000001,-3.0,-90.0,-0.376213333333333,0.984677,-0.666666666666667,15.666666666666655,-0.376213333333333,0.984677,-0.666666666666667,15.666666666666655,0.0155330000000002,0.6406715999999999,-0.1999999999999993,17.599999999999994,0.0155330000000002,0.6406715999999999,-0.1999999999999993,17.599999999999994,1.036872671488056,0.5706737120211361,0.2232496697490092,0.2060766182298547,0.3645970937912814,0.7767503302509908,0.5706737120211361,0.3474240422721269,0.980366854395992,2,1607.1372870164455,1558.658460874325,48.4788261421204,0.6512309350209005,draw,4.32,0.36828133,0.22324966974900923,0.14503166488958635,0.5909753656387331,False,-1.0,False,EPL 2025_220_87_2025-12-13 15:00:00|draw,"train=ALL|bet=EPL|outcome=draw|odds=[4.00,10.00)|fav=nonfavorite","train=ALL|bet=EPL|outcome=draw|odds=[4.00,10.00)|fav=nonfavorite"
EPL 2025_228_80_2025-08-30 11:30:00,2025-08-30 11:30:00,EPL,2025,80,Chelsea,228,Fulham,w,3.94997,5.0,0.978572,6.0,227.0,19.0,3.94997,5.0,0.978572,6.0,227.0,19.0,2.65895,6.0,1.006356,4.0,181.0,21.0,2.4140130614035087,6.956140350877193,1.146888105263158,4.649122807017544,198.0701754385965,21.140350877192983,2.65895,6.0,1.006356,4.0,181.0,21.0,2.218063510526316,7.721052631578948,1.259313789473684,5.16842105263158,211.7263157894737,21.25263157894737,2.0,4.0,4.0,9.447368421052632,18.526315789473685,0.4,1,2,0,1.8157894736842104,1.9241391842105264,1.4279523157894738,8.868421052631579,5.947368421052632,232.21052631578948,21.42105263157895,38.0,2.0,2.0,2.65895,1.006356,6.0,4.0,181.0,21.0,2.65895,1.006356,6.0,4.0,181.0,21.0,7.6875,0.7521766109268364,0.0,0.0,1.57,4.37,5.75,228,Fulham,1.65333,11.0,1.54603,11.0,218.0,22.0,1.65333,11.0,1.54603,11.0,218.0,22.0,1.2781065,8.5,1.493055,8.0,255.0,20.0,1.3608728771929826,7.701754385964912,1.4272343771929823,7.31578947368421,252.7894736842105,20.17543859649123,1.2781065,8.5,1.493055,8.0,255.0,20.0,1.4270859789473682,7.063157894736842,1.3745778789473686,6.768421052631579,251.02105263157893,20.31578947368421,2.0,2.0,2.0,6.2631578947368425,13.36842105263158,0.2,0,2,2,1.4210526315789471,1.5264056315789474,1.2955931315789475,6.105263157894737,5.947368421052632,248.3684210526316,20.526315789473685,38.0,1.0,1.0,1.2781065,1.493055,8.5,8.0,255.0,20.0,1.2781065,1.493055,8.5,8.0,255.0,20.0,5.833333333333333,0.7824074125347115,0.0,0.0,1.854166666666667,1.3178571428571428,2.0,2.0,3.1842105263157894,5.157894736842106,-0.030230801607875,0.0,0.0,0.3947368421052633,0.3977335526315788,-0.1323591842105262,1.0,2.29664,0.567458,-6.0,-9.0,2.29664,0.567458,-6.0,-9.0,1.3808435,0.486699,-2.5,74.0,1.053140184210526,0.2803462719298244,-0.7456140350877192,54.71929824561403,1.3808435,0.486699,-2.5,74.0,0.7909775315789476,0.1152640894736845,0.6578947368421053,39.294736842105294,1.0396886705825763,0.6126282734256715,0.2200975719172321,0.1672741546570964,0.4453541187685751,0.7799024280827679,0.6126282734256715,0.3925307015084394,0.9324506754990164,2,1588.0924449955844,1514.2569683850986,73.83547661048578,0.6836115104737669,draw,4.37,0.36671063,0.22009757191723212,0.14661306112224237,0.6025254663825035,False,-1.0,False,EPL 2025_228_80_2025-08-30 11:30:00|draw,"train=ALL|bet=EPL|outcome=draw|odds=[4.00,10.00)|fav=nonfavorite","train=ALL|bet=EPL|outcome=draw|odds=[4.00,10.00)|fav=nonfavorite"
EPL 2025_228_88_2026-02-11 19:30:00,2026-02-11 19:30:00,EPL,2025,88,Manchester City,228,Fulham,w,2.41476,12.0,1.26652,8.0,186.0,25.0,2.41476,12.0,1.26652,8.0,186.0,25.0,1.8387666666666664,9.666666666666666,1.1021943333333333,6.666666666666667,203.0,28.0,1.8387666666666664,9.666666666666666,1.1021943333333333,6.666666666666667,203.0,28.0,1.772471,10.6,1.5421966,5.0,201.2,26.4,1.772471,10.6,1.5421966,5.0,201.2,26.4,25.0,8.0,19.0,8.0,19.0,-0.2999999999999998,1,3,0,1.868421052631579,1.9249586842105264,1.392189394736842,11.342105263157896,5.2105263157894735,225.23684210526315,18.63157894736842,38.0,2.0,2.0,1.9790262,1.2161856,9.84,4.8,222.8,21.04,1.9790262,1.2161856,9.84,4.8,222.8,21.04,3.125,0.9026945996969548,0.1137672916666665,-0.3116212916666667,1.36,5.5,7.0,228,Fulham,2.20126,11.0,1.88778,6.0,218.0,17.0,2.20126,11.0,1.88778,6.0,218.0,17.0,1.6845566666666667,8.333333333333334,1.89264,6.333333333333333,247.0,17.666666666666668,1.6845566666666667,8.333333333333334,1.89264,6.333333333333333,247.0,17.666666666666668,1.2745192,8.8,2.059594,5.8,252.6,20.0,1.2745192,8.8,2.059594,5.8,252.6,20.0,25.0,6.0,17.0,6.0,17.0,-0.5,-2,0,2,1.4210526315789471,1.5264056315789474,1.2955931315789475,6.105263157894737,5.947368421052632,248.3684210526316,20.526315789473685,38.0,1.36,1.36,1.21558052,1.6050692800000002,7.2,6.52,251.2,19.28,1.21558052,1.6050692800000002,7.2,6.52,251.2,19.28,4.1875,0.941531520130645,0.4532469166666668,-0.0457874999999998,-1.0625,0.746268656716418,2.0,2.0,2.0,2.0,-0.0388369204336901,-0.3394796250000003,-0.2658337916666669,0.4473684210526316,0.398553052631579,-0.0965962631578944,0.6399999999999999,0.2134999999999998,0.6212599999999999,1.0,32.0,0.2134999999999998,0.6212599999999999,1.0,32.0,0.1542099999999997,0.7904456666666668,1.333333333333332,44.0,0.1542099999999997,0.7904456666666668,1.333333333333332,44.0,0.4979517999999998,0.5173973999999997,1.799999999999999,51.400000000000006,0.4979517999999998,0.5173973999999997,1.799999999999999,51.400000000000006,1.059969442322383,0.6936936936936937,0.1715315315315315,0.1347747747747747,0.558918918918919,0.8284684684684684,0.6936936936936937,0.5221621621621622,0.8262179300411407,2,1653.756144011927,1514.7848726811762,138.97127133075082,0.7586643423831692,draw,5.5,0.2949354,0.17153153153153156,0.12340387372283246,0.6221447288990021,False,-1.0,False,EPL 2025_228_88_2026-02-11 19:30:00|draw,"train=ALL|bet=EPL|outcome=draw|odds=[4.00,10.00)|fav=nonfavorite","train=ALL|bet=EPL|outcome=draw|odds=[4.00,10.00)|fav=nonfavorite"
EPL 2025_228_89_2026-02-01 14:00:00,2026-02-01 14:00:00,EPL,2025,89,Manchester United,228,Fulham,w,0.640902,1.0,1.42411,12.0,205.0,17.0,0.640902,1.0,1.42411,12.0,205.0,17.0,2.079520666666667,6.0,0.7102783333333335,8.0,224.0,18.33333333333333,2.079520666666667,6.0,0.7102783333333335,8.0,224.0,18.33333333333333,1.8638864,6.4,0.8637626,8.4,217.8,20.4,1.8638864,6.4,0.8637626,8.4,217.8,20.4,23.0,9.0,17.0,9.0,17.0,0.1,2,6,0,1.105263157894737,1.497666052631579,1.5980923684210526,8.131578947368421,5.7368421052631575,233.42105263157896,23.18421052631579,38.0,1.6521739130434785,1.6521739130434785,1.9589799565217392,1.3227312608695652,7.0,6.521739130434782,209.4782608695652,21.08695652173913,1.9589799565217392,1.3227312608695652,7.0,6.521739130434782,209.4782608695652,21.08695652173913,6.895833333333333,0.9657240912358476,0.232416541666667,-0.4984620416666664,1.57,4.5,5.0,228,Fulham,1.13243,7.0,1.94652,6.0,298.0,17.0,1.13243,7.0,1.94652,6.0,298.0,17.0,0.8171186666666669,8.666666666666666,2.1888566666666667,5.333333333333333,273.3333333333333,21.33333333333333,0.8171186666666669,8.666666666666666,2.1888566666666667,5.333333333333333,273.3333333333333,21.33333333333333,0.9629756,7.8,2.127766,6.8,271.8,21.4,0.9629756,7.8,2.127766,6.8,271.8,21.4,23.0,8.0,17.0,8.0,17.0,-0.0999999999999998,1,1,0,1.4210526315789471,1.5264056315789474,1.2955931315789475,6.105263157894737,5.947368421052632,248.3684210526316,20.526315789473685,38.0,1.4782608695652173,1.4782608695652173,1.1507944782608697,1.582405739130435,7.043478260869565,6.521739130434782,253.7826086956522,19.39130434782609,1.1507944782608697,1.582405739130435,7.043478260869565,6.521739130434782,253.7826086956522,19.39130434782609,7.958333333333333,1.6615166569824786,-0.3435623333333332,0.3992096666666667,-1.0625,0.8664921465968586,1.0,0.0,1.0,0.0,-0.6957925657466312,0.5759788750000002,-0.8976717083333331,-0.3157894736842104,-0.0287395789473683,-0.3024992368421051,0.1739130434782609,-0.4915280000000001,0.52241,-6.0,93.0,-0.4915280000000001,0.52241,-6.0,93.0,1.2624019999999998,1.478578333333333,-2.666666666666666,49.333333333333314,1.2624019999999998,1.478578333333333,-2.666666666666666,49.333333333333314,0.9009107999999996,1.2640033999999998,-1.3999999999999997,54.0,0.9009107999999996,1.2640033999999998,-1.3999999999999997,54.0,1.0591648973814578,0.6013630896699185,0.2098089001737271,0.1888280101563544,0.412535079513564,0.7901910998262729,0.6013630896699185,0.3915541894961913,0.9482167759638834,2,1553.1838288477538,1534.047573007815,19.13625583993894,0.6119567737308459,draw,4.5,0.3341238,0.2098089001737271,0.12431489009040253,0.5035570561885834,False,-1.0,False,EPL 2025_228_89_2026-02-01 14:00:00|draw,"train=ALL|bet=EPL|outcome=draw|odds=[4.00,10.00)|fav=nonfavorite","train=ALL|bet=EPL|outcome=draw|odds=[4.00,10.00)|fav=nonfavorite"
EPL 2025_229_71_2025-11-30 14:05:00,2025-11-30 14:05:00,EPL,2025,71,Aston Villa,229,Wolverhampton Wanderers,w,1.35978,5.0,1.84668,5.0,215.0,18.0,1.35978,5.0,1.84668,5.0,215.0,18.0,1.2258733333333334,7.0,1.7756033333333334,7.666666666666667,213.33333333333331,21.0,1.2258733333333334,7.0,1.7756033333333334,7.666666666666667,213.33333333333331,21.0,0.9747514,6.2,1.6421120000000002,7.8,223.6,18.4,0.9747514,6.2,1.6421120000000002,7.8,223.6,18.4,12.0,12.0,20.0,12.0,20.0,0.3999999999999999,2,2,0,1.736842105263158,1.7469801578947368,1.4473185,7.5,6.526315789473684,233.10526315789477,18.81578947368421,38.0,1.75,1.75,0.98085175,1.4686855,7.166666666666667,5.916666666666667,200.16666666666663,17.416666666666668,0.98085175,1.4686855,7.166666666666667,5.916666666666667,200.16666666666663,17.416666666666668,7.003472222222222,2.462166250294759,0.1115507083333333,0.4501313333333334,1.48,4.76,6.56,229,Wolverhampton Wanderers,1.66409,10.0,1.44933,11.0,246.0,23.0,1.66409,10.0,1.44933,11.0,246.0,23.0,0.6618286666666668,5.0,2.4482733333333333,11.666666666666666,297.6666666666667,18.0,0.6618286666666668,5.0,2.4482733333333333,11.666666666666666,297.6666666666667,18.0,1.0486258000000002,7.2,1.983014,9.2,252.6,21.6,1.0486258000000002,7.2,1.983014,9.2,252.6,21.6,12.0,0.0,2.0,0.0,2.0,-0.2,-5,0,12,1.105263157894737,1.193961868421053,1.620319894736842,5.657894736842105,7.473684210526316,252.26315789473685,21.86842105263158,38.0,0.1666666666666666,0.1666666666666666,0.87917875,1.65798075,5.583333333333333,8.083333333333334,246.41666666666663,22.916666666666668,0.87917875,1.65798075,5.583333333333333,8.083333333333334,246.41666666666663,22.916666666666668,7.961805555555555,0.0,-0.3804392083333332,0.8754797083333332,-0.958333333333333,0.8796336676842564,12.0,18.0,12.0,18.0,2.462166250294759,0.4919899166666666,-0.4253483749999998,0.631578947368421,0.5530182894736841,0.173001394736842,1.5833333333333333,-0.3043100000000001,-0.3973500000000001,-5.0,31.0,-0.3043100000000001,-0.3973500000000001,-5.0,31.0,0.5640446666666665,0.6726699999999999,2.0,84.33333333333334,0.5640446666666665,0.6726699999999999,2.0,84.33333333333334,-0.0738744000000001,0.3409019999999998,-1.0,29.0,-0.0738744000000001,0.3409019999999998,-1.0,29.0,1.038198733679365,0.6508153533197718,0.2023543535532063,0.1468302931270217,0.5039850601927501,0.7976456464467936,0.6508153533197718,0.4484609997665654,0.8845435444468392,2,1594.347024207037,1406.8182487571214,187.52877544991568,0.8061038964509851,draw,4.76,0.2767932,0.20235435355320638,0.07443885814532572,0.31753568768501284,False,-1.0,False,EPL 2025_229_71_2025-11-30 14:05:00|draw,"train=ALL|bet=EPL|outcome=draw|odds=[4.00,10.00)|fav=nonfavorite","train=ALL|bet=EPL|outcome=draw|odds=[4.00,10.00)|fav=nonfavorite"
EPL 2025_229_78_2026-02-22 14:00:00,2026-02-22 14:00:00,EPL,2025,78,Crystal Palace,229,Wolverhampton Wanderers,w,2.1276,15.0,0.691273,5.0,146.0,19.0,2.1276,15.0,0.691273,5.0,146.0,19.0,1.5680013333333334,10.333333333333334,0.8054416666666667,3.6666666666666665,219.33333333333331,22.666666666666668,1.5680013333333334,10.333333333333334,0.8054416666666667,3.6666666666666665,219.33333333333331,22.666666666666668,1.6547248000000003,7.6,1.470101,3.4,263.8,22.4,1.6547248000000003,7.6,1.470101,3.4,263.8,22.4,26.0,4.0,6.0,4.0,6.0,0.2,-1,0,1,1.394736842105263,1.7837044736842107,1.5495877631578947,6.394736842105263,7.105263157894737,291.1578947368421,22.105263157894736,38.0,1.2307692307692308,1.2307692307692308,1.7038785,1.4783453076923077,7.384615384615385,5.730769230769231,287.84615384615387,20.96153846153846,1.7038785,1.4783453076923077,7.384615384615385,5.730769230769231,287.84615384615387,20.96153846153846,10.770833333333334,0.4834640780770959,-0.0857966666666667,-0.9323877083333332,1.65,4.0,5.0,229,Wolverhampton Wanderers,0.173119,4.0,2.01018,5.0,206.0,18.0,0.173119,4.0,2.01018,5.0,206.0,18.0,0.5645993333333337,4.0,3.154633333333333,9.333333333333334,321.0,19.0,0.5645993333333337,4.0,3.154633333333333,9.333333333333334,321.0,19.0,0.8680022000000001,3.8,2.424092,8.4,323.8,19.2,0.8680022000000001,3.8,2.424092,8.4,323.8,19.2,27.0,2.0,8.0,2.0,8.0,-0.4,0,2,7,1.105263157894737,1.193961868421053,1.620319894736842,5.657894736842105,7.473684210526316,252.26315789473685,21.86842105263158,38.0,0.3703703703703703,0.3703703703703703,0.892554111111111,1.7371625925925926,4.703703703703703,7.962962962962963,269.3703703703704,21.185185185185187,0.892554111111111,1.7371625925925926,4.703703703703703,7.962962962962963,269.3703703703704,21.185185185185187,3.75,0.4608283249833171,-0.3957465416666663,1.304300708333333,7.020833333333334,2.8722222222222222,2.0,-2.0,2.0,-2.0,0.0226357530937788,0.3099498749999996,-2.236688416666666,0.2894736842105261,0.589742605263158,0.0707321315789473,0.8603988603988605,1.954481,1.318907,11.0,60.0,1.954481,1.318907,11.0,60.0,1.0034019999999997,2.349191666666666,6.333333333333334,101.66666666666666,1.0034019999999997,2.349191666666666,6.333333333333334,101.66666666666666,0.7867226000000003,0.953991,3.8,60.0,0.7867226000000003,0.953991,3.8,60.0,1.056060606060606,0.5738880918220947,0.236728837876614,0.1893830703012912,0.3845050215208034,0.763271162123386,0.5738880918220947,0.3371592539454806,0.9749106965306968,2,1509.791940808092,1390.222527979973,119.56941282811908,0.7376296149173056,draw,4.0,0.3756752,0.23672883787661403,0.1389463635394016,0.5027008056640625,False,-1.0,False,EPL 2025_229_78_2026-02-22 14:00:00|draw,"train=ALL|bet=EPL|outcome=draw|odds=[4.00,10.00)|fav=nonfavorite","train=ALL|bet=EPL|outcome=draw|odds=[4.00,10.00)|fav=nonfavorite"
EPL 2025_229_80_2026-02-07 15:00:00,2026-02-07 15:00:00,EPL,2025,229,Wolverhampton Wanderers,80,Chelsea,l,2.10353,5.0,1.59116,4.0,285.0,21.0,2.10353,5.0,1.59116,4.0,285.0,21.0,1.0121430000000002,4.0,1.1566243333333333,7.0,327.0,17.333333333333332,1.0121430000000002,4.0,1.1566243333333333,7.0,327.0,17.333333333333332,1.1977938,3.8,1.0677522,5.8,303.4,16.6,1.1977938,3.8,1.0677522,5.8,303.4,16.6,24.0,5.0,6.0,5.0,6.0,0.4,-2,0,4,1.105263157894737,1.193961868421053,1.620319894736842,5.657894736842105,7.473684210526316,252.26315789473685,21.86842105263158,38.0,0.3333333333333333,0.3333333333333333,0.9335484583333334,1.55997875,4.791666666666667,7.791666666666667,262.9166666666667,21.45833333333333,0.9335484583333334,1.55997875,4.791666666666667,7.791666666666667,262.9166666666667,21.45833333333333,7.0,0.8348682384505799,-0.1448198749999998,-0.0433670416666667,5.0,4.0,1.67,80,Chelsea,2.66133,6.0,1.72585,6.0,131.0,26.0,2.66133,6.0,1.72585,6.0,131.0,26.0,2.4573766666666663,3.6666666666666665,1.8729966666666664,6.666666666666667,226.0,23.0,2.4573766666666663,3.6666666666666665,1.8729966666666664,6.666666666666667,226.0,23.0,2.372092,3.6,1.541922,8.4,259.4,23.4,2.372092,3.6,1.541922,8.4,259.4,23.4,24.0,10.0,16.0,10.0,16.0,0.3999999999999999,3,3,0,1.8157894736842104,1.9241391842105264,1.4279523157894738,8.868421052631579,5.947368421052632,232.21052631578948,21.42105263157895,38.0,1.6666666666666667,1.6666666666666667,1.9717715,1.5275145416666664,6.791666666666667,6.458333333333333,205.20833333333331,22.875,1.9717715,1.5275145416666664,6.791666666666667,6.458333333333333,205.20833333333331,22.875,6.895833333333333,0.8431376185372964,0.3084954166666662,-0.1443583333333331,0.1041666666666669,1.0151057401812689,-5.0,-10.0,-5.0,-10.0,-0.0082693800867165,-0.453315291666666,0.1009912916666664,-0.7105263157894737,-0.7301773157894735,-0.1923675789473682,-1.3333333333333337,-0.5577999999999999,0.1346900000000002,-1.0,-154.0,-0.5577999999999999,0.1346900000000002,-1.0,-154.0,-1.445233666666666,0.7163723333333334,0.3333333333333335,-101.0,-1.445233666666666,0.7163723333333334,0.3333333333333335,-101.0,-1.1742981999999995,0.4741698000000001,0.1999999999999997,-44.0,-1.1742981999999995,0.4741698000000001,0.1999999999999997,-44.0,1.0488023952095809,0.1906936911218955,0.2383671139023694,0.5709391949757351,-0.3802455038538396,0.7616328860976306,0.5709391949757351,0.3325720810733656,0.977796687697313,0,1385.6490063995702,1594.5732560451063,-208.9242496455361,0.2979085945372919,draw,4.0,0.36281952,0.2383671139023694,0.12445240871687804,0.45127809047698975,False,-1.0,False,EPL 2025_229_80_2026-02-07 15:00:00|draw,"train=ALL|bet=EPL|outcome=draw|odds=[4.00,10.00)|fav=nonfavorite","train=ALL|bet=EPL|outcome=draw|odds=[4.00,10.00)|fav=nonfavorite"
EPL 2025_229_82_2025-09-27 19:00:00,2025-09-27 19:00:00,EPL,2025,82,Tottenham,229,Wolverhampton Wanderers,d,1.19181,14.0,1.40466,4.0,155.0,32.0,1.19181,14.0,1.40466,4.0,155.0,32.0,0.9588333333333332,8.666666666666666,1.439336,5.666666666666667,145.66666666666666,23.666666666666668,0.9588333333333332,8.666666666666666,1.439336,5.666666666666667,145.66666666666666,23.666666666666668,1.227046,7.4,1.2599292,6.2,167.4,22.0,1.227046,7.4,1.2599292,6.2,167.4,22.0,5.0,10.0,10.0,10.0,15.0,1.0,0,2,1,1.0,1.720091763157895,1.795552552631579,8.31578947368421,7.368421052631579,207.73684210526315,22.026315789473685,38.0,2.0,2.0,1.227046,1.2599292,7.4,6.2,167.4,22.0,1.227046,1.2599292,7.4,6.2,167.4,22.0,7.208333333333333,1.6299307439770097,-0.2682126666666667,0.1794067999999999,1.49,4.96,6.08,229,Wolverhampton Wanderers,1.5661,10.0,0.456988,7.0,274.0,25.0,1.5661,10.0,0.456988,7.0,274.0,25.0,0.9617663333333332,6.0,1.2289193333333337,10.0,216.33333333333331,25.33333333333333,0.9617663333333332,6.0,1.2289193333333337,10.0,216.33333333333331,25.33333333333333,0.7556204,5.0,1.5540816000000002,8.8,243.8,25.2,0.7556204,5.0,1.5540816000000002,8.8,243.8,25.2,5.0,0.0,0.0,0.0,5.526315789473685,0.0,-5,0,5,1.105263157894737,1.193961868421053,1.620319894736842,5.657894736842105,7.473684210526316,252.26315789473685,21.86842105263158,38.0,0.0,0.0,0.7556204,1.5540816000000002,5.0,8.8,243.8,25.2,0.7556204,1.5540816000000002,5.0,8.8,243.8,25.2,7.208333333333333,0.0,0.2061459333333333,-0.3251622666666667,0.0,1.0,10.0,10.0,10.0,9.473684210526317,1.6299307439770097,-0.4743586000000001,0.5045690666666667,-0.1052631578947369,0.5261298947368422,-0.1752326578947369,2.0,-0.37429,-0.947672,4.0,119.0,-0.37429,-0.947672,4.0,119.0,-0.0029329999999999,-0.2104166666666664,2.666666666666666,70.66666666666669,-0.0029329999999999,-0.2104166666666664,2.666666666666666,70.66666666666669,0.4714256000000001,0.2941524000000002,2.4000000000000004,76.4,0.4714256000000001,0.2941524000000002,2.4000000000000004,76.4,1.0372275270336484,0.6470527652854543,0.1943767379587352,0.1585704967558103,0.4884822685296439,0.8056232620412648,0.6470527652854543,0.4526760273267191,0.8920770205538211,1,1491.0898203237357,1439.156662433689,51.93315789004669,0.6557336495042806,draw,4.96,0.29424948,0.19437673795873525,0.09987273704355357,0.4594773960113525,True,3.96,False,EPL 2025_229_82_2025-09-27 19:00:00|draw,"train=ALL|bet=EPL|outcome=draw|odds=[4.00,10.00)|fav=nonfavorite","train=ALL|bet=EPL|outcome=draw|odds=[4.00,10.00)|fav=nonfavorite"
EPL 2025_229_86_2025-09-13 14:00:00,2025-09-13 14:00:00,EPL,2025,86,Newcastle United,229,Wolverhampton Wanderers,w,0.303635,5.0,0.6773,5.0,236.0,21.0,0.303635,5.0,0.6773,5.0,236.0,21.0,1.222678333333333,4.666666666666667,0.5474866666666667,4.333333333333333,215.66666666666663,22.33333333333333,1.222678333333333,4.666666666666667,0.5474866666666667,4.333333333333333,215.66666666666663,22.33333333333333,1.222678333333333,4.666666666666667,0.5474866666666667,4.333333333333333,215.66666666666663,22.33333333333333,1.4860497894736842,6.473684210526315,0.8966732210526315,5.042105263157895,217.45263157894735,21.968421052631577,3.0,2.0,2.0,5.473684210526316,14.157894736842106,0.2,0,1,3,1.736842105263158,1.8811069736842108,1.4204530526315788,9.18421052631579,6.105263157894737,220.1315789473684,21.42105263157895,38.0,0.6666666666666666,0.6666666666666666,1.222678333333333,0.5474866666666667,4.666666666666667,4.333333333333333,215.66666666666663,22.33333333333333,1.222678333333333,0.5474866666666667,4.666666666666667,4.333333333333333,215.66666666666663,22.33333333333333,13.895833333333334,0.5452510675210975,0.0,0.0,1.43,4.93,7.21,229,Wolverhampton Wanderers,0.943257,5.0,2.03791,11.0,158.0,27.0,0.943257,5.0,2.03791,11.0,158.0,27.0,0.61202,4.0,2.0405200000000003,8.333333333333334,242.66666666666663,25.666666666666668,0.61202,4.0,2.0405200000000003,8.333333333333334,242.66666666666663,25.666666666666668,0.61202,4.0,2.0405200000000003,8.333333333333334,242.66666666666663,25.666666666666668,0.844796747368421,4.663157894736843,1.872439957894737,7.989473684210526,246.50526315789477,24.14736842105263,3.0,0.0,0.0,2.210526315789474,7.736842105263158,0.0,-3,0,3,1.105263157894737,1.193961868421053,1.620319894736842,5.657894736842105,7.473684210526316,252.26315789473685,21.86842105263158,38.0,0.0,0.0,0.61202,2.0405200000000003,4.0,8.333333333333334,242.66666666666663,25.666666666666668,0.61202,2.0405200000000003,4.0,8.333333333333334,242.66666666666663,25.666666666666668,14.0,0.0,0.0,0.0,-0.104166666666666,0.9925595238095238,2.0,2.0,3.263157894736842,6.421052631578948,0.5452510675210975,0.0,0.0,0.631578947368421,0.6871451052631581,0.1998668421052631,0.6666666666666666,-0.639622,1.36061,0.0,-78.0,-0.639622,1.36061,0.0,-78.0,0.6106583333333333,1.4930333333333337,0.666666666666667,27.0,0.6106583333333333,1.4930333333333337,0.666666666666667,27.0,0.6106583333333333,1.4930333333333337,0.666666666666667,27.0,0.6412530421052631,0.9757667368421056,1.810526315789472,29.05263157894737,1.040836711094101,0.6718639838958143,0.1948814395478731,0.1332545765563126,0.5386094073395016,0.8051185604521269,0.6718639838958143,0.4769825443479412,0.8544757338210711,2,1556.9691521327886,1456.205947033272,100.76320509951664,0.7161466837530098,draw,4.93,0.25790703,0.1948814395478731,0.06302559341874067,0.2714816725254059,False,-1.0,False,EPL 2025_229_86_2025-09-13 14:00:00|draw,"train=ALL|bet=EPL|outcome=draw|odds=[4.00,10.00)|fav=nonfavorite","train=ALL|bet=EPL|outcome=draw|odds=[4.00,10.00)|fav=nonfavorite"
EPL 2025_229_86_2026-01-18 14:00:00,2026-01-18 14:00:00,EPL,2025,229,Wolverhampton Wanderers,86,Newcastle United,d,0.71329,5.0,1.63321,2.0,200.0,19.0,0.71329,5.0,1.63321,2.0,200.0,19.0,1.390126666666667,4.666666666666667,1.0006493333333333,4.666666666666667,277.3333333333333,16.0,1.390126666666667,4.666666666666667,1.0006493333333333,4.666666666666667,277.3333333333333,16.0,1.2438548,4.4,1.2260116,7.0,284.0,18.4,1.2438548,4.4,1.2260116,7.0,284.0,18.4,21.0,5.0,5.0,5.0,5.0,0.5,0,3,1,1.105263157894737,1.193961868421053,1.620319894736842,5.657894736842105,7.473684210526316,252.26315789473685,21.86842105263158,38.0,0.3333333333333333,0.3333333333333333,0.9223206666666668,1.6176008095238097,4.904761904761905,7.904761904761905,253.7619047619048,22.047619047619047,0.9223206666666668,1.6176008095238097,4.904761904761905,7.904761904761905,253.7619047619048,22.047619047619047,10.770833333333334,0.8039523582971336,0.3743765416666669,-0.6142241666666668,4.75,4.0,1.7,86,Newcastle United,2.43495,8.0,2.35318,5.0,163.0,20.0,2.43495,8.0,2.35318,5.0,163.0,20.0,2.55169,8.333333333333334,1.6523133333333335,8.333333333333334,180.0,18.666666666666668,2.55169,8.333333333333334,1.6523133333333335,8.333333333333334,180.0,18.666666666666668,2.332736,8.2,1.3847702,6.6,189.8,21.4,2.332736,8.2,1.3847702,6.6,189.8,21.4,21.0,10.0,20.0,10.0,20.0,0.0,3,3,0,1.736842105263158,1.8811069736842108,1.4204530526315788,9.18421052631579,6.105263157894737,220.1315789473684,21.42105263157895,38.0,1.5238095238095235,1.5238095238095235,1.6651007619047618,1.198232904761905,7.095238095238095,6.238095238095238,210.3809523809524,20.80952380952381,1.6651007619047618,1.198232904761905,7.095238095238095,6.238095238095238,210.3809523809524,20.80952380952381,10.739583333333334,0.857362341828877,0.6109813750000002,0.3786013333333335,0.03125,1.002909796314258,-5.0,-15.0,-5.0,-15.0,-0.0534099835317434,-0.2366048333333332,-0.9928255000000004,-0.631578947368421,-0.6871451052631581,-0.1998668421052631,-1.1904761904761905,-1.7216600000000002,0.71997,-3.0,-37.0,-1.7216600000000002,0.71997,-3.0,-37.0,-1.1615633333333333,0.6516640000000002,-3.666666666666667,-97.33333333333331,-1.1615633333333333,0.6516640000000002,-3.666666666666667,-97.33333333333331,-1.0888812,0.1587585999999998,-3.799999999999999,-94.2,-1.0888812,0.1587585999999998,-3.799999999999999,-94.2,1.0487616099071206,0.2007380073800738,0.2383763837638376,0.5608856088560886,-0.3601476014760148,0.7616236162361624,0.5608856088560886,0.322509225092251,0.9884704811171108,1,1393.4080763785598,1564.5605675125164,-171.15249113395657,0.3452815391243009,draw,4.0,0.38024306,0.23837638376383766,0.1418666792091848,0.5209722518920898,True,3.0,False,EPL 2025_229_86_2026-01-18 14:00:00|draw,"train=ALL|bet=EPL|outcome=draw|odds=[4.00,10.00)|fav=nonfavorite","train=ALL|bet=EPL|outcome=draw|odds=[4.00,10.00)|fav=nonfavorite"
EPL 2025_229_87_2025-12-27 15:00:00,2025-12-27 15:00:00,EPL,2025,87,Liverpool,229,Wolverhampton Wanderers,w,1.23164,10.0,1.34905,2.0,159.0,13.0,1.23164,10.0,1.34905,2.0,159.0,13.0,1.8974633333333335,9.0,1.610806666666667,4.666666666666667,225.0,17.0,1.8974633333333335,9.0,1.610806666666667,4.666666666666667,225.0,17.0,1.7273299999999998,8.2,1.1818468000000002,4.2,206.2,18.2,1.7273299999999998,8.2,1.1818468000000002,4.2,206.2,18.2,17.0,11.0,14.0,11.0,14.0,0.8000000000000003,2,5,0,2.210526315789474,2.4536668684210525,1.1136979210526317,11.63157894736842,5.2631578947368425,218.0,24.394736842105264,38.0,1.7058823529411764,1.7058823529411764,1.772469,1.4481573529411764,9.0,5.529411764705882,172.8235294117647,18.11764705882353,1.772469,1.4481573529411764,9.0,5.529411764705882,172.8235294117647,18.11764705882353,6.895833333333333,1.2736419790921665,0.2815020833333337,0.4690236666666669,1.23,7.02,11.7,229,Wolverhampton Wanderers,1.26823,6.0,1.56309,9.0,293.0,22.0,1.26823,6.0,1.56309,9.0,293.0,22.0,0.7167823333333335,5.0,2.4093766666666667,10.333333333333334,273.0,24.666666666666668,0.7167823333333335,5.0,2.4093766666666667,10.333333333333334,273.0,24.666666666666668,0.7735090000000001,4.0,1.901376,8.6,249.0,23.6,0.7735090000000001,4.0,1.901376,8.6,249.0,23.6,17.0,0.0,0.0,0.0,0.0,0.0,-10,0,17,1.105263157894737,1.193961868421053,1.620319894736842,5.657894736842105,7.473684210526316,252.26315789473685,21.86842105263158,38.0,0.1176470588235294,0.1176470588235294,0.8480994117647059,1.729567588235294,5.117647058823529,8.235294117647058,247.1764705882353,23.11764705882353,0.8480994117647059,1.729567588235294,5.117647058823529,8.235294117647058,247.1764705882353,23.11764705882353,7.0,0.0,-0.0148465416666664,0.3029141666666666,-0.1041666666666669,0.9851190476190476,11.0,14.0,11.0,14.0,1.2736419790921665,0.2963486250000001,0.1661095000000003,1.105263157894737,1.259705,0.5066219736842104,1.588235294117647,-0.0365899999999999,0.21404,4.0,134.0,-0.0365899999999999,0.21404,4.0,134.0,1.1806810000000003,0.7985699999999998,4.0,48.0,1.1806810000000003,0.7985699999999998,4.0,48.0,0.9538209999999996,0.7195292,4.199999999999999,42.80000000000001,0.9538209999999996,0.7195292,4.199999999999999,42.80000000000001,1.0409283580015287,0.7810413885180241,0.1368491321762349,0.0821094793057409,0.6989319092122831,0.863150867823765,0.7810413885180241,0.6441922563417891,0.6704417155120185,2,1622.0642317788472,1375.411515636968,246.6527161418792,0.8538640869392684,draw,7.02,0.24890421,0.13684913217623498,0.11205508113305304,0.7473075774312019,False,-1.0,False,EPL 2025_229_87_2025-12-27 15:00:00|draw,"train=ALL|bet=EPL|outcome=draw|odds=[4.00,10.00)|fav=nonfavorite","train=ALL|bet=EPL|outcome=draw|odds=[4.00,10.00)|fav=nonfavorite"
EPL 2025_229_87_2026-03-03 20:15:00,2026-03-03 20:15:00,EPL,2025,229,Wolverhampton Wanderers,87,Liverpool,w,1.50771,1.0,1.31328,7.0,325.0,19.0,1.50771,1.0,1.31328,7.0,325.0,19.0,1.1194396666666668,3.333333333333333,1.78635,5.333333333333333,247.0,19.33333333333333,1.1194396666666668,3.333333333333333,1.78635,5.333333333333333,247.0,19.33333333333333,0.9757996000000002,3.6,2.562554,7.8,299.6,19.4,0.9757996000000002,3.6,2.562554,7.8,299.6,19.4,29.0,5.0,10.0,5.0,10.0,0.0,1,1,0,1.105263157894737,1.193961868421053,1.620319894736842,5.657894736842105,7.473684210526316,252.26315789473685,21.86842105263158,38.0,0.4482758620689655,0.4482758620689655,0.9408331379310344,1.732836551724138,4.586206896551724,7.793103448275862,269.2413793103448,21.103448275862068,0.9408331379310344,1.732836551724138,4.586206896551724,7.793103448275862,269.2413793103448,21.103448275862068,4.010416666666667,1.0248005838443053,0.1300112916666667,-0.2489803750000001,5.5,4.5,1.5,87,Liverpool,2.09939,14.0,1.3517,5.0,226.0,24.0,2.09939,14.0,1.3517,5.0,226.0,24.0,2.5258166666666666,9.0,0.9934206666666668,5.0,211.0,22.33333333333333,2.5258166666666666,9.0,0.9934206666666668,5.0,211.0,22.33333333333333,2.38874,9.2,1.1358682,6.6,212.0,19.6,2.38874,9.2,1.1358682,6.6,212.0,19.6,28.0,12.0,16.0,12.0,16.0,0.7999999999999998,3,3,0,2.210526315789474,2.4536668684210525,1.1136979210526317,11.63157894736842,5.2631578947368425,218.0,24.394736842105264,38.0,1.7142857142857142,1.7142857142857142,1.8494375,1.3003844642857143,9.785714285714286,5.571428571428571,181.78571428571428,18.214285714285715,1.8494375,1.3003844642857143,9.785714285714286,5.571428571428571,181.78571428571428,18.214285714285715,3.21875,1.004713782077186,0.4395507916666665,-0.2869398333333331,0.791666666666667,1.2459546925566345,-7.0,-6.0,-7.0,-6.0,0.0200868017671191,-0.3095394999999998,0.037959458333333,-1.105263157894737,-1.259705,-0.5066219736842104,-1.2660098522167489,-0.59168,0.0384199999999999,-13.0,-99.0,-0.59168,0.0384199999999999,-13.0,-99.0,-1.4063769999999998,-0.792929333333333,-5.666666666666666,-36.0,-1.4063769999999998,-0.792929333333333,-5.666666666666666,-36.0,-1.4129403999999997,-1.4266858,-5.6,-87.60000000000002,-1.4129403999999997,-1.4266858,-5.6,-87.60000000000002,1.0707070707070707,0.1698113207547169,0.2075471698113207,0.6226415094339622,-0.4528301886792453,0.7924528301886793,0.6226415094339622,0.4150943396226415,0.922431182887935,2,1399.616147070113,1622.4028964255433,-222.7867493554304,0.2814913842908872,draw,4.5,0.4357342,0.20754716981132074,0.22818704258720832,0.9608039557933807,False,-1.0,False,EPL 2025_229_87_2026-03-03 20:15:00|draw,"train=ALL|bet=EPL|outcome=draw|odds=[4.00,10.00)|fav=nonfavorite","train=ALL|bet=EPL|outcome=draw|odds=[4.00,10.00)|fav=nonfavorite"
EPL 2025_229_88_2026-01-24 15:00:00,2026-01-24 15:00:00,EPL,2025,88,Manchester City,229,Wolverhampton Wanderers,w,0.387015,11.0,3.07278,4.0,138.0,21.0,0.387015,11.0,3.07278,4.0,138.0,21.0,1.4588483333333333,10.333333333333334,2.1472199999999995,2.333333333333333,222.66666666666663,27.0,1.4588483333333333,10.333333333333334,2.1472199999999995,2.333333333333333,222.66666666666663,27.0,1.656739,11.8,1.6007884,3.2,190.4,25.6,1.656739,11.8,1.6007884,3.2,190.4,25.6,22.0,6.0,21.0,6.0,21.0,-0.9000000000000001,-1,0,4,1.868421052631579,1.9249586842105264,1.392189394736842,11.342105263157896,5.2105263157894735,225.23684210526315,18.63157894736842,38.0,1.9545454545454544,1.9545454545454544,1.9981525,1.2317298636363636,9.863636363636363,4.545454545454546,225.5,20.09090909090909,1.9981525,1.2317298636363636,9.863636363636363,4.545454545454546,225.5,20.09090909090909,7.104166666666667,0.7243144513741374,-0.4955010416666665,0.7781227499999994,1.2,7.0,11.0,229,Wolverhampton Wanderers,0.390216,5.0,0.813313,7.0,325.0,13.0,0.390216,5.0,0.813313,7.0,325.0,13.0,1.1142520000000002,4.0,0.8940670000000001,5.0,287.0,14.666666666666666,1.1142520000000002,4.0,0.8940670000000001,5.0,287.0,14.666666666666666,1.0682520000000002,4.2,1.0760562,6.6,290.4,16.6,1.0682520000000002,4.2,1.0760562,6.6,290.4,16.6,22.0,6.0,6.0,6.0,6.0,0.6,0,4,2,1.105263157894737,1.193961868421053,1.620319894736842,5.657894736842105,7.473684210526316,252.26315789473685,21.86842105263158,38.0,0.3636363636363636,0.3636363636363636,0.8981340909090908,1.5810422727272728,4.909090909090909,7.863636363636363,257.0,21.63636363636364,0.8981340909090908,1.5810422727272728,4.909090909090909,7.863636363636363,257.0,21.63636363636364,6.041666666666667,1.1233304499081993,0.1778011250000001,-0.6819843750000002,1.0625,1.1758620689655173,0.0,15.0,0.0,15.0,-0.3990159985340619,-0.6733021666666666,1.4601071249999995,0.763157894736842,0.7309968157894737,0.2281305,1.5909090909090908,-0.003201,-2.259467,6.0,187.0,-0.003201,-2.259467,6.0,187.0,0.344596333333333,-1.2531529999999993,6.333333333333334,64.33333333333334,0.344596333333333,-1.2531529999999993,6.333333333333334,64.33333333333334,0.5884869999999998,-0.5247322000000001,7.6,99.99999999999996,0.5884869999999998,-0.5247322000000001,7.6,99.99999999999996,1.067099567099567,0.7809330628803246,0.1338742393509127,0.0851926977687626,0.6957403651115619,0.8661257606490872,0.7809330628803246,0.6470588235294118,0.672115623043821,2,1643.289165148956,1396.5024455960738,246.78671955288223,0.8539603143284932,draw,7.0,0.47765443,0.13387423935091278,0.34378018793904996,2.3435809910297394,False,-1.0,False,EPL 2025_229_88_2026-01-24 15:00:00|draw,"train=ALL|bet=EPL|outcome=draw|odds=[4.00,10.00)|fav=nonfavorite","train=ALL|bet=EPL|outcome=draw|odds=[4.00,10.00)|fav=nonfavorite"
EPL 2025_229_89_2025-12-30 20:15:00,2025-12-30 20:15:00,EPL,2025,89,Manchester United,229,Wolverhampton Wanderers,d,0.940811,1.0,1.12998,9.0,297.0,18.0,0.940811,1.0,1.12998,9.0,297.0,18.0,1.8191336666666664,9.0,1.7837033333333334,7.333333333333333,208.66666666666663,24.666666666666668,1.8191336666666664,9.0,1.7837033333333334,7.333333333333333,208.66666666666663,24.666666666666668,2.3562442,8.8,1.3958194,7.2,174.2,24.6,2.3562442,8.8,1.3958194,7.2,174.2,24.6,18.0,8.0,16.0,8.0,16.0,0.0,1,1,0,1.105263157894737,1.497666052631579,1.5980923684210526,8.131578947368421,5.7368421052631575,233.42105263157896,23.18421052631579,38.0,1.6111111111111112,1.6111111111111112,1.985394833333333,1.4502225555555557,7.166666666666667,6.0,207.16666666666663,21.27777777777778,1.985394833333333,1.4502225555555557,7.166666666666667,6.0,207.16666666666663,21.27777777777778,4.010416666666667,0.6790467642802858,-0.2249734583333333,0.4555670833333334,1.37,5.38,8.33,229,Wolverhampton Wanderers,0.780664,2.0,1.56502,12.0,295.0,22.0,0.780664,2.0,1.56502,12.0,295.0,22.0,0.8896213333333334,3.6666666666666665,1.5820233333333336,11.0,272.0,19.666666666666668,0.8896213333333334,3.6666666666666665,1.5820233333333336,11.0,272.0,19.666666666666668,0.7911242000000002,3.8,1.983408,10.0,265.0,23.8,0.7911242000000002,3.8,1.983408,10.0,265.0,23.8,18.0,0.0,0.0,0.0,0.0,0.0,-11,0,18,1.105263157894737,1.193961868421053,1.620319894736842,5.657894736842105,7.473684210526316,252.26315789473685,21.86842105263158,38.0,0.1111111111111111,0.1111111111111111,0.844353,1.7204260555555555,4.944444444444445,8.444444444444445,249.83333333333331,23.05555555555556,0.844353,1.7204260555555555,4.944444444444445,8.444444444444445,249.83333333333331,23.05555555555556,3.21875,0.0,0.0866512083333332,-0.4810579166666666,0.791666666666667,1.2459546925566345,8.0,16.0,8.0,16.0,0.6790467642802858,-0.3116246666666666,0.936625,0.0,0.3037041842105263,0.0222275263157893,1.5,0.1601469999999999,0.4350400000000001,-1.0,-2.0,0.1601469999999999,0.4350400000000001,-1.0,-2.0,0.9295123333333332,-0.2016799999999998,5.333333333333334,63.33333333333334,0.9295123333333332,-0.2016799999999998,5.333333333333334,63.33333333333334,1.5651199999999998,0.5875886000000001,5.000000000000001,90.8,1.5651199999999998,0.5875886000000001,5.000000000000001,90.8,1.0358486324549083,0.7046657054220173,0.1794408952468706,0.115893399331112,0.5887723060909053,0.8205591047531294,0.7046657054220173,0.5252248101751468,0.8046786478949074,1,1533.4602055034886,1372.4887973757534,160.97140812773523,0.7810872611297368,draw,5.38,0.26992926,0.1794408952468706,0.09048836476861707,0.45221941888332373,True,4.38,False,EPL 2025_229_89_2025-12-30 20:15:00|draw,"train=ALL|bet=EPL|outcome=draw|odds=[4.00,10.00)|fav=nonfavorite","train=ALL|bet=EPL|outcome=draw|odds=[4.00,10.00)|fav=nonfavorite"
EPL 2025_244_80_2026-01-17 15:00:00,2026-01-17 15:00:00,EPL,2025,80,Chelsea,244,Brentford,w,2.45107,5.0,1.06013,15.0,290.0,23.0,2.45107,5.0,1.06013,15.0,290.0,23.0,2.273756666666666,5.666666666666667,1.86068,10.0,246.0,24.0,2.273756666666666,5.666666666666667,1.86068,10.0,246.0,24.0,1.963784,7.0,2.1039700000000003,8.6,221.6,26.2,1.963784,7.0,2.1039700000000003,8.6,221.6,26.2,21.0,3.0,11.0,3.0,11.0,-0.5000000000000001,-1,0,5,1.8157894736842104,1.9241391842105264,1.4279523157894738,8.868421052631579,5.947368421052632,232.21052631578948,21.42105263157895,38.0,1.4761904761904765,1.4761904761904765,1.902399333333333,1.4781599523809523,7.238095238095238,6.428571428571429,202.23809523809524,22.857142857142858,1.902399333333333,1.4781599523809523,7.238095238095238,6.428571428571429,202.23809523809524,22.857142857142858,9.8125,0.3055325840005283,0.5112429166666659,-0.0748024999999998,1.73,4.0,4.75,244,Brentford,3.86096,13.0,1.50644,5.0,227.0,16.0,3.86096,13.0,1.50644,5.0,227.0,16.0,2.4896846666666668,7.0,1.040136333333333,5.666666666666667,208.0,21.33333333333333,2.4896846666666668,7.0,1.040136333333333,5.666666666666667,208.0,21.33333333333333,2.3766888,7.8,1.3900937999999998,5.6,195.4,22.8,2.3766888,7.8,1.3900937999999998,5.6,195.4,22.8,21.0,13.0,17.0,13.0,17.0,0.9000000000000001,2,6,0,1.4736842105263157,1.7663104473684212,1.601705210526316,7.315789473684211,10.36842105263158,212.81578947368425,19.57894736842105,38.0,1.5714285714285714,1.5714285714285714,1.868558142857143,1.3787223333333334,6.047619047619048,6.190476190476191,239.8095238095238,20.476190476190474,1.868558142857143,1.3787223333333334,6.047619047619048,6.190476190476191,239.8095238095238,20.476190476190474,9.8125,1.0939589565875043,0.7847185416666667,-0.6648260416666667,0.0,1.0,-10.0,-6.0,-10.0,-6.0,-0.7884263725869762,-0.2734756250000008,0.5900235416666668,0.3421052631578949,0.1578287368421049,0.173752894736842,-0.0952380952380951,-1.40989,0.44631,-8.0,-63.0,-1.40989,0.44631,-8.0,-63.0,-0.2159280000000007,-0.8205436666666668,-1.333333333333333,-38.0,-0.2159280000000007,-0.8205436666666668,-1.333333333333333,-38.0,-0.4129048000000002,-0.7138762000000005,-0.7999999999999998,-26.19999999999999,-0.4129048000000002,-0.7138762000000005,-0.7999999999999998,-26.19999999999999,1.038560997870399,0.5565726839985353,0.2407176858293665,0.2027096301720981,0.3538630538264372,0.7592823141706335,0.5565726839985353,0.3158549981691688,0.9924619923809312,2,1572.2009064203085,1546.27051610789,25.930390312418467,0.6212024376869739,draw,4.0,0.34090778,0.2407176858293665,0.10019009648684138,0.36363112926483154,False,-1.0,False,EPL 2025_244_80_2026-01-17 15:00:00|draw,"train=ALL|bet=EPL|outcome=draw|odds=[4.00,10.00)|fav=nonfavorite","train=ALL|bet=EPL|outcome=draw|odds=[4.00,10.00)|fav=nonfavorite"
EPL 2025_244_83_2025-12-03 19:30:00,2025-12-03 19:30:00,EPL,2025,83,Arsenal,244,Brentford,w,1.22828,7.0,0.791914,2.0,155.0,20.0,1.22828,7.0,0.791914,2.0,155.0,20.0,1.9453266666666664,10.333333333333334,0.6756437333333333,3.6666666666666665,173.33333333333334,23.33333333333333,1.9453266666666664,10.333333333333334,0.6756437333333333,3.6666666666666665,173.33333333333334,23.33333333333333,1.841729,9.0,0.61132844,3.0,192.4,21.2,1.841729,9.0,0.61132844,3.0,192.4,21.2,13.0,11.0,24.0,11.0,24.0,-0.1999999999999997,0,10,1,1.947368421052632,1.936050131578948,1.0521016236842105,9.63157894736842,4.105263157894737,193.55263157894737,22.0,38.0,2.3076923076923075,2.3076923076923075,1.8899860769230767,0.6611115538461539,9.384615384615383,3.1538461538461537,194.23076923076923,21.153846153846157,1.8899860769230767,0.6611115538461539,9.384615384615383,3.1538461538461537,194.23076923076923,21.153846153846157,3.125,1.1945297053807014,-0.1066552083333336,0.0302219583333333,1.35,5.41,8.75,244,Brentford,3.72106,5.0,0.874025,1.0,205.0,14.0,3.72106,5.0,0.874025,1.0,205.0,14.0,2.886046666666666,6.333333333333333,0.7612633333333334,4.333333333333333,268.3333333333333,18.33333333333333,2.886046666666666,6.333333333333333,0.7612633333333334,4.333333333333333,268.3333333333333,18.33333333333333,2.5499796,6.4,1.0273456,5.6,242.6,19.4,2.5499796,6.4,1.0273456,5.6,242.6,19.4,13.0,9.0,16.0,9.0,16.0,0.1999999999999999,1,1,0,1.4736842105263157,1.7663104473684212,1.601705210526316,7.315789473684211,10.36842105263158,212.81578947368425,19.57894736842105,38.0,1.4615384615384617,1.4615384615384617,1.9692301538461536,1.1779592307692308,5.461538461538462,6.230769230769231,261.84615384615387,20.0,1.9692301538461536,1.1779592307692308,5.461538461538462,6.230769230769231,261.84615384615387,20.0,4.1875,0.7058879999898127,0.4238884166666667,-0.3299290416666667,-1.0625,0.746268656716418,2.0,8.0,2.0,8.0,0.4886417053908887,-0.5305436250000004,0.360151,0.4736842105263159,0.1697396842105263,0.5496035868421054,0.846153846153846,-2.49278,0.082111,2.0,50.0,-2.49278,0.082111,2.0,50.0,-0.9407200000000002,0.0856196000000001,4.000000000000001,94.99999999999996,-0.9407200000000002,0.0856196000000001,4.000000000000001,94.99999999999996,-0.7082505999999997,0.4160171599999999,2.6,50.19999999999999,-0.7082505999999997,0.4160171599999999,2.6,50.19999999999999,1.0398693385754385,0.7123402078144868,0.1777558744084209,0.1099039177770922,0.6024362900373945,0.8222441255915791,0.7123402078144868,0.5345843334060658,0.7913553302871965,2,1670.0048391691514,1530.5377044238714,139.46713474527996,0.7591865799374111,draw,5.41,0.29513025,0.17775587440842094,0.11737437842971382,0.5966546678543092,False,-1.0,False,EPL 2025_244_83_2025-12-03 19:30:00|draw,"train=ALL|bet=EPL|outcome=draw|odds=[4.00,10.00)|fav=nonfavorite","train=ALL|bet=EPL|outcome=draw|odds=[4.00,10.00)|fav=nonfavorite"
EPL 2025_244_87_2025-10-25 19:00:00,2025-10-25 19:00:00,EPL,2025,244,Brentford,87,Liverpool,w,3.46635,11.0,0.260251,4.0,187.0,15.0,3.46635,11.0,0.260251,4.0,187.0,15.0,2.315789333333333,6.333333333333333,1.1976036666666667,4.666666666666667,293.0,23.33333333333333,2.315789333333333,6.333333333333333,1.1976036666666667,4.666666666666667,293.0,23.33333333333333,1.7898508,6.0,1.174624,6.2,297.0,21.4,1.7898508,6.0,1.174624,6.2,297.0,21.4,8.0,7.0,10.0,7.0,12.947368421052632,0.3999999999999999,1,1,0,1.4736842105263157,1.7663104473684212,1.601705210526316,7.315789473684211,10.36842105263158,212.81578947368425,19.57894736842105,38.0,1.25,1.25,1.6062617499999998,1.27209275,4.875,6.625,273.875,20.375,1.6062617499999998,1.27209275,4.875,6.625,273.875,20.375,5.0,0.7821881018482448,0.7095275833333332,-0.0744890833333333,4.25,4.18,1.78,87,Liverpool,2.60972,10.0,2.53117,6.0,122.0,16.0,2.60972,10.0,2.53117,6.0,122.0,16.0,2.59043,8.0,2.43387,8.0,172.0,15.333333333333334,2.59043,8.0,2.43387,8.0,172.0,15.333333333333334,2.3255740000000005,10.6,1.6382044,6.6,145.4,17.2,2.3255740000000005,10.6,1.6382044,6.6,145.4,17.2,8.0,6.0,15.0,6.0,19.42105263157895,-0.3,-3,0,3,2.210526315789474,2.4536668684210525,1.1136979210526317,11.63157894736842,5.2631578947368425,218.0,24.394736842105264,38.0,1.875,1.875,1.885737875,1.526643875,9.0,6.125,151.0,16.5,1.885737875,1.526643875,9.0,6.125,151.0,16.5,6.145833333333333,0.5160016408408417,0.704692125,0.9072261250000002,-1.145833333333333,0.8135593220338984,1.0,-5.0,1.0,-6.473684210526317,0.2661864610074032,0.0048354583333332,-0.9817152083333336,-0.7368421052631582,-0.6873564210526313,-0.4880072894736842,-0.625,0.85663,2.270919,1.0,-65.0,0.85663,2.270919,1.0,-65.0,-0.274640666666667,1.2362663333333337,-1.666666666666667,-121.0,-0.274640666666667,1.2362663333333337,-1.666666666666667,-121.0,-0.5357232000000005,0.4635803999999999,-4.6,-151.6,-0.5357232000000005,0.4635803999999999,-4.6,-151.6,1.0363263202168131,0.2270463589092595,0.2308485706613285,0.5421050704294119,-0.3150587115201523,0.7691514293386714,0.5421050704294119,0.3112564997680833,1.0069700971882312,2,1519.6726801494156,1633.8010434114065,-114.1283632619909,0.4227271964480464,draw,4.18,0.3361325,0.23084857066132855,0.10528392593405414,0.40503383576869956,False,-1.0,False,EPL 2025_244_87_2025-10-25 19:00:00|draw,"train=ALL|bet=EPL|outcome=draw|odds=[4.00,10.00)|fav=nonfavorite","train=ALL|bet=EPL|outcome=draw|odds=[4.00,10.00)|fav=nonfavorite"
EPL 2025_245_80_2026-02-10 19:30:00,2026-02-10 19:30:00,EPL,2025,80,Chelsea,245,Leeds,d,3.76278,10.0,1.11372,6.0,237.0,25.0,3.76278,10.0,1.11372,6.0,237.0,25.0,3.17076,6.666666666666667,1.7525000000000002,5.666666666666667,203.33333333333331,25.666666666666668,3.17076,6.666666666666667,1.7525000000000002,5.666666666666667,203.33333333333331,25.666666666666668,2.717196,5.2,1.558568,8.2,241.0,23.4,2.717196,5.2,1.558568,8.2,241.0,23.4,25.0,12.0,18.0,12.0,18.0,0.5999999999999999,4,4,0,1.8157894736842104,1.9241391842105264,1.4279523157894738,8.868421052631579,5.947368421052632,232.21052631578948,21.42105263157895,38.0,1.72,1.72,2.04341184,1.51096276,6.92,6.44,206.48,22.96,2.04341184,1.51096276,6.92,6.44,206.48,22.96,3.1875,0.8832634818479592,0.6797937499999995,-0.04424125,1.55,4.33,5.5,245,Leeds,3.38179,10.0,1.6608,6.0,183.0,20.0,3.38179,10.0,1.6608,6.0,183.0,20.0,1.7457,6.0,2.0316620000000003,6.0,206.66666666666663,21.33333333333333,1.7457,6.0,2.0316620000000003,6.0,206.66666666666663,21.33333333333333,1.951852,5.6,1.7577463999999998,6.0,254.8,22.6,1.951852,5.6,1.7577463999999998,6.0,254.8,22.6,25.0,7.0,14.0,7.0,14.0,0.0,1,1,0,,,,,,,,,1.16,1.16,1.55981504,1.47934896,5.36,6.0,268.48,21.6,1.55981504,1.47934896,5.36,6.0,268.48,21.6,3.9791666666666665,0.7172674976671112,0.0587889999999999,0.379058375,-0.7916666666666665,0.8010471204188482,5.0,4.0,5.0,4.0,0.165995984180848,0.6210047499999996,-0.423299625,,,,0.56,0.3809899999999997,0.54708,0.0,-54.0,0.3809899999999997,0.54708,0.0,-54.0,1.4250599999999995,0.2791620000000001,0.666666666666667,3.3333333333333144,1.4250599999999995,0.2791620000000001,0.666666666666667,3.3333333333333144,0.7653439999999998,0.1991783999999998,-0.3999999999999994,13.800000000000011,0.7653439999999998,0.1991783999999998,-0.3999999999999994,13.800000000000011,1.0579263543578523,0.6098357297414951,0.2183014736949925,0.1718627965635122,0.4379729331779828,0.7816985263050075,0.6098357297414951,0.3915342560465026,0.9364925670628252,1,1600.5314279358522,1485.4144306099458,115.11699732590635,0.7326392331089158,draw,4.33,0.28002986,0.2183014736949925,0.06172838942413286,0.21252930730581276,True,3.33,False,EPL 2025_245_80_2026-02-10 19:30:00|draw,"train=ALL|bet=EPL|outcome=draw|odds=[4.00,10.00)|fav=nonfavorite","train=ALL|bet=EPL|outcome=draw|odds=[4.00,10.00)|fav=nonfavorite"
EPL 2025_245_83_2025-08-23 16:30:00,2025-08-23 16:30:00,EPL,2025,83,Arsenal,245,Leeds,w,1.3304,3.0,1.37653,7.0,259.0,23.0,1.3304,3.0,1.37653,7.0,259.0,23.0,1.3304,3.0,1.37653,7.0,259.0,23.0,1.7341667543859651,7.421052631578948,1.1602444157894736,5.0701754385964914,215.3684210526316,22.33333333333333,1.3304,3.0,1.37653,7.0,259.0,23.0,1.8149201052631585,8.305263157894737,1.1169872989473684,4.684210526315789,206.64210526315796,22.2,1.0,3.0,3.0,10.789473684210527,20.526315789473685,0.3,1,1,0,1.947368421052632,1.936050131578948,1.0521016236842105,9.63157894736842,4.105263157894737,193.55263157894737,22.0,38.0,3.0,3.0,1.3304,1.37653,3.0,7.0,259.0,23.0,1.3304,1.37653,3.0,7.0,259.0,23.0,6.041666666666667,2.254960912315874,0.0,0.0,1.28,6.21,9.68,245,Leeds,2.3812,5.0,0.674338,2.0,251.0,16.0,2.3812,5.0,0.674338,2.0,251.0,16.0,2.3812,5.0,0.674338,2.0,251.0,16.0,2.3812,5.0,0.674338,2.0,251.0,16.0,2.3812,5.0,0.674338,2.0,251.0,16.0,2.3812,5.0,0.674338,2.0,251.0,16.0,1.0,3.0,3.0,3.0,3.0,0.3,1,1,0,,,,,,,,,3.0,3.0,2.3812,0.674338,5.0,2.0,251.0,16.0,2.3812,0.674338,5.0,2.0,251.0,16.0,4.895833333333333,1.2598689730976529,0.0,0.0,1.145833333333334,1.2340425531914896,0.0,0.0,7.789473684210527,17.526315789473685,0.9950919392182214,0.0,0.0,,,,0.0,-1.0508000000000002,-0.702192,-2.0,-8.0,-1.0508000000000002,-0.702192,-2.0,-8.0,-1.0508000000000002,-0.702192,-2.0,-8.0,-0.6470332456140351,-0.4859064157894736,2.421052631578948,35.63157894736841,-1.0508000000000002,-0.702192,-2.0,-8.0,-0.5662798947368419,-0.4426492989473684,3.3052631578947373,44.35789473684207,1.0455863809371715,0.74718838562124,0.1540098443792572,0.0988017699995028,0.6483866156217372,0.8459901556207428,0.74718838562124,0.5931785412419828,0.734561730481339,2,1636.348640634698,1473.3087232228593,163.0399174118388,0.7831164734725067,draw,6.21,0.5025029,0.1540098443792572,0.348493073864151,2.120543122291565,False,-1.0,False,EPL 2025_245_83_2025-08-23 16:30:00|draw,"train=ALL|bet=EPL|outcome=draw|odds=[4.00,10.00)|fav=nonfavorite","train=ALL|bet=EPL|outcome=draw|odds=[4.00,10.00)|fav=nonfavorite"
EPL 2025_245_87_2026-01-01 17:30:00,2026-01-01 17:30:00,EPL,2025,87,Liverpool,245,Leeds,d,1.56502,12.0,0.780664,2.0,171.0,23.0,1.56502,12.0,0.780664,2.0,171.0,23.0,1.7364533333333334,11.333333333333334,1.2732513333333335,4.0,207.66666666666663,17.333333333333332,1.7364533333333334,11.333333333333334,1.2732513333333335,4.0,207.66666666666663,17.333333333333332,1.726748,8.8,1.2651492000000002,3.8,201.4,18.2,1.726748,8.8,1.2651492000000002,3.8,201.4,18.2,18.0,11.0,17.0,11.0,17.0,0.5000000000000002,3,6,0,2.210526315789474,2.4536668684210525,1.1136979210526317,11.63157894736842,5.2631578947368425,218.0,24.394736842105264,38.0,1.7777777777777777,1.7777777777777777,1.7609440555555556,1.411074388888889,9.166666666666666,5.333333333333333,172.72222222222223,18.38888888888889,1.7609440555555556,1.411074388888889,9.166666666666666,5.333333333333333,172.72222222222223,18.38888888888889,5.104166666666667,1.2740712598162476,0.1086408333333333,0.0882628333333335,1.55,4.45,5.94,245,Leeds,2.60653,16.0,0.805957,5.0,217.0,22.0,2.60653,16.0,0.805957,5.0,217.0,22.0,2.3828266666666664,10.666666666666666,1.011181,5.333333333333333,236.33333333333331,19.0,2.3828266666666664,10.666666666666666,1.011181,5.333333333333333,236.33333333333331,19.0,2.229302,7.8,1.2091222,5.8,276.0,18.2,2.229302,7.8,1.2091222,5.8,276.0,18.2,18.0,9.0,12.0,9.0,12.0,0.6000000000000001,0,5,1,,,,,,,,,1.1111111111111112,1.1111111111111112,1.561478777777778,1.364936222222222,5.222222222222222,5.666666666666667,269.3888888888889,20.88888888888889,1.561478777777778,1.364936222222222,5.222222222222222,5.666666666666667,269.3888888888889,20.88888888888889,4.145833333333333,0.8074276162846105,0.4873177916666664,-0.5824791250000003,0.958333333333334,1.2311557788944725,2.0,5.0,2.0,5.0,0.4666436435316371,-0.3786769583333331,0.6707419583333338,,,,0.6666666666666665,-1.0415099999999995,0.025293,-4.0,46.0,-1.0415099999999995,0.025293,-4.0,46.0,-0.646373333333333,-0.2620703333333336,0.6666666666666679,28.66666666666669,-0.646373333333333,-0.2620703333333336,0.6666666666666679,28.66666666666669,-0.5025539999999997,-0.0560270000000002,1.0000000000000009,74.6,-0.5025539999999997,-0.0560270000000002,1.0000000000000009,74.6,1.0382305597963444,0.6214046429620923,0.2164443138407288,0.1621510431971789,0.4592535997649133,0.7835556861592712,0.6214046429620923,0.4049603291213635,0.9218881256027356,1,1624.986950040062,1470.3237559722804,154.66319406778143,0.7748147683112884,draw,4.45,0.34022048,0.2164443138407288,0.12377616731657407,0.5139811411499977,True,3.45,False,EPL 2025_245_87_2026-01-01 17:30:00|draw,"train=ALL|bet=EPL|outcome=draw|odds=[4.00,10.00)|fav=nonfavorite","train=ALL|bet=EPL|outcome=draw|odds=[4.00,10.00)|fav=nonfavorite"
EPL 2025_245_88_2025-11-29 15:00:00,2025-11-29 15:00:00,EPL,2025,88,Manchester City,245,Leeds,w,2.45648,16.0,2.40555,4.0,139.0,18.0,2.45648,16.0,2.40555,4.0,139.0,18.0,2.1806300000000003,10.333333333333334,1.4444986666666668,5.0,240.66666666666663,18.666666666666668,2.1806300000000003,10.333333333333334,1.4444986666666668,5.0,240.66666666666663,18.666666666666668,2.078186,11.4,1.1944048,5.4,233.2,20.4,2.078186,11.4,1.1944048,5.4,233.2,20.4,12.0,9.0,19.0,9.0,19.0,-0.0999999999999998,-1,0,1,1.868421052631579,1.9249586842105264,1.392189394736842,11.342105263157896,5.2105263157894735,225.23684210526315,18.63157894736842,38.0,1.8333333333333333,1.8333333333333333,1.9591158333333332,1.1184353333333332,9.75,5.25,227.16666666666663,17.75,1.9591158333333332,1.1184353333333332,9.75,5.25,227.16666666666663,17.75,6.895833333333333,0.8661399893112416,0.2017012500000001,0.4577676666666668,1.25,6.77,10.58,245,Leeds,1.84668,5.0,1.35978,5.0,264.0,36.0,1.84668,5.0,1.35978,5.0,264.0,36.0,0.8751103333333332,3.333333333333333,2.164006666666667,5.333333333333333,263.3333333333333,23.666666666666668,0.8751103333333332,3.333333333333333,2.164006666666667,5.333333333333333,263.3333333333333,23.666666666666668,1.4356502,3.8,1.5000639999999998,4.4,249.2,23.8,1.4356502,3.8,1.5000639999999998,4.4,249.2,23.8,12.0,3.0,8.0,3.0,8.0,-0.2,-3,0,3,,,,,,,,,0.9166666666666666,0.9166666666666666,1.2673906666666668,1.3058600833333334,4.25,5.083333333333333,268.1666666666667,21.25,1.2673906666666668,1.3058600833333334,4.25,5.083333333333333,268.1666666666667,21.25,6.041666666666667,0.4179291027274013,-0.5202682916666668,0.8121381666666669,0.8541666666666661,1.1413793103448275,6.0,11.0,6.0,11.0,0.4482108865838403,0.7219695416666669,-0.3543705000000001,,,,0.9166666666666666,0.6097999999999999,-1.04577,11.0,125.0,0.6097999999999999,-1.04577,11.0,125.0,1.305519666666667,0.719508,7.0,22.666666666666657,1.305519666666667,0.719508,7.0,22.666666666666657,0.6425358000000001,0.3056591999999998,7.6,16.0,0.6425358000000001,0.3056591999999998,7.6,16.0,1.0422284458567068,0.767586034693578,0.1417256341753283,0.0906883311310938,0.6768977035624842,0.8582743658246716,0.767586034693578,0.6258604005182498,0.6976240980133389,2,1627.7528663821563,1440.2180060466817,187.53486033547483,0.8061093711917252,draw,6.77,0.26355526,0.1417256341753283,0.12182962433716865,0.7842691001296043,False,-1.0,False,EPL 2025_245_88_2025-11-29 15:00:00|draw,"train=ALL|bet=EPL|outcome=draw|odds=[4.00,10.00)|fav=nonfavorite","train=ALL|bet=EPL|outcome=draw|odds=[4.00,10.00)|fav=nonfavorite"
EPL 2025_245_88_2026-02-28 17:30:00,2026-02-28 17:30:00,EPL,2025,245,Leeds,88,Manchester City,l,1.27855,3.0,1.25439,11.0,247.0,25.0,1.27855,3.0,1.25439,11.0,247.0,25.0,1.9832733333333328,5.0,2.0423166666666663,8.666666666666666,283.6666666666667,20.666666666666668,1.9832733333333328,5.0,2.0423166666666663,8.666666666666666,283.6666666666667,20.666666666666668,1.5610260000000002,4.6,2.1122272,7.6,257.6,21.2,1.5610260000000002,4.6,2.1122272,7.6,257.6,21.2,27.0,6.0,12.0,6.0,12.0,0.0,0,3,2,,,,,,,,,1.148148148148148,1.148148148148148,1.5393854074074074,1.5351805185185186,5.148148148148148,6.296296296296297,273.3333333333333,21.55555555555556,1.5393854074074074,1.5351805185185186,5.148148148148148,6.296296296296297,273.3333333333333,21.55555555555556,7.104166666666667,0.7687251844916451,0.3210948333333332,0.1419801666666662,4.75,4.33,1.62,88,Manchester City,2.22648,11.0,0.507954,1.0,220.0,23.0,2.22648,11.0,0.507954,1.0,220.0,23.0,2.1061533333333333,9.333333333333334,0.9424346666666666,4.0,237.33333333333331,23.0,2.1061533333333333,9.333333333333334,0.9424346666666666,4.0,237.33333333333331,23.0,1.884,9.0,0.9734734,4.8,227.0,25.6,1.884,9.0,0.9734734,4.8,227.0,25.6,27.0,13.0,19.0,13.0,19.0,0.7000000000000002,3,5,0,1.868421052631579,1.9249586842105264,1.392189394736842,11.342105263157896,5.2105263157894735,225.23684210526315,18.63157894736842,38.0,2.074074074074074,2.074074074074074,1.9770131481481483,1.1839045925925926,9.703703703703704,4.592592592592593,225.77777777777777,21.11111111111111,1.9770131481481483,1.1839045925925926,9.703703703703704,4.592592592592593,225.77777777777777,21.11111111111111,6.895833333333333,1.3800424626985093,0.3815852083333333,-0.4711937083333334,0.2083333333333339,1.030211480362538,-7.0,-7.0,-7.0,-7.0,-0.6113172782068642,-0.060490375,0.6131738749999996,,,,-0.9259259259259258,-0.94793,-0.7464359999999999,-8.0,-27.0,-0.94793,-0.7464359999999999,-8.0,-27.0,-0.1228800000000001,-1.0998819999999996,-4.333333333333334,-46.33333333333334,-0.1228800000000001,-1.0998819999999996,-4.333333333333334,-46.33333333333334,-0.3229739999999996,-1.1387538,-4.4,-30.600000000000023,-0.3229739999999996,-1.1387538,-4.4,-30.600000000000023,1.0587571486238476,0.1988428754064251,0.2181301750994271,0.5830269494941478,-0.3841840740877226,0.7818698249005729,0.5830269494941478,0.3648967743947207,0.9678736257694645,0,1495.1474201496444,1663.9114740043888,-168.76405385474436,0.3483962335859875,draw,4.33,0.27899882,0.21813017509942711,0.060868646874373544,0.2080648991465568,False,-1.0,False,EPL 2025_245_88_2026-02-28 17:30:00|draw,"train=ALL|bet=EPL|outcome=draw|odds=[4.00,10.00)|fav=nonfavorite","train=ALL|bet=EPL|outcome=draw|odds=[4.00,10.00)|fav=nonfavorite"
EPL 2025_249_83_2025-09-13 11:30:00,2025-09-13 11:30:00,EPL,2025,83,Arsenal,249,Nottingham Forest,w,0.485679,5.0,0.481404,4.0,296.0,23.0,0.485679,5.0,0.481404,4.0,296.0,23.0,1.5178963333333335,4.333333333333333,0.6715650000000001,4.0,243.33333333333331,22.666666666666668,1.5178963333333335,4.333333333333333,0.6715650000000001,4.0,243.33333333333331,22.666666666666668,1.5178963333333335,4.333333333333333,0.6715650000000001,4.0,243.33333333333331,22.666666666666668,1.6851578526315791,6.4526315789473685,0.8237796494736841,4.042105263157895,223.42105263157896,22.4,3.0,6.0,6.0,9.894736842105264,19.63157894736842,0.6,-1,0,1,1.947368421052632,1.936050131578948,1.0521016236842105,9.63157894736842,4.105263157894737,193.55263157894737,22.0,38.0,2.0,2.0,1.5178963333333335,0.6715650000000001,4.333333333333333,4.0,243.33333333333331,22.666666666666668,1.5178963333333335,0.6715650000000001,4.333333333333333,4.0,243.33333333333331,22.666666666666668,12.833333333333334,1.3176130382822338,0.0,0.0,1.38,5.25,8.14,249,Nottingham Forest,0.716018,6.0,2.236,5.0,256.0,26.0,0.716018,6.0,2.236,5.0,256.0,26.0,1.267129333333333,5.333333333333333,1.5543466666666668,4.666666666666667,229.0,22.0,1.267129333333333,5.333333333333333,1.5543466666666668,4.666666666666667,229.0,22.0,1.267129333333333,5.333333333333333,1.5543466666666668,4.666666666666667,229.0,22.0,1.315532894736842,5.515789473684211,1.5212152842105264,5.652631578947369,243.0421052631579,20.63157894736842,3.0,4.0,4.0,7.421052631578947,15.973684210526317,0.4,-1,0,2,1.7105263157894737,1.3881382368421051,1.4715182105263158,5.789473684210527,7.131578947368421,264.10526315789474,18.57894736842105,38.0,1.3333333333333333,1.3333333333333333,1.267129333333333,1.5543466666666668,5.333333333333333,4.666666666666667,229.0,22.0,1.267129333333333,1.5543466666666668,5.333333333333333,4.666666666666667,229.0,22.0,12.9375,1.0522472315237887,0.0,0.0,-0.104166666666666,0.9919484702093398,2.0,2.0,2.473684210526317,3.657894736842106,0.265365806758445,0.0,0.0,0.2368421052631579,0.5479118947368424,0.4194165868421053,0.6666666666666667,-0.230339,1.7545960000000005,-1.0,-40.0,-0.230339,1.7545960000000005,-1.0,-40.0,0.2507670000000002,0.8827816666666667,-1.0,-14.333333333333345,0.2507670000000002,0.8827816666666667,-1.0,-14.333333333333345,0.2507670000000002,0.8827816666666667,-1.0,-14.333333333333345,0.369624957894737,0.6974356347368423,0.9368421052631576,19.621052631578948,1.0379639944857335,0.6981337358608928,0.1835094391405775,0.1183568249985297,0.579776910862363,0.8164905608594225,0.6981337358608928,0.5146242967203153,0.8145883859821156,2,1632.740947980835,1528.160609110949,104.58033886988596,0.7205921147651149,draw,5.25,0.29238644,0.1835094391405775,0.10887700328228933,0.5350288227200508,False,-1.0,False,EPL 2025_249_83_2025-09-13 11:30:00|draw,"train=ALL|bet=EPL|outcome=draw|odds=[4.00,10.00)|fav=nonfavorite","train=ALL|bet=EPL|outcome=draw|odds=[4.00,10.00)|fav=nonfavorite"
EPL 2025_249_86_2025-10-05 13:00:00,2025-10-05 13:00:00,EPL,2025,86,Newcastle United,249,Nottingham Forest,w,0.739851,4.0,2.07048,13.0,247.0,15.0,0.739851,4.0,2.07048,13.0,247.0,15.0,0.6951133333333335,7.333333333333333,0.9990273333333332,6.666666666666667,231.66666666666663,16.0,0.6951133333333335,7.333333333333333,0.9990273333333332,6.666666666666667,231.66666666666663,16.0,0.8704790000000001,6.0,0.8641881999999999,6.2,239.2,18.2,0.8704790000000001,6.0,0.8641881999999999,6.2,239.2,18.2,6.0,5.0,6.0,5.0,12.947368421052632,0.4,-1,0,2,1.736842105263158,1.8811069736842108,1.4204530526315788,9.18421052631579,6.105263157894737,220.1315789473684,21.42105263157895,38.0,1.0,1.0,0.9588958333333334,0.7732570000000001,6.0,5.5,223.66666666666663,19.166666666666668,0.9588958333333334,0.7732570000000001,6.0,5.5,223.66666666666663,19.166666666666668,6.895833333333333,1.1487927908315323,-0.2637824999999999,0.2257703333333331,1.63,4.3,5.27,249,Nottingham Forest,1.4203,6.0,1.94154,3.0,186.0,20.0,1.4203,6.0,1.94154,3.0,186.0,20.0,0.8482533333333334,5.666666666666667,1.9882766666666667,5.666666666666667,222.66666666666663,20.33333333333333,0.8482533333333334,5.666666666666667,1.9882766666666667,5.666666666666667,222.66666666666663,20.33333333333333,0.9181296,5.4,1.860542,5.6,224.2,21.2,0.9181296,5.4,1.860542,5.6,224.2,21.2,6.0,2.0,5.0,2.0,11.842105263157894,-0.0999999999999999,-1,0,5,1.7105263157894737,1.3881382368421051,1.4715182105263158,5.789473684210527,7.131578947368421,264.10526315789474,18.57894736842105,38.0,0.8333333333333334,0.8333333333333334,1.057691333333333,1.7713116666666666,5.5,5.166666666666667,225.83333333333331,21.166666666666668,1.057691333333333,1.7713116666666666,5.5,5.166666666666667,225.83333333333331,21.166666666666668,7.854166666666667,0.4356683412808674,-0.2094379999999999,0.216965,-0.958333333333334,0.8779840848806365,3.0,1.0,3.0,1.105263157894738,0.7131244495506648,-0.0543445,0.0088053333333331,0.0263157894736842,0.4929687368421056,0.0510651578947369,0.1666666666666666,-0.6804489999999999,-0.1289399999999998,-2.0,-61.0,-0.6804489999999999,-0.1289399999999998,-2.0,-61.0,-0.1531399999999999,0.9892493333333334,1.666666666666666,-9.0,-0.1531399999999999,0.9892493333333334,1.666666666666666,-9.0,-0.0476505999999998,0.9963538,0.5999999999999996,-15.0,-0.0476505999999998,0.9963538,0.5999999999999996,-15.0,1.035808392733333,0.5922880494300852,0.2245184931560555,0.1831934574138593,0.4090945920162258,0.7754815068439445,0.5922880494300852,0.3677695562740296,0.956521417034696,2,1554.1282713409153,1509.3164533842807,44.81181795663451,0.6464212901689808,draw,4.3,0.30088142,0.2245184931560555,0.07636292244948956,0.2937900871038437,False,-1.0,False,EPL 2025_249_86_2025-10-05 13:00:00|draw,"train=ALL|bet=EPL|outcome=draw|odds=[4.00,10.00)|fav=nonfavorite","train=ALL|bet=EPL|outcome=draw|odds=[4.00,10.00)|fav=nonfavorite"
EPL 2025_249_87_2025-11-22 15:00:00,2025-11-22 15:00:00,EPL,2025,87,Liverpool,249,Nottingham Forest,l,1.0281,7.0,1.59542,7.0,253.0,23.0,1.0281,7.0,1.59542,7.0,253.0,23.0,1.5388966666666668,9.666666666666666,1.7672333333333334,6.0,198.66666666666663,21.0,1.5388966666666668,9.666666666666666,1.7672333333333334,6.0,198.66666666666663,21.0,1.857244,9.6,1.814016,6.0,198.4,19.0,1.857244,9.6,1.814016,6.0,198.4,19.0,11.0,3.0,15.0,3.0,15.0,-0.9,-1,0,1,2.210526315789474,2.4536668684210525,1.1136979210526317,11.63157894736842,5.2631578947368425,218.0,24.394736842105264,38.0,1.6363636363636365,1.6363636363636365,1.791144818181818,1.592259181818182,9.181818181818182,6.090909090909091,164.0,17.727272727272727,1.791144818181818,1.592259181818182,9.181818181818182,6.090909090909091,164.0,17.727272727272727,12.9375,0.3230593287340748,-0.4916733333333332,0.0806430833333333,1.45,4.9,6.9,249,Nottingham Forest,2.49097,4.0,0.419461,3.0,273.0,18.0,2.49097,4.0,0.419461,3.0,273.0,18.0,1.449041,5.0,0.664094,5.0,274.3333333333333,20.33333333333333,1.449041,5.0,0.664094,5.0,274.3333333333333,20.33333333333333,1.3480624,5.6,1.6734404,6.8,267.4,20.2,1.3480624,5.6,1.6734404,6.8,267.4,20.2,11.0,4.0,6.0,4.0,6.0,0.2,1,2,0,1.7105263157894737,1.3881382368421051,1.4715182105263158,5.789473684210527,7.131578947368421,264.10526315789474,18.57894736842105,38.0,0.8181818181818182,0.8181818181818182,1.1896781818181816,1.7268247272727273,5.545454545454546,5.909090909090909,244.72727272727272,20.727272727272727,1.1896781818181816,1.7268247272727273,5.545454545454546,5.909090909090909,244.72727272727272,20.727272727272727,13.041666666666666,0.5934443389870612,0.2884070000000001,-1.12741,-0.104166666666666,0.9920127795527156,-1.0,9.0,-1.0,9.0,-0.2703850102529863,-0.7800803333333333,1.2080530833333334,0.5000000000000002,1.0655286315789474,0.3578202894736841,0.8181818181818182,-1.46287,-1.1759590000000002,3.0,20.0,-1.46287,-1.1759590000000002,3.0,20.0,0.0898556666666667,-1.1031393333333337,4.666666666666666,75.66666666666666,0.0898556666666667,-1.1031393333333337,4.666666666666666,75.66666666666666,0.5091816000000002,-0.1405755999999998,4.0,68.99999999999997,0.5091816000000002,-0.1405755999999998,4.0,68.99999999999997,1.0386643412987384,0.6639827179890024,0.1964846818538884,0.1395326001571092,0.5244501178318932,0.8035153181461115,0.6639827179890024,0.467498036135114,0.8664179591310851,0,1621.303781378031,1492.9035530024414,128.4002283755899,0.747348189031504,draw,4.9,0.35866892,0.19648468185388843,0.1621842415241023,0.7574777245521547,False,-1.0,False,EPL 2025_249_87_2025-11-22 15:00:00|draw,"train=ALL|bet=EPL|outcome=draw|odds=[4.00,10.00)|fav=nonfavorite","train=ALL|bet=EPL|outcome=draw|odds=[4.00,10.00)|fav=nonfavorite"
EPL 2025_249_88_2026-03-04 19:30:00,2026-03-04 19:30:00,EPL,2025,88,Manchester City,249,Nottingham Forest,d,2.46834,6.0,1.37824,4.0,170.0,10.0,2.46834,6.0,1.37824,4.0,170.0,10.0,2.124013333333333,7.333333333333333,0.9796746666666664,2.6666666666666665,232.0,18.0,2.124013333333333,7.333333333333333,0.9796746666666664,2.6666666666666665,232.0,18.0,2.164588,8.2,1.1405848,5.2,214.8,19.8,2.164588,8.2,1.1405848,5.2,214.8,19.8,28.0,13.0,19.0,13.0,19.0,0.7000000000000002,4,6,0,1.868421052631579,1.9249586842105264,1.392189394736842,11.342105263157896,5.2105263157894735,225.23684210526315,18.63157894736842,38.0,2.107142857142857,2.107142857142857,1.9945605357142857,1.1908451428571427,9.571428571428571,4.571428571428571,223.78571428571428,20.714285714285715,1.9945605357142857,1.1908451428571427,9.571428571428571,4.571428571428571,223.78571428571428,20.714285714285715,4.083333333333333,1.2011523669907482,0.2197139583333336,-0.3515762083333336,1.38,5.0,7.5,249,Nottingham Forest,0.83055,2.0,1.20107,10.0,313.0,21.0,0.83055,2.0,1.20107,10.0,313.0,21.0,1.818752666666667,5.666666666666667,1.3347896666666663,5.0,245.33333333333331,22.666666666666668,1.818752666666667,5.666666666666667,1.3347896666666663,5.0,245.33333333333331,22.666666666666668,1.6208624,5.2,1.8068318,7.0,263.0,18.0,1.6208624,5.2,1.8068318,7.0,263.0,18.0,28.0,2.0,9.0,2.0,9.0,-0.5,-2,0,5,1.7105263157894737,1.3881382368421051,1.4715182105263158,5.789473684210527,7.131578947368421,264.10526315789474,18.57894736842105,38.0,0.9642857142857144,0.9642857142857144,1.2079455357142856,1.6941898928571428,5.678571428571429,7.357142857142857,253.03571428571428,19.678571428571427,1.2079455357142856,1.6941898928571428,5.678571428571429,7.357142857142857,253.03571428571428,19.678571428571427,3.2291666666666665,0.2467822067750128,0.4338522916666667,-0.6200214583333334,0.8541666666666665,1.264516129032258,11.0,10.0,11.0,10.0,0.9543701602157354,-0.2141383333333331,0.2684452499999998,0.1578947368421053,0.5368204473684213,0.0793288157894738,1.1428571428571428,1.63779,-0.1771699999999998,4.0,143.0,1.63779,-0.1771699999999998,4.0,143.0,0.3052606666666668,0.355115,1.666666666666666,13.333333333333345,0.3052606666666668,0.355115,1.666666666666666,13.333333333333345,0.5437255999999997,0.666247,2.999999999999999,48.19999999999999,0.5437255999999997,0.666247,2.999999999999999,48.19999999999999,1.0579710144927537,0.6849315068493151,0.1890410958904109,0.1260273972602739,0.5589041095890412,0.810958904109589,0.6849315068493151,0.4958904109589042,0.8351409631132563,1,1670.8793986761086,1473.6107554727678,197.26864320334084,0.8147171402543429,draw,5.0,0.35336828,0.18904109589041093,0.1643271864277043,0.7668414115905762,True,4.0,False,EPL 2025_249_88_2026-03-04 19:30:00|draw,"train=ALL|bet=EPL|outcome=draw|odds=[4.00,10.00)|fav=nonfavorite","train=ALL|bet=EPL|outcome=draw|odds=[4.00,10.00)|fav=nonfavorite"
EPL 2025_71_87_2025-11-01 20:00:00,2025-11-01 20:00:00,EPL,2025,87,Liverpool,71,Aston Villa,w,2.11838,10.0,3.27126,5.0,124.0,20.0,2.11838,10.0,3.27126,5.0,124.0,20.0,2.262636666666667,9.666666666666666,2.346546666666667,5.666666666666667,173.33333333333334,17.333333333333332,2.262636666666667,9.666666666666666,2.346546666666667,5.666666666666667,173.33333333333334,17.333333333333332,2.190266,9.2,2.2588482,7.6,158.6,18.4,2.190266,9.2,2.2588482,7.6,158.6,18.4,9.0,3.0,15.0,3.0,17.210526315789473,-0.9,-4,0,4,2.210526315789474,2.4536668684210525,1.1136979210526317,11.63157894736842,5.2631578947368425,218.0,24.394736842105264,38.0,1.6666666666666667,1.6666666666666667,1.911587,1.720490111111111,9.11111111111111,6.0,148.0,16.88888888888889,1.911587,1.720490111111111,9.11111111111111,6.0,148.0,16.88888888888889,7.041666666666667,0.2739393297184964,0.4033600416666669,0.6076240416666667,1.66,4.21,5.07,71,Aston Villa,0.843906,8.0,1.36914,11.0,246.0,11.0,0.843906,8.0,1.36914,11.0,246.0,11.0,0.9772856666666666,6.0,1.1286806666666669,5.666666666666667,235.66666666666663,15.666666666666666,0.9772856666666666,6.0,1.1286806666666669,5.666666666666667,235.66666666666663,15.666666666666666,1.0473922,8.0,1.0553932,5.0,212.4,15.4,1.0473922,8.0,1.0553932,5.0,212.4,15.4,9.0,13.0,15.0,13.0,16.736842105263158,1.1,4,6,0,1.736842105263158,1.7469801578947368,1.4473185,7.5,6.526315789473684,233.10526315789477,18.81578947368421,38.0,1.6666666666666667,1.6666666666666667,0.8991778888888889,1.3663795555555556,7.222222222222222,5.333333333333333,195.77777777777777,16.22222222222222,0.8991778888888889,1.3663795555555556,7.222222222222222,5.333333333333333,195.77777777777777,16.22222222222222,6.291666666666667,2.4823557016211586,0.0055356666666666,-0.2333738333333332,0.75,1.119205298013245,-10.0,0.0,-10.0,0.473684210526315,-2.208416371902662,0.3978243750000003,0.840997875,0.4736842105263159,0.7066867105263157,0.3336205789473683,0.0,1.274474,-1.90212,2.0,122.0,1.274474,-1.90212,2.0,122.0,1.2853510000000004,-1.217866,3.666666666666666,62.333333333333314,1.2853510000000004,-1.217866,3.666666666666666,62.333333333333314,1.1428737999999998,-1.2034550000000002,1.1999999999999993,53.80000000000001,1.1428737999999998,-1.2034550000000002,1.1999999999999993,53.80000000000001,1.0371779885427386,0.5808160655247011,0.2290153607532075,0.1901685737220914,0.3906474918026096,0.7709846392467925,0.5808160655247011,0.3518007047714935,0.9687807929839892,2,1622.2555873403674,1586.3665703765218,35.889016963845506,0.6345952040470445,draw,4.21,0.32545486,0.22901536075320755,0.09643950017246689,0.37016496449708947,False,-1.0,False,EPL 2025_71_87_2025-11-01 20:00:00|draw,"train=ALL|bet=EPL|outcome=draw|odds=[4.00,10.00)|fav=nonfavorite","train=ALL|bet=EPL|outcome=draw|odds=[4.00,10.00)|fav=nonfavorite"
EPL 2025_72_80_2025-12-13 15:00:00,2025-12-13 15:00:00,EPL,2025,80,Chelsea,72,Everton,w,0.672602,4.0,1.41931,6.0,163.0,20.0,0.672602,4.0,1.41931,6.0,163.0,20.0,0.8095113333333334,4.666666666666667,1.61743,5.333333333333333,171.33333333333334,20.33333333333333,0.8095113333333334,4.666666666666667,1.61743,5.333333333333333,171.33333333333334,20.33333333333333,1.6265768000000005,7.6,1.124939,4.6,192.4,19.8,1.6265768000000005,7.6,1.124939,4.6,192.4,19.8,15.0,8.0,17.0,8.0,17.0,-0.0999999999999998,0,1,3,1.8157894736842104,1.9241391842105264,1.4279523157894738,8.868421052631579,5.947368421052632,232.21052631578948,21.42105263157895,38.0,1.6666666666666667,1.6666666666666667,1.8324597333333332,1.2787672666666663,7.4,5.866666666666666,196.7333333333333,21.73333333333333,1.8324597333333332,1.2787672666666663,7.4,5.866666666666666,196.7333333333333,21.73333333333333,7.0,0.983660900489462,-1.096365416666667,0.4452113749999999,1.67,4.04,5.3,72,Everton,1.25348,9.0,0.31234,1.0,245.0,29.0,1.25348,9.0,0.31234,1.0,245.0,29.0,1.1534866666666663,9.0,1.1355249999999997,5.333333333333333,289.6666666666667,25.33333333333333,1.1534866666666663,9.0,1.1355249999999997,5.333333333333333,289.6666666666667,25.33333333333333,1.1843186,6.8,1.2209506,7.6,277.0,20.4,1.1843186,6.8,1.2209506,7.6,277.0,20.4,15.0,12.0,17.0,12.0,17.0,0.7,2,2,0,1.263157894736842,1.2334056578947368,1.4121864736842105,4.894736842105263,7.026315789473684,298.44736842105266,20.894736842105264,38.0,1.6,1.6,1.2868511333333332,1.4425048666666669,6.866666666666666,7.266666666666667,279.93333333333334,20.6,1.2868511333333332,1.4425048666666669,6.866666666666666,7.266666666666667,279.93333333333334,20.6,7.0,2.026481725098891,0.0126335416666665,-0.3468003750000004,0.0,1.0,-4.0,0.0,-4.0,0.0,-1.0428208246094293,-1.1089989583333335,0.7920117500000003,0.5526315789473686,0.6907335263157894,-0.0157658421052633,0.0666666666666666,-0.5808779999999999,-1.10697,-5.0,82.0,-0.5808779999999999,-1.10697,-5.0,82.0,-0.3439753333333332,-0.4819050000000002,-4.333333333333333,118.33333333333334,-0.3439753333333332,-0.4819050000000002,-4.333333333333333,118.33333333333334,0.4422582000000006,0.0960115999999999,0.7999999999999998,84.6,0.4422582000000006,0.0960115999999999,0.7999999999999998,84.6,1.0350063929678472,0.5785494652767645,0.2391528730228209,0.1822976617004145,0.39625180357635,0.760847126977179,0.5785494652767645,0.3393965922539436,0.9690364216481702,2,1584.6228131494522,1543.806019225191,40.81679392426122,0.6411475041254385,draw,4.04,0.34881693,0.23915287302282098,0.1096640582248902,0.4092204022407533,False,-1.0,False,EPL 2025_72_80_2025-12-13 15:00:00|draw,"train=ALL|bet=EPL|outcome=draw|odds=[4.00,10.00)|fav=nonfavorite","train=ALL|bet=EPL|outcome=draw|odds=[4.00,10.00)|fav=nonfavorite"
EPL 2025_72_86_2026-02-28 15:00:00,2026-02-28 15:00:00,EPL,2025,86,Newcastle United,72,Everton,l,0.507954,1.0,2.22648,11.0,213.0,26.0,0.507954,1.0,2.22648,11.0,213.0,26.0,2.099788,6.666666666666667,1.855316666666667,10.333333333333334,216.0,21.666666666666668,2.099788,6.666666666666667,1.855316666666667,10.333333333333334,216.0,21.666666666666668,1.7077046,6.0,1.9974220000000005,9.6,199.4,19.8,1.7077046,6.0,1.9974220000000005,9.6,199.4,19.8,27.0,3.0,13.0,3.0,13.0,-0.7000000000000001,-1,0,1,1.736842105263158,1.8811069736842108,1.4204530526315788,9.18421052631579,6.105263157894737,220.1315789473684,21.42105263157895,38.0,1.3333333333333333,1.3333333333333333,1.6414426666666666,1.3163043333333333,6.888888888888889,6.814814814814815,206.1851851851852,20.59259259259259,1.6414426666666666,1.3163043333333333,6.888888888888889,6.814814814814815,206.1851851851852,20.59259259259259,6.791666666666667,0.3513488222317433,0.2854847499999997,0.1042221666666669,1.7,4.0,4.75,72,Everton,0.560924,6.0,1.4547,5.0,263.0,24.0,0.560924,6.0,1.4547,5.0,263.0,24.0,1.5932813333333335,5.666666666666667,1.689353333333333,7.0,251.0,23.666666666666668,1.5932813333333335,5.666666666666667,1.689353333333333,7.0,251.0,23.666666666666668,1.390204,6.0,1.634582,7.4,256.2,21.4,1.390204,6.0,1.634582,7.4,256.2,21.4,27.0,5.0,13.0,5.0,13.0,-0.3,-2,0,2,1.263157894736842,1.2334056578947368,1.4121864736842105,4.894736842105263,7.026315789473684,298.44736842105266,20.894736842105264,38.0,1.3703703703703705,1.3703703703703705,1.2644103333333334,1.5546920740740742,5.814814814814815,7.592592592592593,282.3703703703704,21.33333333333333,1.2644103333333334,1.5546920740740742,5.814814814814815,7.592592592592593,282.3703703703704,21.33333333333333,4.791666666666667,0.7193188912246953,0.3013127083333335,0.0839304583333331,2.0,1.417391304347826,-2.0,0.0,-2.0,0.0,-0.367970068992952,-0.0158279583333338,0.0202917083333338,0.4736842105263159,0.647701315789474,-0.0082665789473683,-0.0370370370370372,-0.0529699999999999,-0.7717799999999999,-5.0,50.0,-0.0529699999999999,-0.7717799999999999,-5.0,50.0,0.5065066666666662,-0.1659633333333339,1.0,35.0,0.5065066666666662,-0.1659633333333339,1.0,35.0,0.3175006,-0.3628400000000003,0.0,56.79999999999998,0.3175006,-0.3628400000000003,0.0,56.79999999999998,1.0487616099071206,0.5608856088560886,0.2383763837638376,0.2007380073800738,0.3601476014760148,0.7616236162361624,0.5608856088560886,0.322509225092251,0.9884704811171108,0,1537.3116137719155,1522.4209420465406,14.890671725374888,0.6061375874708165,draw,4.0,0.44464576,0.23837638376383766,0.20626937867970482,0.7785830497741699,False,-1.0,False,EPL 2025_72_86_2026-02-28 15:00:00|draw,"train=ALL|bet=EPL|outcome=draw|odds=[4.00,10.00)|fav=nonfavorite","train=ALL|bet=EPL|outcome=draw|odds=[4.00,10.00)|fav=nonfavorite"
EPL 2025_72_87_2025-09-20 11:30:00,2025-09-20 11:30:00,EPL,2025,87,Liverpool,72,Everton,w,2.79492,17.0,0.168041,0.0,58.0,14.0,2.79492,17.0,0.168041,0.0,58.0,14.0,1.3076276666666666,9.0,0.8723799999999998,2.6666666666666665,130.0,14.333333333333334,1.3076276666666666,9.0,0.8723799999999998,2.6666666666666665,130.0,14.333333333333334,1.56323825,9.0,1.0475425,4.0,134.75,15.0,1.7413239736842103,9.526315789473683,1.0607735842105264,4.252631578947368,151.4,16.878947368421052,4.0,12.0,12.0,14.210526315789474,25.26315789473684,1.2,4,4,0,2.210526315789474,2.4536668684210525,1.1136979210526317,11.63157894736842,5.2631578947368425,218.0,24.394736842105264,38.0,3.0,3.0,1.56323825,1.0475425,9.0,4.0,134.75,15.0,1.56323825,1.0475425,9.0,4.0,134.75,15.0,5.9375,1.9190932665063865,-0.2556105833333333,-0.1751625000000002,1.45,4.7,7.25,72,Everton,1.8927,10.0,0.354327,3.0,191.0,27.0,1.8927,10.0,0.354327,3.0,191.0,27.0,1.91059,8.666666666666666,1.1274846666666667,5.333333333333333,267.6666666666667,23.33333333333333,1.91059,8.666666666666666,1.1274846666666667,5.333333333333333,267.6666666666667,23.33333333333333,1.601527,7.0,1.4409135,5.25,269.5,20.0,1.5279027315789473,6.578947368421052,1.435168094736842,5.605263157894737,275.2894736842105,20.178947368421053,4.0,7.0,7.0,8.263157894736842,14.578947368421051,0.7,0,3,1,1.263157894736842,1.2334056578947368,1.4121864736842105,4.894736842105263,7.026315789473684,298.44736842105266,20.894736842105264,38.0,1.75,1.75,1.601527,1.4409135,7.0,5.25,269.5,20.0,1.601527,1.4409135,7.0,5.25,269.5,20.0,6.895833333333333,1.0927071474454213,0.3090630000000001,-0.3134288333333332,-0.958333333333333,0.8610271903323263,5.0,5.0,5.947368421052632,10.684210526315791,0.8263861190609649,-0.5646735833333334,0.138266333333333,0.947368421052632,1.2202612105263158,0.2984885526315788,1.25,0.9022199999999998,0.186286,7.0,133.0,0.9022199999999998,0.186286,7.0,133.0,-0.6029623333333334,0.2551046666666668,0.3333333333333339,137.66666666666669,-0.6029623333333334,0.2551046666666668,0.3333333333333339,137.66666666666669,-0.0382887499999999,0.3933709999999999,2.0,134.75,0.2134212421052632,0.3743945105263155,2.9473684210526327,123.88947368421051,1.0403521643433602,0.6629055007052187,0.2045133991537376,0.1325811001410437,0.530324400564175,0.7954866008462623,0.6629055007052187,0.458392101551481,0.8650114239999799,2,1666.5868295818218,1531.3927158189283,135.1941137628935,0.7546609865404617,draw,4.7,0.28720993,0.20451339915373767,0.08269652888199841,0.3498866617679597,False,-1.0,False,EPL 2025_72_87_2025-09-20 11:30:00|draw,"train=ALL|bet=EPL|outcome=draw|odds=[4.00,10.00)|fav=nonfavorite","train=ALL|bet=EPL|outcome=draw|odds=[4.00,10.00)|fav=nonfavorite"
EPL 2025_72_88_2025-10-18 14:00:00,2025-10-18 14:00:00,EPL,2025,88,Manchester City,72,Everton,w,1.09647,9.0,0.693758,2.0,189.0,14.0,1.09647,9.0,0.693758,2.0,189.0,14.0,1.8135,9.0,0.640608,5.333333333333333,229.33333333333331,14.666666666666666,1.8135,9.0,0.640608,5.333333333333333,229.33333333333331,14.666666666666666,1.914386,8.8,1.1299228,5.6,227.2,14.6,1.914386,8.8,1.1299228,5.6,227.2,14.6,7.0,10.0,13.0,10.0,18.605263157894736,0.7,2,4,0,1.868421052631579,1.9249586842105264,1.392189394736842,11.342105263157896,5.2105263157894735,225.23684210526315,18.63157894736842,38.0,1.8571428571428568,1.8571428571428568,1.8740657142857144,1.0641714285714283,8.571428571428571,5.142857142857143,222.8571428571429,15.857142857142858,1.8740657142857144,1.0641714285714283,8.571428571428571,5.142857142857143,222.8571428571429,15.857142857142858,12.9375,1.0447213883673698,-0.0605657142857143,-0.4235634285714286,1.39,5.29,7.71,72,Everton,2.13876,5.0,2.17789,6.0,269.0,29.0,2.13876,5.0,2.17789,6.0,269.0,29.0,1.2566113333333333,8.666666666666666,1.3384386666666668,8.333333333333334,248.66666666666663,23.0,1.2566113333333333,8.666666666666666,1.3384386666666668,8.333333333333334,248.66666666666663,23.0,1.5400888,9.4,1.06258,6.6,249.6,24.4,1.5400888,9.4,1.06258,6.6,249.6,24.4,7.0,8.0,11.0,8.0,14.789473684210526,0.5,1,2,0,1.263157894736842,1.2334056578947368,1.4121864736842105,4.894736842105263,7.026315789473684,298.44736842105266,20.894736842105264,38.0,1.5714285714285714,1.5714285714285714,1.453706,1.3969957142857143,7.714285714285714,6.571428571428571,260.57142857142856,21.285714285714285,1.453706,1.3969957142857143,7.714285714285714,6.571428571428571,260.57142857142856,21.285714285714285,13.041666666666666,1.0389011333581673,-0.1970946666666666,-0.0585570476190475,-0.104166666666666,0.9920127795527156,2.0,2.0,2.0,3.8157894736842106,0.0058202550092025,0.1365289523809523,-0.365006380952381,0.605263157894737,0.6915530263157896,0.0199970789473684,0.2857142857142858,-1.04229,1.4841320000000002,4.0,80.0,-1.04229,1.4841320000000002,4.0,80.0,0.5568886666666668,0.6978306666666668,0.3333333333333339,19.333333333333314,0.5568886666666668,0.6978306666666668,0.3333333333333339,19.333333333333314,0.3742972,-0.0673427999999998,-0.5999999999999996,22.40000000000001,0.3742972,-0.0673427999999998,-0.5999999999999996,22.40000000000001,1.038162063377771,0.6929789536817889,0.182087097470262,0.1249339488479489,0.5680450048338399,0.8179129025297379,0.6929789536817889,0.5108918562115268,0.824156341187767,2,1628.2732821454738,1532.6606169464571,95.61266519901665,0.7100812127638485,draw,5.29,0.2452156,0.1820870974702621,0.06312849729826206,0.29719049632549277,False,-1.0,False,EPL 2025_72_88_2025-10-18 14:00:00|draw,"train=ALL|bet=EPL|outcome=draw|odds=[4.00,10.00)|fav=nonfavorite","train=ALL|bet=EPL|outcome=draw|odds=[4.00,10.00)|fav=nonfavorite"
EPL 2025_72_92_2026-03-03 19:30:00,2026-03-03 19:30:00,EPL,2025,72,Everton,92,Burnley,w,2.40731,4.0,1.11889,13.0,256.0,16.0,2.40731,4.0,1.11889,13.0,256.0,16.0,1.766458,5.0,1.328563333333333,7.666666666666667,243.0,21.666666666666668,1.766458,5.0,1.328563333333333,7.666666666666667,243.0,21.666666666666668,1.6936828,5.6,1.52304,8.6,261.4,21.0,1.6936828,5.6,1.52304,8.6,261.4,21.0,28.0,7.0,15.0,7.0,15.0,-0.1,1,1,0,1.263157894736842,1.2334056578947368,1.4121864736842105,4.894736842105263,7.026315789473684,298.44736842105266,20.894736842105264,38.0,1.4285714285714286,1.4285714285714286,1.3052281785714286,1.5391277142857145,5.75,7.785714285714286,281.42857142857144,21.142857142857142,1.3052281785714286,1.5391277142857145,5.75,7.785714285714286,281.42857142857144,21.142857142857142,3.1875,0.8266010612109186,0.2992831250000001,-0.0352470416666665,1.57,4.0,6.0,92,Burnley,0.823824,4.0,2.44595,9.0,275.0,17.0,0.823824,4.0,2.44595,9.0,275.0,17.0,0.8425490000000001,4.333333333333333,2.362963333333333,12.0,296.6666666666667,17.666666666666668,0.8425490000000001,4.333333333333333,2.362963333333333,12.0,296.6666666666667,17.666666666666668,0.9000916,4.2,2.019538,9.4,279.8,19.8,0.9000916,4.2,2.019538,9.4,279.8,19.8,28.0,4.0,7.0,4.0,7.0,0.1,-1,0,2,,,,,,,,,0.6785714285714286,0.6785714285714286,0.948669,2.204557714285714,4.142857142857143,9.357142857142858,287.8928571428572,21.535714285714285,0.948669,2.204557714285714,4.142857142857143,9.357142857142858,287.8928571428572,21.535714285714285,3.1875,0.8887984287624063,-0.0219483749999999,0.0249695833333332,0.0,1.0,3.0,8.0,3.0,8.0,-0.0621973675514877,0.3212315,-0.0602166249999998,,,,0.75,1.5834859999999995,1.32706,0.0,19.0,1.5834859999999995,1.32706,0.0,19.0,0.923909,1.0344000000000002,0.666666666666667,53.666666666666686,0.923909,1.0344000000000002,0.666666666666667,53.666666666666686,0.7935911999999999,0.4964979999999999,1.3999999999999997,18.400000000000038,0.7935911999999999,0.4964979999999999,1.3999999999999997,18.400000000000038,1.0536093418259025,0.6045340050377834,0.2372795969773299,0.1581863979848866,0.4463476070528968,0.76272040302267,0.6045340050377834,0.3672544080604534,0.937283632522684,2,1534.5436937959569,1396.734997247969,137.8086965479879,0.7574369071600816,draw,4.0,0.47120577,0.23727959697732998,0.2339261739920609,0.8848230838775635,False,-1.0,False,EPL 2025_72_92_2026-03-03 19:30:00|draw,"train=ALL|bet=EPL|outcome=draw|odds=[4.00,10.00)|fav=nonfavorite","train=ALL|bet=EPL|outcome=draw|odds=[4.00,10.00)|fav=nonfavorite"
EPL 2025_73_80_2025-12-30 19:30:00,2025-12-30 19:30:00,EPL,2025,80,Chelsea,73,Bournemouth,d,1.97155,11.0,2.05918,6.0,187.0,39.0,1.97155,11.0,2.05918,6.0,187.0,39.0,1.88074,8.0,2.0926033333333334,5.666666666666667,186.0,27.33333333333333,1.88074,8.0,2.0926033333333334,5.666666666666667,186.0,27.33333333333333,1.4557680000000002,7.2,1.980364,5.2,168.2,24.6,1.4557680000000002,7.2,1.980364,5.2,168.2,24.6,18.0,5.0,15.0,5.0,15.0,-0.5,-1,0,2,1.8157894736842104,1.9241391842105264,1.4279523157894738,8.868421052631579,5.947368421052632,232.21052631578948,21.42105263157895,38.0,1.6111111111111112,1.6111111111111112,1.8405064444444448,1.414406611111111,7.5,5.833333333333333,194.94444444444449,22.666666666666668,1.8405064444444448,1.414406611111111,7.5,5.833333333333333,194.94444444444449,22.666666666666668,3.083333333333333,0.68692264142543,0.1588519999999995,0.6047902083333332,1.53,4.74,5.95,73,Bournemouth,2.56183,5.0,2.8513,9.0,206.0,30.0,2.56183,5.0,2.8513,9.0,206.0,30.0,2.2440866666666666,9.666666666666666,2.1812893333333334,10.0,167.66666666666666,21.666666666666668,2.2440866666666666,9.666666666666666,2.1812893333333334,10.0,167.66666666666666,21.666666666666668,1.7573970000000003,8.4,1.6824400000000002,7.8,189.8,21.0,1.7573970000000003,8.4,1.6824400000000002,7.8,189.8,21.0,18.0,3.0,7.0,3.0,7.0,-0.0999999999999999,-1,0,9,1.4736842105263157,1.9110755,1.4208838684210523,7.447368421052632,8.605263157894736,224.94736842105263,26.36842105263158,38.0,1.2222222222222223,1.2222222222222223,1.641187333333333,1.4309424444444443,7.722222222222222,6.944444444444445,198.22222222222223,23.88888888888889,1.641187333333333,1.4309424444444443,7.722222222222222,6.944444444444445,198.22222222222223,23.88888888888889,3.1875,0.3414140344678619,0.2350072916666663,0.6993703333333332,-0.1041666666666665,0.9673202614379084,2.0,8.0,2.0,8.0,0.3455086069575681,-0.0761552916666667,-0.094580125,0.3421052631578949,0.0130636842105262,-0.0070684473684212,0.3888888888888888,-0.5902800000000001,0.7921200000000002,6.0,19.0,-0.5902800000000001,0.7921200000000002,6.0,19.0,-0.3633466666666669,0.088686,-1.666666666666666,-18.333333333333343,-0.3633466666666669,0.088686,-1.666666666666666,-18.333333333333343,-0.3016290000000001,-0.2979240000000001,-1.2000000000000002,21.600000000000023,-0.3016290000000001,-0.2979240000000001,-1.2000000000000002,21.600000000000023,1.0326324622676075,0.6329403685475563,0.2043035366830719,0.1627560947693716,0.4701842737781847,0.795696463316928,0.6329403685475563,0.4286368318644843,0.9094421279318864,1,1581.824094428261,1507.7262283372927,74.09786609096864,0.6839381070657805,draw,4.74,0.27784193,0.204303536683072,0.07353838893796072,0.31697072744369503,True,3.74,False,EPL 2025_73_80_2025-12-30 19:30:00|draw,"train=ALL|bet=EPL|outcome=draw|odds=[4.00,10.00)|fav=nonfavorite","train=ALL|bet=EPL|outcome=draw|odds=[4.00,10.00)|fav=nonfavorite"
EPL 2025_73_81_2025-11-22 15:00:00,2025-11-22 15:00:00,EPL,2025,73,Bournemouth,81,West Ham,d,2.00992,6.0,1.88282,10.0,184.0,27.0,2.00992,6.0,1.88282,10.0,184.0,27.0,1.188789,5.666666666666667,1.5594343333333331,7.333333333333333,214.33333333333331,25.0,1.188789,5.666666666666667,1.5594343333333331,7.333333333333333,214.33333333333331,25.0,1.3896094,7.2,2.0168986,9.2,219.4,23.8,1.3896094,7.2,2.0168986,9.2,219.4,23.8,11.0,7.0,18.0,7.0,18.0,-0.4000000000000001,-2,0,2,1.4736842105263157,1.9110755,1.4208838684210523,7.447368421052632,8.605263157894736,224.94736842105263,26.36842105263158,38.0,1.6363636363636365,1.6363636363636365,1.4071506363636364,1.4349483636363636,7.181818181818182,6.727272727272728,218.54545454545453,24.90909090909091,1.4071506363636364,1.4349483636363636,7.181818181818182,6.727272727272728,218.54545454545453,24.90909090909091,13.041666666666666,1.0074773528435434,-0.0613243750000001,-0.0543562916666666,1.65,4.16,5.26,81,West Ham,2.96728,4.0,1.87478,7.0,309.0,20.0,2.96728,4.0,1.87478,7.0,309.0,20.0,1.6265876666666663,3.6666666666666665,1.5399316666666667,5.0,280.3333333333333,19.33333333333333,1.6265876666666663,3.6666666666666665,1.5399316666666667,5.0,280.3333333333333,19.33333333333333,1.2009126,3.6,2.228929,8.6,286.6,17.8,1.2009126,3.6,2.228929,8.6,286.6,17.8,11.0,6.0,10.0,6.0,10.0,0.1999999999999999,2,2,0,1.131578947368421,1.3312907894736845,1.791778105263158,5.894736842105263,8.31578947368421,242.7894736842105,19.81578947368421,38.0,0.9090909090909092,0.9090909090909092,1.0739510909090908,1.9358521818181813,4.636363636363637,7.545454545454546,268.0,17.0,1.0739510909090908,1.9358521818181813,4.636363636363637,7.545454545454546,268.0,17.0,14.0,0.999240077754328,0.6215949166666666,-0.4480705833333331,-0.958333333333334,0.931547619047619,1.0,8.0,1.0,8.0,0.0082372750892154,-0.6829192916666667,0.3937142916666665,0.3421052631578947,0.5797847105263156,0.3708942368421055,0.7272727272727274,-0.95736,-0.00804,2.0,125.0,-0.95736,-0.00804,2.0,125.0,-0.4377986666666666,-0.0195026666666664,2.0000000000000004,65.99999999999997,-0.4377986666666666,-0.0195026666666664,2.0000000000000004,65.99999999999997,0.1886968,0.2120304000000001,3.6,67.20000000000002,0.1886968,0.2120304000000001,3.6,67.20000000000002,1.036559289886286,0.5846849398523966,0.2319062862395322,0.1834087739080711,0.4012761659443253,0.7680937137604678,0.5846849398523966,0.3527786536128643,0.9637711253592802,1,1543.2652932802978,1459.3262834594975,83.93900982080004,0.696054498505581,draw,4.16,0.35007632,0.23190628623953227,0.11817003154763814,0.45631748199462896,True,3.16,False,EPL 2025_73_81_2025-11-22 15:00:00|draw,"train=ALL|bet=EPL|outcome=draw|odds=[4.00,10.00)|fav=nonfavorite","train=ALL|bet=EPL|outcome=draw|odds=[4.00,10.00)|fav=nonfavorite"
EPL 2025_73_87_2025-08-15 19:00:00,2025-08-15 19:00:00,EPL,2025,87,Liverpool,73,Bournemouth,w,,,,,,,2.4536668684210525,11.63157894736842,1.1136979210526317,5.2631578947368425,218.0,24.394736842105264,,,,,,,2.4536668684210525,11.63157894736842,1.1136979210526317,5.2631578947368425,218.0,24.394736842105264,,,,,,,2.4536668684210525,11.63157894736842,1.1136979210526317,5.2631578947368425,218.0,24.394736842105264,0.0,,,11.05263157894737,22.10526315789474,,0,0,0,2.210526315789474,2.4536668684210525,1.1136979210526317,11.63157894736842,5.2631578947368425,218.0,24.394736842105264,38.0,,2.210526315789474,,,,,,,2.4536668684210525,1.1136979210526317,11.63157894736842,5.2631578947368425,218.0,24.394736842105264,,,,,1.28,6.56,9.07,73,Bournemouth,,,,,,,1.9110755,7.447368421052632,1.4208838684210523,8.605263157894736,224.94736842105263,26.36842105263158,,,,,,,1.9110755,7.447368421052633,1.4208838684210523,8.605263157894736,224.94736842105263,26.36842105263158,,,,,,,1.9110755,7.447368421052632,1.4208838684210523,8.605263157894736,224.94736842105263,26.36842105263158,0.0,,,7.368421052631579,14.736842105263158,,0,0,0,1.4736842105263157,1.9110755,1.4208838684210523,7.447368421052632,8.605263157894736,224.94736842105263,26.36842105263158,38.0,,1.4736842105263157,,,,,,,1.9110755,1.4208838684210523,7.447368421052632,8.605263157894736,224.94736842105263,26.36842105263158,,,,,,,,,3.684210526315791,7.368421052631582,,,,0.7368421052631582,0.5425913684210526,0.3071859473684208,0.7368421052631582,,,,,0.5425913684210526,0.3071859473684208,4.184210526315789,6.94736842105263,,,,,0.5425913684210526,0.3071859473684208,4.184210526315787,6.94736842105263,,,,,0.5425913684210528,0.3071859473684208,4.184210526315789,6.94736842105263,1.043942607631699,0.7483648950514177,0.1460224185466181,0.1056126864019641,0.6427522086494536,0.8539775814533819,0.7483648950514177,0.6023424765047996,0.7352857720934777,2,1638.2734586003587,1520.8819682301578,117.39149037020093,0.7351960589372533,draw,6.56,0.22450048,0.14602241854661813,0.07847805876737723,0.47272313117980946,False,-1.0,False,EPL 2025_73_87_2025-08-15 19:00:00|draw,"train=ALL|bet=EPL|outcome=draw|odds=[4.00,10.00)|fav=nonfavorite","train=ALL|bet=EPL|outcome=draw|odds=[4.00,10.00)|fav=nonfavorite"
EPL 2025_73_89_2025-12-15 20:00:00,2025-12-15 20:00:00,EPL,2025,89,Manchester United,73,Bournemouth,d,4.04708,10.0,0.262147,6.0,110.0,24.0,4.04708,10.0,0.262147,6.0,110.0,24.0,2.6005000000000003,6.0,1.2545323333333334,6.0,138.33333333333334,22.666666666666668,2.6005000000000003,6.0,1.2545323333333334,6.0,138.33333333333334,22.666666666666668,2.1790912,7.2,1.0547959999999998,5.0,154.6,21.8,2.1790912,7.2,1.0547959999999998,5.0,154.6,21.8,15.0,8.0,18.0,8.0,18.0,-0.1999999999999999,1,3,0,1.105263157894737,1.497666052631579,1.5980923684210526,8.131578947368421,5.7368421052631575,233.42105263157896,23.18421052631579,38.0,1.6666666666666667,1.6666666666666667,2.018647066666667,1.3835264,6.8,5.733333333333333,206.86666666666667,20.6,2.018647066666667,1.3835264,6.8,5.733333333333333,206.86666666666667,20.6,7.0,0.7342510491773588,0.5623555000000002,-0.0431569166666667,1.84,4.21,3.93,73,Bournemouth,1.41931,6.0,0.672602,4.0,288.0,26.0,1.41931,6.0,0.672602,4.0,288.0,26.0,1.2824883333333332,7.333333333333333,1.012627333333333,6.0,195.0,19.33333333333333,1.2824883333333332,7.333333333333333,1.012627333333333,6.0,195.0,19.33333333333333,1.868075,7.4,1.0622968,6.2,169.0,23.6,1.868075,7.4,1.0622968,6.2,169.0,23.6,15.0,2.0,10.0,2.0,10.0,-0.6,0,1,6,1.4736842105263157,1.9110755,1.4208838684210523,7.447368421052632,8.605263157894736,224.94736842105263,26.36842105263158,38.0,1.3333333333333333,1.3333333333333333,1.520607466666667,1.2808730666666668,7.333333333333333,6.333333333333333,204.33333333333331,24.33333333333333,1.520607466666667,1.2808730666666668,7.333333333333333,6.333333333333333,204.33333333333331,24.33333333333333,9.208333333333334,0.2141241652273999,-0.3355019166666668,-0.5710985416666665,-2.208333333333334,0.7601809954751131,6.0,8.0,6.0,8.0,0.5201268839499589,0.8978574166666671,0.5279416249999997,-0.3684210526315787,-0.4134094473684209,-0.1772085000000001,0.3333333333333335,2.62777,0.410455,4.0,178.0,2.62777,0.410455,4.0,178.0,1.318011666666667,-0.241905,-1.333333333333333,56.66666666666666,1.318011666666667,-0.241905,-1.333333333333333,56.66666666666666,0.3110161999999998,0.0075008,-0.2000000000000001,14.400000000000006,0.3110161999999998,0.0075008,-0.2000000000000001,14.400000000000006,1.035460878289618,0.5248660497606502,0.2293951381376713,0.2457388121016784,0.2791272376589717,0.7706048618623287,0.5248660497606502,0.2791272376589717,1.020966636841099,1,1532.253534028972,1518.6950932617235,13.558440767248385,0.6043052625646057,draw,4.21,0.33281562,0.22939513813767137,0.10342047918525038,0.4011537489295005,True,3.21,False,EPL 2025_73_89_2025-12-15 20:00:00|draw,"train=ALL|bet=EPL|outcome=draw|odds=[4.00,10.00)|fav=nonfavorite","train=ALL|bet=EPL|outcome=draw|odds=[4.00,10.00)|fav=nonfavorite"
EPL 2025_73_92_2025-12-20 15:00:00,2025-12-20 15:00:00,EPL,2025,73,Bournemouth,92,Burnley,d,2.35196,12.0,3.21204,18.0,176.0,13.0,2.35196,12.0,3.21204,18.0,176.0,13.0,1.4688949999999998,8.333333333333334,1.6934573333333331,9.0,207.33333333333331,17.666666666666668,1.4688949999999998,8.333333333333334,1.6934573333333331,9.0,207.33333333333331,17.666666666666668,1.936483,8.6,1.3281408,7.8,167.4,20.8,1.936483,8.6,1.3281408,7.8,167.4,20.8,16.0,3.0,10.0,3.0,10.0,-0.4,0,2,7,1.4736842105263157,1.9110755,1.4208838684210523,7.447368421052632,8.605263157894736,224.94736842105263,26.36842105263158,38.0,1.3125,1.3125,1.572567,1.401571,7.625,7.0625,202.5625,23.625,1.572567,1.401571,7.625,7.0625,202.5625,23.625,4.791666666666667,0.3098400553674016,-0.1872027499999999,0.2785814583333332,1.48,4.65,6.73,92,Burnley,2.05486,8.0,1.65053,7.0,312.0,23.0,2.05486,8.0,1.65053,7.0,312.0,23.0,1.602376666666667,6.333333333333333,1.4818023333333334,8.0,284.3333333333333,20.33333333333333,1.602376666666667,6.333333333333333,1.4818023333333334,8.0,284.3333333333333,20.33333333333333,1.2684196,5.2,1.9774794,8.0,289.2,21.2,1.2684196,5.2,1.9774794,8.0,289.2,21.2,16.0,0.0,6.0,0.0,6.0,-0.6,-7,0,7,,,,,,,,,0.625,0.625,1.02104275,2.249311,4.0625,8.75,289.3125,21.0625,1.02104275,2.249311,4.0625,8.75,289.3125,21.0625,6.895833333333333,0.0,0.297189791666667,-0.7622585416666667,-2.104166666666666,0.6948640483383687,3.0,4.0,3.0,4.0,0.3098400553674016,-0.484392541666667,1.04084,,,,0.6875,0.2970999999999999,-1.56151,4.0,136.0,0.2970999999999999,-1.56151,4.0,136.0,-0.1334816666666671,-0.2116549999999997,2.000000000000001,76.99999999999997,-0.1334816666666671,-0.2116549999999997,2.000000000000001,76.99999999999997,0.6680634000000001,0.6493385999999999,3.3999999999999995,121.79999999999998,0.6680634000000001,0.6493385999999999,3.3999999999999995,121.79999999999998,1.0393178492205477,0.6501145690727903,0.2069181854253182,0.1429672455018915,0.5071473235708988,0.7930818145746819,0.6501145690727903,0.4431963836474721,0.8840204296394368,1,1520.781198513016,1394.5086744549133,126.2725240581026,0.7450285274211397,draw,4.65,0.2953678,0.2069181854253182,0.08844962172456888,0.373460303246975,True,3.6500000000000004,False,EPL 2025_73_92_2025-12-20 15:00:00|draw,"train=ALL|bet=EPL|outcome=draw|odds=[4.00,10.00)|fav=nonfavorite","train=ALL|bet=EPL|outcome=draw|odds=[4.00,10.00)|fav=nonfavorite"
EPL 2025_77_80_2025-10-25 14:00:00,2025-10-25 14:00:00,EPL,2025,80,Chelsea,77,Sunderland,l,2.5583,6.0,2.0555,9.0,246.0,29.0,2.5583,6.0,2.0555,9.0,246.0,29.0,1.94068,5.333333333333333,2.196803333333333,8.666666666666666,224.66666666666663,22.666666666666668,1.94068,5.333333333333333,2.196803333333333,8.666666666666666,224.66666666666663,22.666666666666668,1.4095764000000002,6.6,1.822064,7.6,201.8,22.2,1.4095764000000002,6.6,1.822064,7.6,201.8,22.2,8.0,7.0,14.0,7.0,17.63157894736842,0.0,2,2,0,1.8157894736842104,1.9241391842105264,1.4279523157894738,8.868421052631579,5.947368421052632,232.21052631578948,21.42105263157895,38.0,1.75,1.75,1.84977275,1.4824075,6.125,6.875,200.5,22.25,1.84977275,1.4824075,6.125,6.875,200.5,22.25,7.104166666666667,0.9932061857742216,0.0909072500000001,0.7143958333333331,1.38,5.22,8.0,77,Sunderland,1.02481,6.0,0.676323,11.0,255.0,7.0,1.02481,6.0,0.676323,11.0,255.0,7.0,1.257823,4.0,1.342141,8.0,264.6666666666667,14.0,1.257823,4.0,1.342141,8.0,264.6666666666667,14.0,1.013182,4.0,1.3447654,9.6,268.2,16.6,1.013182,4.0,1.3447654,9.6,268.2,16.6,8.0,8.0,14.0,8.0,14.0,0.2000000000000001,1,1,0,,,,,,,,,1.75,1.75,1.06035225,1.216578125,3.5,8.0,259.5,18.375,1.06035225,1.216578125,3.5,8.0,259.5,18.375,7.0,1.5791832066540494,0.1974707499999999,0.1255628749999999,0.1041666666666669,1.0148809523809523,-1.0,0.0,-1.0,3.631578947368421,-0.5859770208798277,-0.1065634999999998,0.5888329583333332,,,,0.0,1.53349,-1.379177,0.0,9.0,1.53349,-1.379177,0.0,9.0,0.6828570000000003,-0.854662333333333,1.333333333333333,40.00000000000003,0.6828570000000003,-0.854662333333333,1.333333333333333,40.00000000000003,0.3963944000000001,-0.4772985999999999,2.6,66.39999999999998,0.3963944000000001,-0.4772985999999999,2.6,66.39999999999998,1.041208562385474,0.6959582425054497,0.1839889606623602,0.12005279683219,0.5759054456732596,0.8160110393376397,0.6959582425054497,0.5119692818430894,0.8182228360999515,0,1590.0515081903982,1510.7649688001004,79.28653939029778,0.6903589108355661,draw,5.22,0.27038798,0.18398896066236023,0.08639901669931885,0.4114252418279647,False,-1.0,False,EPL 2025_77_80_2025-10-25 14:00:00|draw,"train=ALL|bet=EPL|outcome=draw|odds=[4.00,10.00)|fav=nonfavorite","train=ALL|bet=EPL|outcome=draw|odds=[4.00,10.00)|fav=nonfavorite"
EPL 2025_77_83_2026-02-07 15:00:00,2026-02-07 15:00:00,EPL,2025,83,Arsenal,77,Sunderland,w,3.54427,6.0,0.17871,1.0,232.0,19.0,3.54427,6.0,0.17871,1.0,232.0,19.0,2.610536666666667,10.0,0.3793643333333333,2.333333333333333,185.33333333333331,20.666666666666668,2.610536666666667,10.0,0.3793643333333333,2.333333333333333,185.33333333333331,20.666666666666668,1.9626884,9.8,0.4809161999999999,2.2,202.4,21.0,1.9626884,9.8,0.4809161999999999,2.2,202.4,21.0,24.0,8.0,20.0,8.0,20.0,-0.3999999999999999,1,1,0,1.947368421052632,1.936050131578948,1.0521016236842105,9.63157894736842,4.105263157894737,193.55263157894737,22.0,38.0,2.208333333333333,2.208333333333333,2.053995458333333,0.7830360083333333,9.375,3.2916666666666665,197.54166666666663,20.95833333333333,2.053995458333333,0.7830360083333333,9.375,3.2916666666666665,197.54166666666663,20.95833333333333,7.0,0.815208364117788,0.2833864166666671,-0.4043691666666666,1.22,6.25,12.0,77,Sunderland,1.8865,7.0,0.126371,2.0,295.0,15.0,1.8865,7.0,0.126371,2.0,295.0,15.0,1.4821160000000002,3.333333333333333,1.1549370000000003,3.0,213.0,18.666666666666668,1.4821160000000002,3.333333333333333,1.1549370000000003,3.0,213.0,18.666666666666668,1.2840538,4.8,1.7486542000000005,6.2,201.2,19.0,1.2840538,4.8,1.7486542000000005,6.2,201.2,19.0,24.0,7.0,13.0,7.0,13.0,0.0999999999999998,1,1,0,,,,,,,,,1.5,1.5,1.0533069166666666,1.566086125,4.583333333333333,8.625,248.625,19.666666666666668,1.0533069166666666,1.566086125,4.583333333333333,8.625,248.625,19.666666666666668,4.791666666666667,1.0902969951741437,0.2947651250000003,-0.6840058749999998,2.208333333333333,1.4608695652173913,1.0,7.0,1.0,7.0,-0.2750886310563557,-0.0113787083333332,0.2796367083333331,,,,0.7083333333333335,1.65777,-0.052339,-1.0,63.0,1.65777,-0.052339,-1.0,63.0,1.1284206666666667,0.7755726666666669,6.666666666666666,27.666666666666657,1.1284206666666667,0.7755726666666669,6.666666666666666,27.666666666666657,0.6786345999999999,1.2677380000000005,5.000000000000001,-1.200000000000017,0.6786345999999999,1.2677380000000005,5.000000000000001,-1.200000000000017,1.0630054644808744,0.7710892921400297,0.1505166298257338,0.0783940780342363,0.6926952141057934,0.8494833701742662,0.7710892921400297,0.620572662314296,0.6850679594953304,2,1677.7607340440688,1528.3116000578048,149.4491339862641,0.7695347703141293,draw,6.25,0.3100169,0.1505166298257338,0.15950027047524581,0.9376056268811226,False,-1.0,False,EPL 2025_77_83_2026-02-07 15:00:00|draw,"train=ALL|bet=EPL|outcome=draw|odds=[4.00,10.00)|fav=nonfavorite","train=ALL|bet=EPL|outcome=draw|odds=[4.00,10.00)|fav=nonfavorite"
EPL 2025_77_88_2025-12-06 15:00:00,2025-12-06 15:00:00,EPL,2025,88,Manchester City,77,Sunderland,w,1.96225,5.0,0.972635,6.0,388.0,22.0,1.96225,5.0,0.972635,6.0,388.0,22.0,2.4238833333333334,11.0,1.709868333333333,4.666666666666667,245.33333333333331,19.0,2.4238833333333334,11.0,1.709868333333333,4.666666666666667,245.33333333333331,19.0,2.271412,9.6,1.4115102,5.0,263.8,19.0,2.271412,9.6,1.4115102,5.0,263.8,19.0,14.0,12.0,22.0,12.0,22.0,0.1999999999999997,2,2,0,1.868421052631579,1.9249586842105264,1.392189394736842,11.342105263157896,5.2105263157894735,225.23684210526315,18.63157894736842,38.0,2.0,2.0,2.0231828571428574,1.1532342142857142,9.571428571428571,5.214285714285714,237.3571428571429,18.0,2.0231828571428574,1.1532342142857142,9.571428571428571,5.214285714285714,237.3571428571429,18.0,3.8125,1.0566114821039414,0.3860620833333335,0.5361387083333333,1.24,6.68,11.08,77,Sunderland,0.712662,3.0,1.37633,5.0,290.0,15.0,0.712662,3.0,1.37633,5.0,290.0,15.0,0.7016600000000001,4.666666666666667,2.00212,10.333333333333334,254.33333333333331,18.666666666666668,0.7016600000000001,4.666666666666667,2.00212,10.333333333333334,254.33333333333331,18.666666666666668,0.8981220000000001,5.6,1.86864,9.4,227.6,18.4,0.8981220000000001,5.6,1.86864,9.4,227.6,18.4,14.0,6.0,16.0,6.0,16.0,-0.4000000000000001,0,2,1,,,,,,,,,1.6428571428571428,1.6428571428571428,1.0374305714285714,1.4492246428571427,4.428571428571429,8.714285714285714,255.8571428571429,18.285714285714285,1.0374305714285714,1.4492246428571427,4.428571428571429,8.714285714285714,255.8571428571429,18.285714285714285,2.78125,1.3361213729680106,-0.2824823749999999,0.3567896250000002,1.03125,1.3707865168539326,6.0,6.0,6.0,6.0,-0.2795098908640692,0.6685444583333334,0.1793490833333331,,,,0.3571428571428572,1.249588,0.403695,2.0,-98.0,1.249588,0.403695,2.0,-98.0,1.7222233333333334,0.2922516666666668,6.333333333333333,9.0,1.7222233333333334,0.2922516666666668,6.333333333333333,9.0,1.37329,0.4571297999999999,4.0,-36.20000000000002,1.37329,0.4571297999999999,4.0,-36.20000000000002,1.0464049192868483,0.7706879029705279,0.1430618262999183,0.0862502707295536,0.6844376322409742,0.8569381737000816,0.7706879029705279,0.6276260766706095,0.6902795497395928,2,1639.9600482115443,1528.7961273903138,111.16392082123048,0.7281583343080651,draw,6.68,0.27694112,0.14306182629991837,0.13387929432462387,0.8499666857719421,False,-1.0,False,EPL 2025_77_88_2025-12-06 15:00:00|draw,"train=ALL|bet=EPL|outcome=draw|odds=[4.00,10.00)|fav=nonfavorite","train=ALL|bet=EPL|outcome=draw|odds=[4.00,10.00)|fav=nonfavorite"
EPL 2025_78_80_2025-08-17 13:00:00,2025-08-17 13:00:00,EPL,2025,80,Chelsea,78,Crystal Palace,d,,,,,,,1.9241391842105264,8.868421052631579,1.4279523157894738,5.947368421052632,232.21052631578948,21.42105263157895,,,,,,,1.9241391842105264,8.868421052631579,1.4279523157894738,5.947368421052633,232.21052631578948,21.42105263157895,,,,,,,1.9241391842105264,8.868421052631579,1.4279523157894738,5.947368421052632,232.2105263157895,21.42105263157895,0.0,,,9.078947368421051,18.157894736842103,,0,0,0,1.8157894736842104,1.9241391842105264,1.4279523157894738,8.868421052631579,5.947368421052632,232.21052631578948,21.42105263157895,38.0,,1.8157894736842104,,,,,,,1.9241391842105264,1.4279523157894738,8.868421052631579,5.947368421052632,232.21052631578948,21.42105263157895,,,,,1.66,4.12,5.25,78,Crystal Palace,,,,,,,1.7837044736842107,6.394736842105263,1.5495877631578947,7.105263157894737,291.1578947368421,22.105263157894736,,,,,,,1.783704473684211,6.394736842105263,1.5495877631578947,7.105263157894737,291.1578947368421,22.105263157894736,,,,,,,1.7837044736842107,6.394736842105263,1.5495877631578947,7.105263157894737,291.1578947368421,22.105263157894736,0.0,,,6.973684210526315,13.94736842105263,,0,0,0,1.394736842105263,1.7837044736842107,1.5495877631578947,6.394736842105263,7.105263157894737,291.1578947368421,22.105263157894736,38.0,,1.394736842105263,,,,,,,1.7837044736842107,1.5495877631578947,6.394736842105263,7.105263157894737,291.1578947368421,22.105263157894736,,,,,,,,,2.105263157894738,4.210526315789476,,,,0.4210526315789475,0.1404347105263155,0.1216354473684209,0.4210526315789475,,,,,0.1404347105263155,0.1216354473684209,2.473684210526316,58.9473684210526,,,,,0.1404347105263153,0.1216354473684209,2.473684210526316,58.9473684210526,,,,,0.1404347105263155,0.1216354473684209,2.473684210526316,58.94736842105257,1.0356042756323491,0.5816986784709635,0.2343737393839318,0.1839275821451046,0.3977710963258588,0.7656262606160681,0.5816986784709635,0.3473249390870315,0.9666329081530032,1,1582.186524325345,1541.6782631916642,40.50826113368112,0.6407387711067106,draw,4.12,0.31339478,0.23437373938393188,0.07902104554343628,0.2911865139007568,True,3.12,False,EPL 2025_78_80_2025-08-17 13:00:00|draw,"train=ALL|bet=EPL|outcome=draw|odds=[4.00,10.00)|fav=nonfavorite","train=ALL|bet=EPL|outcome=draw|odds=[4.00,10.00)|fav=nonfavorite"
EPL 2025_78_83_2025-10-26 13:00:00,2025-10-26 13:00:00,EPL,2025,83,Arsenal,78,Crystal Palace,w,2.07823,14.0,0.502332,3.0,180.0,6.0,2.07823,14.0,0.502332,3.0,180.0,6.0,2.402403333333333,14.666666666666666,0.702244,3.333333333333333,154.66666666666666,19.666666666666668,2.402403333333333,14.666666666666666,0.702244,3.333333333333333,154.66666666666666,19.666666666666668,2.161497,12.8,0.7046226,2.8,166.6,20.2,2.161497,12.8,0.7046226,2.8,166.6,20.2,8.0,13.0,19.0,13.0,22.894736842105264,0.7000000000000002,3,5,0,1.947368421052632,1.936050131578948,1.0521016236842105,9.63157894736842,4.105263157894737,193.55263157894737,22.0,38.0,2.375,2.375,1.92014675,0.692226,9.625,3.25,195.375,21.125,1.92014675,0.692226,9.625,3.25,195.375,21.125,7.854166666666667,1.2028700478230716,0.4822565833333334,0.0100179999999999,1.44,4.71,7.49,78,Crystal Palace,4.56284,14.0,2.0471,6.0,196.0,25.0,4.56284,14.0,2.0471,6.0,196.0,25.0,3.424653333333333,10.666666666666666,2.429206666666667,5.333333333333333,277.0,25.666666666666668,3.424653333333333,10.666666666666666,2.429206666666667,5.333333333333333,277.0,25.666666666666668,2.873532,9.4,1.6216228,5.0,267.4,21.2,2.873532,9.4,1.6216228,5.0,267.4,21.2,8.0,8.0,13.0,8.0,15.789473684210526,0.3,0,1,2,1.394736842105263,1.7837044736842107,1.5495877631578947,6.394736842105263,7.105263157894737,291.1578947368421,22.105263157894736,38.0,1.625,1.625,2.38760125,1.50147175,7.5,5.25,281.75,20.375,2.38760125,1.50147175,7.5,5.25,281.75,20.375,7.958333333333333,0.5568060491021638,1.0370520833333337,0.9277349166666672,-0.104166666666666,0.986910994764398,5.0,6.0,5.0,7.105263157894738,0.6460639987209078,-0.5547955000000002,-0.9177169166666672,0.5526315789473686,0.1523456578947368,0.4974861394736842,0.75,-2.4846099999999995,1.544768,0.0,16.0,-2.4846099999999995,1.544768,0.0,16.0,-1.02225,1.726962666666667,4.0,122.33333333333334,-1.02225,1.726962666666667,4.0,122.33333333333334,-0.7120350000000002,0.9170002000000002,3.4000000000000004,100.79999999999998,-0.7120350000000002,0.9170002000000002,3.4000000000000004,100.79999999999998,1.0402700179621425,0.6675617219122013,0.2040953035145583,0.1283429745732403,0.539218747338961,0.7959046964854416,0.6675617219122013,0.4634664183976429,0.8576135298252666,2,1657.236289393863,1560.6886514363025,96.54763795756048,0.7111879568654169,draw,4.71,0.49611083,0.20409530351455837,0.29201552321616975,1.3366819939017294,False,-1.0,False,EPL 2025_78_83_2025-10-26 13:00:00|draw,"train=ALL|bet=EPL|outcome=draw|odds=[4.00,10.00)|fav=nonfavorite","train=ALL|bet=EPL|outcome=draw|odds=[4.00,10.00)|fav=nonfavorite"
EPL 2025_78_86_2026-01-04 15:00:00,2026-01-04 15:00:00,EPL,2025,86,Newcastle United,78,Crystal Palace,w,2.49248,7.0,1.32551,11.0,230.0,20.0,2.49248,7.0,1.32551,11.0,230.0,20.0,2.16703,7.666666666666667,1.097473666666667,6.333333333333333,213.0,23.666666666666668,2.16703,7.666666666666667,1.097473666666667,6.333333333333333,213.0,23.666666666666668,1.6954998,8.0,1.1012432,5.2,187.0,21.0,1.6954998,8.0,1.1012432,5.2,187.0,21.0,19.0,7.0,14.0,7.0,14.0,0.0,1,1,0,1.736842105263158,1.8811069736842108,1.4204530526315788,9.18421052631579,6.105263157894737,220.1315789473684,21.42105263157895,38.0,1.368421052631579,1.368421052631579,1.5686592631578946,1.1332347894736845,6.894736842105263,6.157894736842105,216.21052631578948,21.105263157894736,1.5686592631578946,1.1332347894736845,6.894736842105263,6.157894736842105,216.21052631578948,21.105263157894736,4.8125,0.8257152255841357,0.263598875,-0.1557758333333334,1.71,4.04,4.86,78,Crystal Palace,2.35346,10.0,1.75434,9.0,335.0,13.0,2.35346,10.0,1.75434,9.0,335.0,13.0,1.6045736666666668,10.333333333333334,1.8443226666666668,7.333333333333333,252.0,21.666666666666668,1.6045736666666668,10.333333333333334,1.8443226666666668,7.333333333333333,252.0,21.666666666666668,1.5651462000000005,8.4,1.5305818,6.0,303.8,22.2,1.5651462000000005,8.4,1.5305818,6.0,303.8,22.2,19.0,4.0,14.0,4.0,14.0,-0.5999999999999999,0,1,4,1.394736842105263,1.7837044736842107,1.5495877631578947,6.394736842105263,7.105263157894737,291.1578947368421,22.105263157894736,38.0,1.4210526315789471,1.4210526315789471,1.7591535263157896,1.383614894736842,7.2105263157894735,5.894736842105263,291.5263157894737,20.26315789473684,1.7591535263157896,1.383614894736842,7.2105263157894735,5.894736842105263,291.5263157894737,20.26315789473684,2.895833333333333,0.5111343591402343,0.0547651666666668,0.3489227916666668,1.9166666666666663,1.6618705035971222,3.0,0.0,3.0,0.0,0.3145808664439014,0.2088337083333331,-0.5046986250000003,0.3421052631578949,0.0974025,0.1291347105263158,-0.0526315789473683,0.1390199999999999,0.42883,-3.0,105.0,0.1390199999999999,0.42883,-3.0,105.0,0.5624563333333332,0.7468490000000001,-2.666666666666667,39.0,0.5624563333333332,0.7468490000000001,-2.666666666666667,39.0,0.1303535999999996,0.4293385999999999,-0.4000000000000003,116.8,0.1303535999999996,0.4293385999999999,-0.4000000000000003,116.8,1.0380813909851023,0.5633424572638538,0.2384444559210866,0.1982130868150596,0.3651293704487941,0.7615555440789133,0.5633424572638538,0.3248980013427671,0.9859130017368932,2,1550.5717371580877,1535.9169126791503,14.654824478937371,0.6058134234737099,draw,4.04,0.32257578,0.23844445592108662,0.08413132184800212,0.3032061421871186,False,-1.0,False,EPL 2025_78_86_2026-01-04 15:00:00|draw,"train=ALL|bet=EPL|outcome=draw|odds=[4.00,10.00)|fav=nonfavorite","train=ALL|bet=EPL|outcome=draw|odds=[4.00,10.00)|fav=nonfavorite"
EPL 2025_78_89_2026-03-01 14:00:00,2026-03-01 14:00:00,EPL,2025,89,Manchester United,78,Crystal Palace,w,1.4547,5.0,0.560924,6.0,166.0,12.0,1.4547,5.0,0.560924,6.0,166.0,12.0,1.4520756666666668,9.333333333333334,0.8205960000000001,5.0,174.33333333333334,16.333333333333332,1.4520756666666668,9.333333333333334,0.8205960000000001,5.0,174.33333333333334,16.333333333333332,1.3681498,7.2,1.1211756000000002,6.8,211.4,16.6,1.3681498,7.2,1.1211756000000002,6.8,211.4,16.6,27.0,13.0,22.0,13.0,22.0,0.3999999999999999,1,10,0,1.105263157894737,1.497666052631579,1.5980923684210526,8.131578947368421,5.7368421052631575,233.42105263157896,23.18421052631579,38.0,1.7777777777777777,1.7777777777777777,1.8983846666666664,1.2816513703703705,7.2592592592592595,6.37037037037037,210.0,20.40740740740741,1.8983846666666664,1.2816513703703705,7.2592592592592595,6.37037037037037,210.0,20.40740740740741,5.75,1.9003766982386905,-0.3462017083333333,-0.0897466249999998,1.53,4.5,5.5,78,Crystal Palace,2.03559,4.0,1.67749,5.0,121.0,20.0,2.03559,4.0,1.67749,5.0,121.0,20.0,1.6971980000000002,8.333333333333334,1.0355203333333332,4.333333333333333,211.66666666666663,19.0,1.6971980000000002,8.333333333333334,1.0355203333333332,4.333333333333333,211.66666666666663,19.0,1.8315048000000005,8.0,1.436397,4.0,239.4,22.4,1.8315048000000005,8.0,1.436397,4.0,239.4,22.4,27.0,7.0,9.0,7.0,9.0,0.4999999999999999,1,1,0,1.394736842105263,1.7837044736842107,1.5495877631578947,6.394736842105263,7.105263157894737,291.1578947368421,22.105263157894736,38.0,1.2962962962962965,1.2962962962962965,1.716164111111111,1.485721037037037,7.2592592592592595,5.703703703703703,281.6666666666667,20.925925925925927,1.716164111111111,1.485721037037037,7.2592592592592595,5.703703703703703,281.6666666666667,20.925925925925927,7.0,0.7643987609790157,0.08313375,-0.6927027916666668,-1.25,0.8214285714285714,6.0,13.0,6.0,13.0,1.1359779372596748,-0.4293354583333333,0.602956166666667,-0.2894736842105261,-0.2860384210526316,-0.0485046052631579,0.4814814814814814,-0.5808899999999999,1.116566,1.0,-45.0,-0.5808899999999999,1.116566,1.0,-45.0,-0.2451223333333334,0.214924333333333,1.0,37.333333333333314,-0.2451223333333334,0.214924333333333,1.0,37.333333333333314,-0.4633550000000006,0.3152213999999997,-0.7999999999999998,28.0,-0.4633550000000006,0.3152213999999997,-0.7999999999999998,28.0,1.0576351752822342,0.6179775280898876,0.2101123595505617,0.1719101123595505,0.446067415730337,0.7898876404494383,0.6179775280898876,0.4078651685393258,0.9279300398616523,2,1576.1622774396733,1515.039348509746,61.12292892992741,0.6675754779380211,draw,4.5,0.31036636,0.21011235955056176,0.10025400278273597,0.3966486304998398,False,-1.0,False,EPL 2025_78_89_2026-03-01 14:00:00|draw,"train=ALL|bet=EPL|outcome=draw|odds=[4.00,10.00)|fav=nonfavorite","train=ALL|bet=EPL|outcome=draw|odds=[4.00,10.00)|fav=nonfavorite"
EPL 2025_78_92_2026-02-11 19:30:00,2026-02-11 19:30:00,EPL,2025,78,Crystal Palace,92,Burnley,l,0.928404,6.0,0.737798,3.0,368.0,18.0,0.928404,6.0,0.737798,3.0,368.0,18.0,1.664778,7.0,1.6044073333333333,3.333333333333333,310.0,24.33333333333333,1.664778,7.0,1.6044073333333333,3.333333333333333,310.0,24.33333333333333,1.4942148000000004,6.2,1.7458763999999998,4.4,304.2,22.2,1.4942148000000004,6.2,1.7458763999999998,4.4,304.2,22.2,25.0,5.0,6.0,5.0,6.0,0.4,1,2,0,1.394736842105263,1.7837044736842107,1.5495877631578947,6.394736842105263,7.105263157894737,291.1578947368421,22.105263157894736,38.0,1.28,1.28,1.6869296399999998,1.5098282,7.08,5.76,293.52,21.04,1.6869296399999998,1.5098282,7.08,5.76,293.52,21.04,3.2291666666666665,0.6692478215756866,0.160719875,-0.1558589166666668,1.57,4.0,6.25,92,Burnley,1.84644,6.0,1.1223,4.0,263.0,23.0,1.84644,6.0,1.1223,4.0,263.0,23.0,1.1738836666666668,4.333333333333333,1.8665766666666668,5.0,283.0,25.0,1.1738836666666668,4.333333333333333,1.8665766666666668,5.0,283.0,25.0,0.8776664000000001,3.8,2.3230120000000003,11.0,287.6,23.6,0.8776664000000001,3.8,2.3230120000000003,11.0,287.6,23.6,25.0,3.0,5.0,3.0,5.0,0.0999999999999999,-2,0,16,,,,,,,,,0.6,0.6,0.9614034,2.18554904,4.12,9.04,286.84,22.0,0.9614034,2.18554904,4.12,9.04,286.84,22.0,4.1875,0.6836310469026429,0.2716495416666666,-0.2373333333333331,-0.9583333333333336,0.7711442786069651,2.0,1.0,2.0,1.0,-0.0143832253269562,-0.1109296666666666,0.0814744166666663,,,,0.68,-0.918036,0.3845020000000001,0.0,-105.0,-0.918036,0.3845020000000001,0.0,-105.0,0.4908943333333333,0.2621693333333335,2.666666666666667,-27.0,0.4908943333333333,0.2621693333333335,2.666666666666667,-27.0,0.6165484000000003,0.5771356000000005,2.4000000000000004,-16.599999999999966,0.6165484000000003,0.5771356000000005,2.4000000000000004,-16.599999999999966,1.0469426751592357,0.6083835249741437,0.2387905335523514,0.1528259414735049,0.4555575835006388,0.7612094664476485,0.6083835249741437,0.3695929914217923,0.9314011118830536,0,1525.0289342747494,1383.0216926332414,142.00724164150802,0.7618496733328696,draw,4.0,0.3996105,0.2387905335523514,0.16081995605450589,0.5984419584274292,False,-1.0,False,EPL 2025_78_92_2026-02-11 19:30:00|draw,"train=ALL|bet=EPL|outcome=draw|odds=[4.00,10.00)|fav=nonfavorite","train=ALL|bet=EPL|outcome=draw|odds=[4.00,10.00)|fav=nonfavorite"
EPL 2025_80_81_2026-01-31 17:30:00,2026-01-31 17:30:00,EPL,2025,80,Chelsea,81,West Ham,w,3.08817,4.0,2.41793,5.0,242.0,26.0,3.08817,4.0,2.41793,5.0,242.0,26.0,2.38729,3.333333333333333,1.65109,9.666666666666666,279.0,22.0,2.38729,3.333333333333333,1.65109,9.666666666666666,279.0,22.0,2.306414,4.4,1.895036,8.8,257.0,23.0,2.306414,4.4,1.895036,8.8,257.0,23.0,23.0,8.0,13.0,8.0,13.0,0.3,2,2,0,1.8157894736842104,1.9241391842105264,1.4279523157894738,8.868421052631579,5.947368421052632,232.21052631578948,21.42105263157895,38.0,1.608695652173913,1.608695652173913,1.941790695652174,1.5188912608695653,6.826086956521739,6.478260869565218,208.43478260869568,22.73913043478261,1.941790695652174,1.5188912608695653,6.826086956521739,6.478260869565218,208.43478260869568,22.73913043478261,6.145833333333333,0.6937176065794156,0.2405037499999998,-0.3180337500000001,1.5,4.5,6.0,81,West Ham,2.18675,5.0,0.713838,1.0,251.0,18.0,2.18675,5.0,0.713838,1.0,251.0,18.0,2.230443333333333,5.0,1.211196,6.666666666666667,227.0,19.0,2.230443333333333,5.0,1.211196,6.666666666666667,227.0,19.0,1.8406896,5.2,1.7923956,5.4,230.6,22.0,1.8406896,5.2,1.7923956,5.4,230.6,22.0,23.0,7.0,9.0,7.0,9.0,0.4999999999999999,2,2,0,1.131578947368421,1.3312907894736845,1.791778105263158,5.894736842105263,8.31578947368421,242.7894736842105,19.81578947368421,38.0,0.8695652173913043,0.8695652173913043,1.2295527826086956,1.9554832608695647,4.695652173913044,7.173913043478261,269.0,19.130434782608692,1.2295527826086956,1.9554832608695647,4.695652173913044,7.173913043478261,269.0,19.130434782608692,7.208333333333333,0.7605845112874454,0.6505585833333332,-0.5704678750000001,-1.0625,0.8526011560693642,1.0,4.0,1.0,4.0,-0.0668669047080298,-0.4100548333333333,0.2524341249999999,0.6842105263157896,0.5928483947368419,0.3638257894736842,0.7391304347826088,0.90142,-1.7040920000000002,-1.0,9.0,0.90142,-1.7040920000000002,-1.0,9.0,0.1568466666666665,-0.439894,-1.6666666666666663,-52.0,0.1568466666666665,-0.439894,-1.6666666666666663,-52.0,0.4657244000000005,-0.1026403999999998,-0.7999999999999998,-26.40000000000001,0.4657244000000005,-0.1026403999999998,-0.7999999999999998,-26.40000000000001,1.0555555555555556,0.631578947368421,0.2105263157894736,0.1578947368421052,0.4736842105263157,0.7894736842105263,0.631578947368421,0.4210526315789473,0.9097077103274986,2,1589.8159165019354,1447.537265999751,142.2786505021843,0.7621330228414549,draw,4.5,0.3918666,0.2105263157894737,0.18134027876352007,0.763399675488472,False,-1.0,False,EPL 2025_80_81_2026-01-31 17:30:00|draw,"train=ALL|bet=EPL|outcome=draw|odds=[4.00,10.00)|fav=nonfavorite","train=ALL|bet=EPL|outcome=draw|odds=[4.00,10.00)|fav=nonfavorite"
EPL 2025_80_92_2026-02-21 15:00:00,2026-02-21 15:00:00,EPL,2025,80,Chelsea,92,Burnley,d,3.21176,9.0,1.28948,2.0,208.0,20.0,3.21176,9.0,1.28948,2.0,208.0,20.0,3.211956666666666,8.333333333333334,1.3763500000000002,4.666666666666667,192.0,23.666666666666668,3.211956666666666,8.333333333333334,1.3763500000000002,4.666666666666667,192.0,23.666666666666668,2.869334,6.0,1.604438,5.6,224.6,22.8,2.869334,6.0,1.604438,5.6,224.6,22.8,26.0,13.0,16.0,13.0,16.0,1.0,0,5,1,1.8157894736842104,1.9241391842105264,1.4279523157894738,8.868421052631579,5.947368421052632,232.21052631578948,21.42105263157895,38.0,1.6923076923076923,1.6923076923076923,2.0883483076923075,1.5024441923076923,7.0,6.269230769230769,206.53846153846155,22.846153846153847,2.0883483076923075,1.5024441923076923,7.0,6.269230769230769,206.53846153846155,22.846153846153847,10.8125,0.9061336184002188,0.5659641666666659,-0.3241787499999997,1.22,6.5,12.0,92,Burnley,0.691273,5.0,2.1276,15.0,318.0,17.0,0.691273,5.0,2.1276,15.0,318.0,17.0,0.8880280000000003,4.333333333333333,1.7121333333333333,8.666666666666666,275.6666666666667,21.0,0.8880280000000003,4.333333333333333,1.7121333333333333,8.666666666666666,275.6666666666667,21.0,0.951979,4.6,2.243556,11.4,289.8,21.8,0.951979,4.6,2.243556,11.4,289.8,21.8,26.0,5.0,8.0,5.0,8.0,0.1999999999999999,1,1,0,,,,,,,,,0.6923076923076923,0.6923076923076923,0.9510137692307692,2.1833202307692305,4.153846153846154,9.26923076923077,288.03846153846155,21.807692307692307,0.9510137692307692,2.1833202307692305,4.153846153846154,9.26923076923077,288.03846153846155,21.807692307692307,9.8125,1.0504433393907968,0.0555697500000001,-0.5012216666666667,1.0,1.1019108280254777,8.0,8.0,8.0,8.0,-0.144309720990578,0.5103944166666657,0.1770429166666669,,,,1.0,2.520487,0.8381200000000002,4.0,110.0,2.520487,0.8381200000000002,4.0,110.0,2.323928666666666,0.3357833333333331,4.000000000000001,83.66666666666669,2.323928666666666,0.3357833333333331,4.000000000000001,83.66666666666669,1.917355,0.6391179999999999,1.4000000000000004,65.20000000000002,1.917355,0.6391179999999999,1.4000000000000004,65.20000000000002,1.0568516183270282,0.7755791985681615,0.1455702495774087,0.0788505518544297,0.6967286467137317,0.8544297504225913,0.7755791985681615,0.6300089489907528,0.6779338773754258,1,1595.8786432736738,1398.2586860998988,197.619957173775,0.8150222223667991,draw,6.5,0.31662568,0.14557024957740877,0.17105543492233183,1.058066949248314,True,5.5,False,EPL 2025_80_92_2026-02-21 15:00:00|draw,"train=ALL|bet=EPL|outcome=draw|odds=[4.00,10.00)|fav=nonfavorite","train=ALL|bet=EPL|outcome=draw|odds=[4.00,10.00)|fav=nonfavorite"
EPL 2025_81_82_2026-01-17 15:00:00,2026-01-17 15:00:00,EPL,2025,82,Tottenham,81,West Ham,l,1.6261,8.0,1.19014,4.0,166.0,18.0,1.6261,8.0,1.19014,4.0,166.0,18.0,1.217303,8.0,0.7379749999999999,5.333333333333333,223.0,20.33333333333333,1.217303,8.0,0.7379749999999999,5.333333333333333,223.0,20.33333333333333,1.1743454000000002,6.4,0.8750492,8.4,250.4,17.2,1.1743454000000002,6.4,0.8750492,8.4,250.4,17.2,21.0,5.0,9.0,5.0,9.0,0.0999999999999999,-1,0,3,1.0,1.720091763157895,1.795552552631579,8.31578947368421,7.368421052631579,207.73684210526315,22.026315789473685,38.0,1.2857142857142858,1.2857142857142858,1.121629676190476,1.2708970476190475,5.523809523809524,6.619047619047619,218.0,20.952380952380956,1.121629676190476,1.2708970476190475,5.523809523809524,6.619047619047619,218.0,20.952380952380956,9.8125,0.8515382270239167,0.001315125,-0.394271125,1.73,4.0,4.5,81,West Ham,1.73697,7.0,1.26683,8.0,189.0,19.0,1.73697,7.0,1.26683,8.0,189.0,19.0,1.4163626666666664,6.0,2.1984066666666666,5.0,220.33333333333331,24.0,1.4163626666666664,6.0,2.1984066666666666,5.0,220.33333333333331,24.0,1.2815416,6.2,2.258292,6.8,265.6,22.8,1.2815416,6.2,2.258292,6.8,265.6,22.8,21.0,1.0,4.0,1.0,4.0,-0.2,-2,0,10,1.131578947368421,1.3312907894736845,1.791778105263158,5.894736842105263,8.31578947368421,242.7894736842105,19.81578947368421,38.0,0.6666666666666666,0.6666666666666666,1.110731142857143,2.029017,4.761904761904762,7.285714285714286,271.1904761904762,19.142857142857142,1.110731142857143,2.029017,4.761904761904762,7.285714285714286,271.1904761904762,19.142857142857142,10.791666666666666,0.1560620427528748,0.0717429166666665,0.1653987916666666,-0.979166666666666,0.9092664092664092,4.0,5.0,4.0,5.0,0.6954761842710419,-0.0704277916666664,-0.5596699166666667,-0.131578947368421,0.3888009736842106,-0.0037744473684209,0.6190476190476192,-0.1108699999999998,0.0766899999999999,1.0,23.0,-0.1108699999999998,0.0766899999999999,1.0,23.0,-0.1990596666666664,1.4604316666666666,2.0,-2.666666666666657,-0.1990596666666664,1.4604316666666666,2.0,-2.666666666666657,-0.1071961999999997,1.3832428,0.2000000000000001,15.200000000000015,-0.1071961999999997,1.3832428,0.2000000000000001,15.200000000000015,1.050256904303147,0.5503745604647607,0.238036997401009,0.2115884421342302,0.3387861183305305,0.761963002598991,0.5503745604647607,0.3123375630637517,0.9989416247652978,0,1482.1979344514552,1423.1550583214096,59.04287613004567,0.664912972056378,draw,4.0,0.41262385,0.238036997401009,0.17458685509036978,0.6504954099655151,False,-1.0,False,EPL 2025_81_82_2026-01-17 15:00:00|draw,"train=ALL|bet=EPL|outcome=draw|odds=[4.00,10.00)|fav=nonfavorite","train=ALL|bet=EPL|outcome=draw|odds=[4.00,10.00)|fav=nonfavorite"
EPL 2025_81_83_2025-10-04 14:00:00,2025-10-04 14:00:00,EPL,2025,83,Arsenal,81,West Ham,w,2.07048,13.0,0.739851,4.0,145.0,20.0,2.07048,13.0,0.739851,4.0,145.0,20.0,1.8902516666666669,11.0,0.718744,2.6666666666666665,171.33333333333334,20.666666666666668,1.8902516666666669,11.0,0.718744,2.6666666666666665,171.33333333333334,20.666666666666668,1.7788088000000002,8.6,0.5588794,2.6,197.0,21.4,1.7788088000000002,8.6,0.5588794,2.6,197.0,21.4,6.0,10.0,13.0,10.0,20.789473684210527,0.7,1,3,0,1.947368421052632,1.936050131578948,1.0521016236842105,9.63157894736842,4.105263157894737,193.55263157894737,22.0,38.0,2.1666666666666665,2.1666666666666665,1.704074,0.6951545,7.666666666666667,3.333333333333333,207.33333333333331,21.666666666666668,1.704074,0.6951545,7.666666666666667,3.333333333333333,207.33333333333331,21.666666666666668,5.9375,1.12434793428902,0.1861776666666665,0.0235895,1.21,6.93,13.68,81,West Ham,0.775766,7.0,0.909703,12.0,216.0,16.0,0.775766,7.0,0.909703,12.0,216.0,16.0,0.6784596666666665,4.666666666666667,1.5864576666666668,9.0,243.0,19.0,0.6784596666666665,4.666666666666667,1.5864576666666668,9.0,243.0,19.0,1.0499902,5.0,1.8850722,7.6,270.0,16.6,1.0499902,5.0,1.8850722,7.6,270.0,16.6,6.0,4.0,4.0,4.0,8.526315789473685,0.4,0,1,3,1.131578947368421,1.3312907894736845,1.791778105263158,5.894736842105263,8.31578947368421,242.7894736842105,19.81578947368421,38.0,0.6666666666666666,0.6666666666666666,0.9681498333333334,1.6916215,5.5,6.666666666666667,252.5,16.333333333333332,0.9681498333333334,1.6916215,5.5,6.666666666666667,252.5,16.333333333333332,4.791666666666667,0.7619118729371167,-0.2896901666666669,-0.1051638333333333,1.145833333333333,1.2391304347826086,6.0,9.0,6.0,12.263157894736842,0.3624360613519032,0.4758678333333335,0.1287533333333334,0.8157894736842106,0.6047593421052633,0.7396764815789476,1.5,1.294714,0.169852,6.0,71.0,1.294714,0.169852,6.0,71.0,1.2117920000000002,0.8677136666666667,6.333333333333333,71.66666666666666,1.2117920000000002,0.8677136666666667,6.333333333333333,71.66666666666666,0.7288186000000003,1.3261928000000005,3.6,73.0,0.7288186000000003,1.3261928000000005,3.6,73.0,1.0438458404965585,0.7917321207110376,0.138238941711451,0.0700289375775113,0.7217031831335262,0.861761058288549,0.7917321207110376,0.6534931789995866,0.644634432312966,2,1645.5757023655428,1462.0840272402515,183.4916751252913,0.802445707550224,draw,6.93,0.33732614,0.138238941711451,0.19908719750020365,1.3376701447367667,False,-1.0,False,EPL 2025_81_83_2025-10-04 14:00:00|draw,"train=ALL|bet=EPL|outcome=draw|odds=[4.00,10.00)|fav=nonfavorite","train=ALL|bet=EPL|outcome=draw|odds=[4.00,10.00)|fav=nonfavorite"
EPL 2025_81_87_2025-11-30 14:05:00,2025-11-30 14:05:00,EPL,2025,81,West Ham,87,Liverpool,l,0.390782,3.0,3.48299,9.0,239.0,11.0,0.390782,3.0,3.48299,9.0,239.0,11.0,1.5906306666666663,3.333333333333333,1.9604616666666663,7.666666666666667,277.0,14.333333333333334,1.5906306666666663,3.333333333333333,1.9604616666666663,7.666666666666667,277.0,14.333333333333334,1.1061592,3.6,2.313827,7.0,269.2,17.4,1.1061592,3.6,2.313827,7.0,269.2,17.4,12.0,7.0,11.0,7.0,11.0,0.2999999999999998,0,3,1,1.131578947368421,1.3312907894736845,1.791778105263158,5.894736842105263,8.31578947368421,242.7894736842105,19.81578947368421,38.0,0.9166666666666666,0.9166666666666666,1.0170203333333332,2.064780333333333,4.5,7.666666666666667,265.5833333333333,16.5,1.0170203333333332,2.064780333333333,4.5,7.666666666666667,265.5833333333333,16.5,7.961805555555555,1.265640605571849,0.6359461666666666,-0.2736618333333334,4.45,4.22,1.74,87,Liverpool,1.79273,11.0,1.19459,6.0,103.0,22.0,1.79273,11.0,1.19459,6.0,103.0,22.0,1.4303466666666669,10.0,1.07501,6.333333333333333,191.66666666666663,21.666666666666668,1.4303466666666669,10.0,1.07501,6.333333333333333,191.66666666666663,21.666666666666668,1.803828,10.0,1.805492,6.0,164.2,20.2,1.803828,10.0,1.805492,6.0,164.2,20.2,12.0,3.0,12.0,3.0,12.0,-0.6,-2,0,2,2.210526315789474,2.4536668684210525,1.1136979210526317,11.63157894736842,5.2631578947368425,218.0,24.394736842105264,38.0,1.5,1.5,1.7912769166666669,1.5591200833333332,9.333333333333334,6.083333333333333,158.91666666666666,18.08333333333333,1.7912769166666669,1.5591200833333332,9.333333333333334,6.083333333333333,158.91666666666666,18.08333333333333,7.961805555555555,0.332625948778639,-0.4749495833333332,-0.739898875,0.0,1.0,4.0,-1.0,4.0,-1.0,0.93301465679321,1.1108957499999998,0.4662370416666666,-1.0789473684210529,-1.1223760789473682,-0.6780801842105264,-0.5833333333333334,-1.401948,-2.2884,-8.0,-136.0,-1.401948,-2.2884,-8.0,-136.0,0.1602839999999996,-0.8854516666666665,-6.666666666666666,-85.33333333333334,0.1602839999999996,-0.8854516666666665,-6.666666666666666,-85.33333333333334,-0.6976688,-0.508335,-6.4,-105.0,-0.6976688,-0.508335,-6.4,-105.0,1.0363985694463065,0.2168269117195435,0.2286444922161064,0.5545285960643499,-0.3377016843448063,0.7713555077838936,0.5545285960643499,0.3258841038482435,0.9958090800080636,0,1463.2473734296093,1606.3568175974012,-143.1094441677919,0.3826261347044321,draw,4.22,0.3987914,0.2286444922161064,0.1701469103622475,0.6828997188806534,False,-1.0,False,EPL 2025_81_87_2025-11-30 14:05:00|draw,"train=ALL|bet=EPL|outcome=draw|odds=[4.00,10.00)|fav=nonfavorite","train=ALL|bet=EPL|outcome=draw|odds=[4.00,10.00)|fav=nonfavorite"
EPL 2025_81_87_2026-02-28 15:00:00,2026-02-28 15:00:00,EPL,2025,87,Liverpool,81,West Ham,w,2.39634,3.0,0.934768,2.0,200.0,22.0,2.39634,3.0,0.934768,2.0,200.0,22.0,2.248193333333333,7.0,1.347774,7.333333333333333,214.33333333333331,18.33333333333333,2.248193333333333,7.0,1.347774,7.333333333333333,214.33333333333331,18.33333333333333,2.1563290000000004,10.0,1.5284762,7.0,198.4,18.0,2.1563290000000004,10.0,1.5284762,7.0,198.4,18.0,27.0,9.0,16.0,9.0,16.0,0.1999999999999999,2,2,0,2.210526315789474,2.4536668684210525,1.1136979210526317,11.63157894736842,5.2631578947368425,218.0,24.394736842105264,38.0,1.6666666666666667,1.6666666666666667,1.84018,1.2984838888888888,9.62962962962963,5.592592592592593,180.14814814814812,18.0,1.84018,1.2984838888888888,9.62962962962963,5.592592592592593,180.14814814814812,18.0,6.041666666666667,0.834752025239678,0.2095012083333332,0.16022825,1.42,4.75,6.5,81,West Ham,2.34412,8.0,0.522731,3.0,274.0,22.0,2.34412,8.0,0.522731,3.0,274.0,22.0,1.5912933333333334,4.333333333333333,1.0349793333333333,4.666666666666667,273.6666666666667,19.33333333333333,1.5912933333333334,4.333333333333333,1.0349793333333333,4.666666666666667,273.6666666666667,19.33333333333333,1.737296,4.8,1.2960212,4.2,292.0,17.6,1.737296,4.8,1.2960212,4.2,292.0,17.6,27.0,8.0,12.0,8.0,12.0,0.4000000000000001,0,3,2,1.131578947368421,1.3312907894736845,1.791778105263158,5.894736842105263,8.31578947368421,242.7894736842105,19.81578947368421,38.0,0.925925925925926,0.925925925925926,1.2881275555555556,1.8793475185185184,4.703703703703703,6.851851851851852,273.9259259259259,18.88888888888889,1.2881275555555556,1.8793475185185184,4.703703703703703,6.851851851851852,273.9259259259259,18.88888888888889,6.895833333333333,0.9209714405696012,-0.0870489166666665,-0.4199089166666669,-0.8541666666666661,0.8761329305135952,1.0,4.0,1.0,4.0,-0.0862194153299231,0.2965501249999998,0.580137166666667,1.0789473684210529,1.1223760789473682,0.6780801842105264,0.7407407407407408,0.0522199999999997,-0.4120370000000001,-5.0,74.0,0.0522199999999997,-0.4120370000000001,-5.0,74.0,0.6569,-0.3127946666666668,2.666666666666667,59.33333333333334,0.6569,-0.3127946666666668,2.666666666666667,59.33333333333334,0.4190330000000004,-0.232455,5.2,93.6,0.4190330000000004,-0.232455,5.2,93.6,1.0685978217483036,0.6590181430096052,0.1970117395944503,0.1439701173959445,0.5150480256136607,0.8029882604055496,0.6590181430096052,0.4620064034151548,0.8738929433787768,2,1618.0547068537176,1455.552263244649,162.50244360906822,0.7825905214087109,draw,4.75,0.34727442,0.19701173959445034,0.1502626830511185,0.649553507566452,False,-1.0,False,EPL 2025_81_87_2026-02-28 15:00:00|draw,"train=ALL|bet=EPL|outcome=draw|odds=[4.00,10.00)|fav=nonfavorite","train=ALL|bet=EPL|outcome=draw|odds=[4.00,10.00)|fav=nonfavorite"
EPL 2025_81_89_2025-12-04 20:00:00,2025-12-04 20:00:00,EPL,2025,89,Manchester United,81,West Ham,d,1.47768,1.0,2.13561,4.0,170.0,19.0,1.47768,1.0,2.13561,4.0,170.0,19.0,1.5238786666666666,6.333333333333333,1.215331,3.6666666666666665,176.0,20.0,1.5238786666666666,6.333333333333333,1.215331,3.6666666666666665,176.0,20.0,1.4900332,6.6,1.2287614000000002,4.6,216.0,21.0,1.4900332,6.6,1.2287614000000002,4.6,216.0,21.0,13.0,8.0,17.0,8.0,17.0,-0.0999999999999998,1,1,0,1.105263157894737,1.497666052631579,1.5980923684210526,8.131578947368421,5.7368421052631575,233.42105263157896,23.18421052631579,38.0,1.6153846153846154,1.6153846153846154,1.8427604615384612,1.4711468461538462,6.538461538461538,5.538461538461538,219.84615384615384,20.0,1.8427604615384612,1.4711468461538462,6.538461538461538,5.538461538461538,219.84615384615384,20.0,4.333333333333333,1.0738015768945548,-0.2445245833333333,-0.3281572499999998,1.47,4.9,6.52,81,West Ham,0.364152,4.0,1.56793,9.0,318.0,23.0,0.364152,4.0,1.56793,9.0,318.0,23.0,1.240738,3.6666666666666665,2.308566666666666,8.333333333333334,288.6666666666667,18.0,1.240738,3.6666666666666665,2.308566666666666,8.333333333333334,288.6666666666667,18.0,1.1269394,3.6,1.934143,6.6,279.6,18.4,1.1269394,3.6,1.934143,6.6,279.6,18.4,13.0,7.0,8.0,7.0,8.0,0.5999999999999999,-1,0,2,1.131578947368421,1.3312907894736845,1.791778105263158,5.894736842105263,8.31578947368421,242.7894736842105,19.81578947368421,38.0,0.8461538461538461,0.8461538461538461,0.9667996923076922,2.026561076923077,4.461538461538462,7.769230769230769,269.61538461538464,17.0,0.9667996923076922,2.026561076923077,4.461538461538462,7.769230769230769,269.61538461538464,17.0,4.246527777777778,1.2423028245809309,0.2988301249999999,0.1704081666666663,0.0868055555555553,1.0204415372035978,1.0,9.0,1.0,9.0,-0.1685012476863761,-0.5433547083333333,-0.4985654166666662,-0.026315789473684,0.1663752631578947,0.1936857368421054,0.7692307692307693,1.113528,-0.5676799999999997,-3.0,148.0,1.113528,-0.5676799999999997,-3.0,148.0,0.2831406666666667,1.0932356666666665,2.6666666666666665,112.66666666666669,0.2831406666666667,1.0932356666666665,2.6666666666666665,112.66666666666669,0.3630938000000001,0.7053815999999997,3.0,63.60000000000002,0.3630938000000001,0.7053815999999997,3.0,63.60000000000002,1.037727974625433,0.6555399155439372,0.1966619746631811,0.1477981097928815,0.5077418057510557,0.8033380253368189,0.6555399155439372,0.458877940880756,0.8792335877451946,1,1527.8837358536791,1455.5948507355206,72.28888511815853,0.6816827913191177,draw,4.9,0.29110298,0.19666197466318114,0.0944410009437372,0.42640458047389984,True,3.9000000000000004,False,EPL 2025_81_89_2025-12-04 20:00:00|draw,"train=ALL|bet=EPL|outcome=draw|odds=[4.00,10.00)|fav=nonfavorite","train=ALL|bet=EPL|outcome=draw|odds=[4.00,10.00)|fav=nonfavorite"
EPL 2025_82_83_2026-02-22 16:30:00,2026-02-22 16:30:00,EPL,2025,82,Tottenham,83,Arsenal,l,1.68925,9.0,2.46991,11.0,162.0,22.0,1.68925,9.0,2.46991,11.0,162.0,22.0,1.2600113333333332,9.0,2.2239366666666665,12.0,271.3333333333333,22.33333333333333,1.2600113333333332,9.0,2.2239366666666665,12.0,271.3333333333333,22.33333333333333,1.6047768000000002,8.4,2.197652,8.8,237.0,24.6,1.6047768000000002,8.4,2.197652,8.8,237.0,24.6,26.0,2.0,7.0,2.0,7.0,-0.2999999999999999,-2,0,8,1.0,1.720091763157895,1.795552552631579,8.31578947368421,7.368421052631579,207.73684210526315,22.026315789473685,38.0,1.1153846153846154,1.1153846153846154,1.2145425846153848,1.449119153846154,6.076923076923077,7.038461538461538,221.65384615384616,21.653846153846157,1.2145425846153848,1.449119153846154,6.076923076923077,7.038461538461538,221.65384615384616,21.653846153846157,11.875,0.2492558466387031,-0.1994627916666669,0.5736635416666664,6.0,4.0,1.57,83,Arsenal,2.01018,5.0,0.173119,4.0,197.0,24.0,2.01018,5.0,0.173119,4.0,197.0,24.0,1.3294566666666667,7.666666666666667,0.8039613333333332,3.333333333333333,203.66666666666663,24.0,1.3294566666666667,7.666666666666667,0.8039613333333332,3.333333333333333,203.66666666666663,24.0,1.79135,8.2,0.6462992,2.4,208.2,22.8,1.79135,8.2,0.6462992,2.4,208.2,22.8,27.0,8.0,19.0,8.0,19.0,-0.2999999999999998,0,4,2,1.947368421052632,1.936050131578948,1.0521016236842105,9.63157894736842,4.105263157894737,193.55263157894737,22.0,38.0,2.1481481481481484,2.1481481481481484,1.973491148148148,0.7853610444444444,9.185185185185183,3.2962962962962963,198.22222222222223,21.296296296296298,1.973491148148148,0.7853610444444444,9.185185185185183,3.2962962962962963,198.22222222222223,21.296296296296298,3.8541666666666665,0.8931811202843464,-0.3957698333333332,0.2019032083333332,8.020833333333334,3.081081081081081,-6.0,-12.0,-6.0,-12.0,-0.6439252736456432,0.1963070416666663,0.3717603333333332,-0.9473684210526316,-0.2159583684210526,-0.7434509289473685,-1.032763532763533,-0.3209300000000001,-2.296791,4.0,35.0,-0.3209300000000001,-2.296791,4.0,35.0,-0.0694453333333335,-1.4199753333333334,1.333333333333333,-67.66666666666666,-0.0694453333333335,-1.4199753333333334,1.333333333333333,-67.66666666666666,-0.1865731999999997,-1.5513528,0.200000000000001,-28.80000000000001,-0.1865731999999997,-1.5513528,0.200000000000001,-28.80000000000001,1.0536093418259025,0.1581863979848866,0.2372795969773299,0.6045340050377834,-0.4463476070528968,0.76272040302267,0.6045340050377834,0.3672544080604534,0.937283632522684,0,1456.0977181872636,1674.4608968301663,-218.3631786429028,0.2866701394552766,draw,4.0,0.3497365,0.23727959697732998,0.11245691472997593,0.39894604682922363,False,-1.0,False,EPL 2025_82_83_2026-02-22 16:30:00|draw,"train=ALL|bet=EPL|outcome=draw|odds=[4.00,10.00)|fav=nonfavorite","train=ALL|bet=EPL|outcome=draw|odds=[4.00,10.00)|fav=nonfavorite"
EPL 2025_82_88_2025-08-23 11:30:00,2025-08-23 11:30:00,EPL,2025,88,Manchester City,82,Tottenham,l,2.29903,8.0,0.519436,4.0,236.0,20.0,2.29903,8.0,0.519436,4.0,236.0,20.0,2.29903,8.0,0.519436,4.0,236.0,20.0,2.049649122807018,10.228070175438598,1.101271596491228,4.807017543859649,228.82456140350877,19.087719298245613,2.29903,8.0,0.519436,4.0,236.0,20.0,1.999772947368421,10.673684210526316,1.2176387157894737,4.968421052631578,227.3894736842105,18.905263157894737,1.0,3.0,3.0,10.473684210526317,19.81578947368421,0.3,1,1,0,1.868421052631579,1.9249586842105264,1.392189394736842,11.342105263157896,5.2105263157894735,225.23684210526315,18.63157894736842,38.0,3.0,3.0,2.29903,0.519436,8.0,4.0,236.0,20.0,2.29903,0.519436,8.0,4.0,236.0,20.0,6.791666666666667,1.3048981521315952,0.0,0.0,1.49,5.0,6.01,82,Tottenham,1.97858,7.0,0.734138,6.0,108.0,17.0,1.97858,7.0,0.734138,6.0,108.0,17.0,1.97858,7.0,0.734138,6.0,108.0,17.0,1.8062545087719295,7.87719298245614,1.4417477017543858,6.912280701754386,174.49122807017542,20.350877192982452,1.97858,7.0,0.734138,6.0,108.0,17.0,1.771789410526316,8.052631578947368,1.5832696421052632,7.094736842105263,187.7894736842105,21.021052631578947,1.0,3.0,3.0,7.0,12.0,0.3,1,1,0,1.0,1.720091763157895,1.795552552631579,8.31578947368421,7.368421052631579,207.73684210526315,22.026315789473685,38.0,3.0,3.0,1.97858,0.734138,7.0,6.0,108.0,17.0,1.97858,0.734138,7.0,6.0,108.0,17.0,6.895833333333333,1.5162389180542415,0.0,0.0,-0.104166666666666,0.9848942598187312,0.0,0.0,3.473684210526315,7.815789473684212,-0.2113407659226462,0.0,0.0,0.868421052631579,0.2048669210526315,0.403363157894737,0.0,0.3204500000000001,0.2147019999999999,1.0,-128.0,0.3204500000000001,0.2147019999999999,1.0,-128.0,0.3204500000000001,0.2147019999999999,1.0,-128.0,0.2433946140350882,0.3404761052631579,2.350877192982457,-54.333333333333314,0.3204500000000001,0.2147019999999999,1.0,-128.0,0.227983536842105,0.3656309263157897,2.621052631578948,-39.599999999999966,1.0375302906788464,0.646863947613707,0.1927654563888846,0.1603705959974082,0.4864933516162988,0.8072345436111154,0.646863947613707,0.4540984912248224,0.8926536932221951,0,1633.9889804130894,1471.1762034416768,162.81277697141263,0.7828943145180469,draw,5.0,0.33873883,0.19276545638888473,0.14597337250859146,0.693694144487381,False,-1.0,False,EPL 2025_82_88_2025-08-23 11:30:00|draw,"train=ALL|bet=EPL|outcome=draw|odds=[4.00,10.00)|fav=nonfavorite","train=ALL|bet=EPL|outcome=draw|odds=[4.00,10.00)|fav=nonfavorite"
EPL 2025_82_88_2026-02-01 16:30:00,2026-02-01 16:30:00,EPL,2025,82,Tottenham,88,Manchester City,d,2.59093,4.0,1.54884,5.0,203.0,27.0,2.59093,4.0,1.54884,5.0,203.0,27.0,1.95665,7.666666666666667,1.83553,4.0,179.0,24.666666666666668,1.95665,7.666666666666667,1.83553,4.0,179.0,24.666666666666668,1.5791518,7.8,1.306075,4.8,208.0,23.4,1.5791518,7.8,1.306075,4.8,208.0,23.4,23.0,3.0,10.0,3.0,10.0,-0.4,0,1,5,1.0,1.720091763157895,1.795552552631579,8.31578947368421,7.368421052631579,207.73684210526315,22.026315789473685,38.0,1.2173913043478262,1.2173913043478262,1.2086118782608697,1.348056,5.695652173913044,6.391304347826087,215.17391304347825,21.565217391304348,1.2086118782608697,1.348056,5.695652173913044,6.391304347826087,215.17391304347825,21.565217391304348,8.0625,0.3799508064544585,0.6446721249999998,0.4582455000000003,4.5,4.1,1.73,88,Manchester City,1.0654,10.0,0.542683,2.0,231.0,39.0,1.0654,10.0,0.542683,2.0,231.0,39.0,1.470485,11.333333333333334,1.6490276666666663,2.333333333333333,209.33333333333331,29.0,1.470485,11.333333333333334,1.6490276666666663,2.333333333333333,209.33333333333331,29.0,1.576883,11.6,1.5892967999999998,2.8,209.4,29.2,1.576883,11.6,1.5892967999999998,2.8,209.4,29.2,23.0,6.0,21.0,6.0,21.0,-0.9000000000000001,1,1,0,1.868421052631579,1.9249586842105264,1.392189394736842,11.342105263157896,5.2105263157894735,225.23684210526315,18.63157894736842,38.0,2.0,2.0,1.9575980434782607,1.2017713043478262,9.869565217391305,4.434782608695652,225.7391304347826,20.91304347826087,1.9575980434782607,1.2017713043478262,9.869565217391305,4.434782608695652,225.7391304347826,20.91304347826087,8.0625,0.7609949500678242,-0.315033125,0.2904057916666662,0.0,1.0,-3.0,-11.0,-3.0,-11.0,-0.3810441436133657,0.9597052499999998,0.167839708333334,-0.868421052631579,-0.2048669210526315,-0.403363157894737,-0.7826086956521738,1.5255300000000005,-1.006157,-6.0,28.0,1.5255300000000005,-1.006157,-6.0,28.0,0.4861649999999999,-0.1865023333333337,-3.666666666666667,30.333333333333343,0.4861649999999999,-0.1865023333333337,-3.666666666666667,30.333333333333343,0.0022687999999999,0.2832217999999999,-3.8,1.4000000000000057,0.0022687999999999,0.2832217999999999,-3.8,1.4000000000000057,1.0441593433275371,0.2128240518482957,0.2335873739798367,0.5535885741718676,-0.3407645223235719,0.7664126260201632,0.5535885741718676,0.3200012001920308,0.9963384423164464,1,1468.5903518655018,1646.2099588623862,-177.6196069968844,0.3369149172939905,draw,4.1,0.38964576,0.23358737397983678,0.15605838131114833,0.5975475966930388,True,3.0999999999999996,False,EPL 2025_82_88_2026-02-01 16:30:00|draw,"train=ALL|bet=EPL|outcome=draw|odds=[4.00,10.00)|fav=nonfavorite","train=ALL|bet=EPL|outcome=draw|odds=[4.00,10.00)|fav=nonfavorite"
EPL 2025_82_89_2026-02-07 12:30:00,2026-02-07 12:30:00,EPL,2025,89,Manchester United,82,Tottenham,w,1.84362,7.0,1.71998,7.0,329.0,17.0,1.84362,7.0,1.71998,7.0,329.0,17.0,1.852434,4.0,1.177035,10.0,283.6666666666667,18.0,1.852434,4.0,1.177035,10.0,283.6666666666667,18.0,2.0059984,6.6,0.9641906,8.4,242.2,18.4,2.0059984,6.6,0.9641906,8.4,242.2,18.4,24.0,11.0,19.0,11.0,19.0,0.3000000000000002,3,7,0,1.105263157894737,1.497666052631579,1.5980923684210526,8.131578947368421,5.7368421052631575,233.42105263157896,23.18421052631579,38.0,1.7083333333333333,1.7083333333333333,1.9541732916666668,1.3392832916666666,7.0,6.541666666666667,214.45833333333331,20.916666666666668,1.9541732916666668,1.3392832916666666,7.0,6.541666666666667,214.45833333333331,20.916666666666668,5.9375,1.0967107450238534,0.1763823749999999,0.047292125,1.57,4.5,5.0,82,Tottenham,1.49738,10.0,2.03614,7.0,349.0,30.0,1.49738,10.0,2.03614,7.0,349.0,30.0,1.9137433333333331,8.333333333333334,2.11753,5.0,240.0,28.666666666666668,1.9137433333333331,8.333333333333334,2.11753,5.0,240.0,28.666666666666668,1.7569660000000002,8.4,1.6020422,5.6,217.2,26.2,1.7569660000000002,8.4,1.6020422,5.6,217.2,26.2,24.0,3.0,10.0,3.0,10.0,-0.4,0,2,6,1.0,1.720091763157895,1.795552552631579,8.31578947368421,7.368421052631579,207.73684210526315,22.026315789473685,38.0,1.2083333333333333,1.2083333333333333,1.2206438833333333,1.3767261666666666,5.875,6.416666666666667,220.75,21.916666666666668,1.2206438833333333,1.3767261666666666,5.875,6.416666666666667,220.75,21.916666666666668,5.833333333333333,0.3414977864863067,0.4621237083333331,0.7765504999999999,0.1041666666666669,1.017857142857143,8.0,9.0,8.0,9.0,0.7552129585375467,-0.2857413333333332,-0.7292583749999999,0.1052631578947369,-0.2224257105263158,0.1974601842105263,0.5,0.3462400000000001,0.31616,-3.0,20.0,0.3462400000000001,0.31616,-3.0,20.0,-0.0613093333333334,0.940495,-4.333333333333334,-43.666666666666686,-0.0613093333333334,0.940495,-4.333333333333334,-43.666666666666686,0.2490323999999999,0.6378516000000001,-1.8000000000000007,-25.0,0.2490323999999999,0.6378516000000001,-1.8000000000000007,-25.0,1.0591648973814578,0.6013630896699185,0.2098089001737271,0.1888280101563544,0.412535079513564,0.7901910998262729,0.6013630896699185,0.3915541894961913,0.9482167759638834,2,1560.944693373137,1471.852053519622,89.09263985351504,0.7022941103028651,draw,4.5,0.32672888,0.2098089001737271,0.11691998023169892,0.4702799618244171,False,-1.0,False,EPL 2025_82_89_2026-02-07 12:30:00|draw,"train=ALL|bet=EPL|outcome=draw|odds=[4.00,10.00)|fav=nonfavorite","train=ALL|bet=EPL|outcome=draw|odds=[4.00,10.00)|fav=nonfavorite"
EPL 2025_83_87_2026-01-08 20:00:00,2026-01-08 20:00:00,EPL,2025,83,Arsenal,87,Liverpool,d,1.28,9.0,0.947846,4.0,175.0,22.0,1.28,9.0,0.947846,4.0,175.0,22.0,2.74551,8.333333333333334,1.5332866666666665,4.666666666666667,224.33333333333331,23.33333333333333,2.74551,8.333333333333334,1.5332866666666665,4.666666666666667,224.33333333333331,23.33333333333333,2.340344,10.0,1.0866205999999998,3.4,196.0,19.2,2.340344,10.0,1.0866205999999998,3.4,196.0,19.2,20.0,15.0,23.0,15.0,23.0,0.7000000000000002,5,5,0,1.947368421052632,1.936050131578948,1.0521016236842105,9.63157894736842,4.105263157894737,193.55263157894737,22.0,38.0,2.4,2.4,2.0381224500000004,0.86680646,9.25,3.6,195.2,21.0,2.0381224500000004,0.86680646,9.25,3.6,195.2,21.0,5.104166666666667,1.2818628371485676,0.5678962499999995,0.3415875416666665,1.6,4.35,5.49,87,Liverpool,1.7188,8.0,0.609182,4.0,284.0,14.0,1.7188,8.0,0.609182,4.0,284.0,14.0,1.6540500000000005,10.0,0.5164020000000001,2.333333333333333,201.66666666666663,20.0,1.6540500000000005,10.0,0.5164020000000001,2.333333333333333,201.66666666666663,20.0,1.7212980000000002,10.4,0.9176592,3.4,211.4,17.8,1.7212980000000002,10.4,0.9176592,3.4,211.4,17.8,20.0,11.0,16.0,11.0,16.0,0.6000000000000001,0,8,2,2.210526315789474,2.4536668684210525,1.1136979210526317,11.63157894736842,5.2631578947368425,218.0,24.394736842105264,38.0,1.7,1.7,1.75470615,1.30839405,9.15,5.05,177.15,18.4,1.75470615,1.30839405,9.15,5.05,177.15,18.4,4.208333333333333,1.2781052436849276,-0.0457999999999996,-0.4159029999999998,0.8958333333333339,1.212871287128713,4.0,7.0,4.0,7.0,0.00375759346364,0.6136962499999992,0.7574905416666663,-0.2631578947368422,-0.517616736842105,0.0615962973684212,0.7,-0.4388000000000001,-0.3386639999999999,1.0,109.0,-0.4388000000000001,-0.3386639999999999,1.0,109.0,1.0914599999999994,-1.0168846666666664,-1.666666666666666,-22.66666666666669,1.0914599999999994,-1.0168846666666664,-1.666666666666666,-22.66666666666669,0.6190459999999998,-0.1689613999999999,-0.4000000000000003,15.400000000000006,0.6190459999999998,-0.1689613999999999,-0.4000000000000003,15.400000000000006,1.0370344199484958,0.602680092364765,0.2216754362720975,0.1756444713631373,0.4270356210016277,0.7783245637279025,0.602680092364765,0.3810046560926675,0.9446387563019782,1,1694.3118602270158,1618.4816792014622,75.83018102555366,0.6860897590400535,draw,4.35,0.33911517,0.22167543627209751,0.1174397363524905,0.4751510009169577,True,3.3499999999999996,False,EPL 2025_83_87_2026-01-08 20:00:00|draw,"train=ALL|bet=EPL|outcome=draw|odds=[4.00,10.00)|fav=nonfavorite","train=ALL|bet=EPL|outcome=draw|odds=[4.00,10.00)|fav=nonfavorite"
EPL 2025_83_89_2026-01-25 16:30:00,2026-01-25 16:30:00,EPL,2025,83,Arsenal,89,Manchester United,l,2.86323,12.0,0.318481,5.0,126.0,20.0,2.86323,12.0,0.318481,5.0,126.0,20.0,1.6150206666666669,10.333333333333334,0.528323,3.0,194.0,21.0,1.6150206666666669,10.333333333333334,0.528323,3.0,194.0,21.0,2.3603184,9.4,1.0473966,3.8,216.0,22.2,2.3603184,9.4,1.0473966,3.8,216.0,22.2,22.0,11.0,21.0,11.0,21.0,0.1,0,7,2,1.947368421052632,1.936050131578948,1.0521016236842105,9.63157894736842,4.105263157894737,193.55263157894737,22.0,38.0,2.272727272727273,2.272727272727273,2.0148868636363635,0.8169660090909091,9.409090909090908,3.5,195.95454545454547,20.954545454545453,2.0148868636363635,0.8169660090909091,9.409090909090908,3.5,195.95454545454547,20.954545454545453,7.958333333333333,0.932077638259984,-0.5257833333333333,-0.5704377500000001,1.55,4.2,6.0,89,Manchester United,3.07278,4.0,0.387015,11.0,317.0,20.0,3.07278,4.0,0.387015,11.0,317.0,20.0,2.5151566666666665,8.333333333333334,0.5589543333333333,7.666666666666667,225.66666666666663,19.33333333333333,2.5151566666666665,8.333333333333334,0.5589543333333333,7.666666666666667,225.66666666666663,19.33333333333333,1.9238682,6.4,0.8049365999999999,7.8,236.2,20.6,1.9238682,6.4,0.8049365999999999,7.8,236.2,20.6,22.0,9.0,17.0,9.0,17.0,0.1,1,5,0,1.105263157894737,1.497666052631579,1.5980923684210526,8.131578947368421,5.7368421052631575,233.42105263157896,23.18421052631579,38.0,1.5909090909090908,1.5909090909090908,2.0188925909090907,1.3181231363636363,7.272727272727272,6.2727272727272725,209.6818181818182,21.272727272727277,2.0188925909090907,1.3181231363636363,7.272727272727272,6.2727272727272725,209.6818181818182,21.272727272727277,8.166666666666666,0.9356150280008146,0.2422802916666664,-0.5045406666666667,-0.208333333333333,0.9744897959183674,2.0,4.0,2.0,4.0,-0.0035373897408305,-0.7680636249999997,-0.0658970833333333,0.8421052631578947,0.4383840789473685,0.5459907447368422,0.6818181818181821,-0.2095499999999996,0.0685339999999999,8.0,191.0,-0.2095499999999996,0.0685339999999999,8.0,191.0,-0.9001359999999996,0.0306313333333333,2.0,31.666666666666657,-0.9001359999999996,0.0306313333333333,2.0,31.666666666666657,0.4364501999999997,-0.24246,3.0,20.19999999999999,0.4364501999999997,-0.24246,3.0,20.19999999999999,1.0499231950844854,0.6144842721287491,0.226773957571324,0.1587417702999268,0.4557425018288222,0.7732260424286759,0.6144842721287491,0.387710314557425,0.9278846435416443,0,1686.6768842807278,1537.8049289956157,148.87195528511234,0.7689449926069144,draw,4.2,0.37338904,0.22677395757132407,0.14661507789200906,0.5682339489459991,False,-1.0,False,EPL 2025_83_89_2026-01-25 16:30:00|draw,"train=ALL|bet=EPL|outcome=draw|odds=[4.00,10.00)|fav=nonfavorite","train=ALL|bet=EPL|outcome=draw|odds=[4.00,10.00)|fav=nonfavorite"
EPL 2025_86_88_2026-02-21 20:00:00,2026-02-21 20:00:00,EPL,2025,88,Manchester City,86,Newcastle United,w,1.67722,5.0,1.05283,3.0,306.0,21.0,1.67722,5.0,1.05283,3.0,306.0,21.0,2.0427066666666662,8.0,1.2722433333333332,7.0,228.0,22.0,2.0427066666666662,8.0,1.2722433333333332,7.0,228.0,22.0,1.516107,9.0,1.4864386,5.4,210.6,25.2,1.516107,9.0,1.4864386,5.4,210.6,25.2,26.0,10.0,19.0,10.0,19.0,0.1,2,4,0,1.868421052631579,1.9249586842105264,1.392189394736842,11.342105263157896,5.2105263157894735,225.23684210526315,18.63157894736842,38.0,2.0384615384615383,2.0384615384615383,1.9674182692307691,1.2099026923076923,9.653846153846152,4.730769230769231,226.0,21.03846153846154,1.9674182692307691,1.2099026923076923,9.653846153846152,4.730769230769231,226.0,21.03846153846154,10.020833333333334,1.319168106034842,0.2911397916666662,-0.1981584166666667,1.45,5.0,5.5,86,Newcastle United,2.46991,11.0,1.68925,9.0,227.0,27.0,2.46991,11.0,1.68925,9.0,227.0,27.0,2.025243,8.333333333333334,2.1464000000000003,10.333333333333334,213.33333333333331,17.0,2.025243,8.333333333333334,2.1464000000000003,10.333333333333334,213.33333333333331,17.0,1.7687763999999997,7.2,1.6301692,8.4,187.2,18.6,1.7687763999999997,7.2,1.6301692,8.4,187.2,18.6,26.0,4.0,14.0,4.0,14.0,-0.5999999999999999,1,1,0,1.736842105263158,1.8811069736842108,1.4204530526315788,9.18421052631579,6.105263157894737,220.1315789473684,21.42105263157895,38.0,1.3846153846153846,1.3846153846153846,1.6850383846153845,1.281297576923077,7.115384615384615,6.653846153846154,205.92307692307693,20.384615384615383,1.6850383846153845,1.281297576923077,7.115384615384615,6.653846153846154,205.92307692307693,20.384615384615383,11.020833333333334,0.4522900689479699,-0.0371259999999997,0.5079267500000004,-1.0,0.9092627599243857,6.0,5.0,6.0,5.0,0.8668780370868722,0.328265791666666,-0.7060851666666672,0.131578947368421,0.0438517105263156,0.0282636578947368,0.6538461538461537,-0.7926900000000001,0.63642,-6.0,-79.0,-0.7926900000000001,0.63642,-6.0,-79.0,0.0174636666666661,0.8741566666666671,-0.3333333333333339,-14.666666666666655,0.0174636666666661,0.8741566666666671,-0.3333333333333339,-14.666666666666655,-0.2526693999999998,0.1437305999999998,1.7999999999999998,-23.40000000000001,-0.2526693999999998,0.1437305999999998,1.7999999999999998,-23.40000000000001,1.071473354231975,0.6436512580456407,0.1866588648332358,0.1696898771211234,0.4739613809245172,0.8133411351667642,0.6436512580456407,0.4569923932124049,0.8978863664872561,2,1658.5828571642635,1542.6402306120406,115.94262655222316,0.7335691579937427,draw,5.0,0.3064498,0.18665886483323582,0.11979093589651577,0.5322490036487579,False,-1.0,False,EPL 2025_86_88_2026-02-21 20:00:00|draw,"train=ALL|bet=EPL|outcome=draw|odds=[4.00,10.00)|fav=nonfavorite","train=ALL|bet=EPL|outcome=draw|odds=[4.00,10.00)|fav=nonfavorite"
EPL 2025_86_92_2025-12-06 15:00:00,2025-12-06 15:00:00,EPL,2025,86,Newcastle United,92,Burnley,w,1.88558,5.0,1.05205,4.0,194.0,25.0,1.88558,5.0,1.05205,4.0,194.0,25.0,2.249983333333333,5.666666666666667,1.5065933333333332,11.0,237.0,19.666666666666668,2.249983333333333,5.666666666666667,1.5065933333333332,11.0,237.0,19.666666666666668,1.5411684,5.2,1.7341799999999998,8.6,214.6,19.0,1.5411684,5.2,1.7341799999999998,8.6,214.6,19.0,14.0,7.0,14.0,7.0,14.0,0.0,0,3,1,1.736842105263158,1.8811069736842108,1.4204530526315788,9.18421052631579,6.105263157894737,220.1315789473684,21.42105263157895,38.0,1.3571428571428572,1.3571428571428572,1.5233590714285714,1.144660357142857,6.5,6.5,226.64285714285717,21.142857142857142,1.5233590714285714,1.144660357142857,6.5,6.5,226.64285714285717,21.142857142857142,3.78125,0.9084017034208072,0.3032768333333333,0.0833804583333333,1.27,6.25,10.24,92,Burnley,1.16852,9.0,0.987797,4.0,244.0,25.0,1.16852,9.0,0.987797,4.0,244.0,25.0,0.9011626666666668,5.333333333333333,2.143262333333333,6.666666666666667,279.0,23.33333333333333,0.9011626666666668,5.333333333333333,2.143262333333333,6.666666666666667,279.0,23.33333333333333,1.051489,5.2,2.3827114000000003,6.6,269.6,21.8,1.051489,5.2,2.3827114000000003,6.6,269.6,21.8,14.0,0.0,7.0,0.0,7.0,-0.7,-5,0,5,,,,,,,,,0.7142857142857143,0.7142857142857143,0.9070052857142856,2.323669,3.928571428571429,8.571428571428571,287.1428571428572,21.5,0.9070052857142856,2.323669,3.928571428571429,8.571428571428571,287.1428571428572,21.5,2.8125,0.0,-0.075690333333333,-0.1770022916666667,0.96875,1.3444444444444446,7.0,7.0,7.0,7.0,0.9084017034208072,0.3789671666666664,0.26038275,,,,0.6428571428571429,0.71706,-0.0642529999999999,-4.0,50.0,0.71706,-0.0642529999999999,-4.0,50.0,1.3488206666666662,0.6366689999999997,0.3333333333333339,42.0,1.3488206666666662,0.6366689999999997,0.3333333333333339,42.0,0.4896794,0.6485314000000004,0.0,55.00000000000003,0.4896794,0.6485314000000004,0.0,55.00000000000003,1.0450578248031497,0.7534526378494577,0.1531015760110098,0.0934457861395323,0.6600068517099253,0.8468984239889902,0.7534526378494577,0.6003510618384479,0.7221143266865003,2,1557.3072750689105,1408.2347703247533,149.0725047441572,0.7691500393998768,draw,6.25,0.3836108,0.15310157601100982,0.23050923879878937,1.397567592561245,False,-1.0,False,EPL 2025_86_92_2025-12-06 15:00:00|draw,"train=ALL|bet=EPL|outcome=draw|odds=[4.00,10.00)|fav=nonfavorite","train=ALL|bet=EPL|outcome=draw|odds=[4.00,10.00)|fav=nonfavorite"
EPL 2025_87_89_2025-10-19 15:30:00,2025-10-19 15:30:00,EPL,2025,87,Liverpool,89,Manchester United,l,2.05981,9.0,1.23721,6.0,274.0,16.0,2.05981,9.0,1.23721,6.0,274.0,16.0,2.0744100000000003,8.666666666666666,1.8306036666666667,9.0,182.33333333333331,18.666666666666668,2.0744100000000003,8.666666666666666,1.8306036666666667,9.0,182.33333333333331,18.666666666666668,1.8999108,9.4,1.2291062,6.4,166.2,17.0,1.8999108,9.4,1.2291062,6.4,166.2,17.0,7.0,9.0,15.0,9.0,21.63157894736842,0.3,-2,0,2,2.210526315789474,2.4536668684210525,1.1136979210526317,11.63157894736842,5.2631578947368425,218.0,24.394736842105264,38.0,2.142857142857143,2.142857142857143,1.7823118571428571,1.3831401428571428,8.857142857142858,6.142857142857143,155.14285714285714,16.571428571428573,1.7823118571428571,1.3831401428571428,8.857142857142858,6.142857142857143,155.14285714285714,16.571428571428573,14.958333333333334,0.9474128994953434,0.292098142857143,0.4474635238095239,1.63,4.27,5.32,89,Manchester United,1.9298,7.0,0.807119,3.0,234.0,23.0,1.9298,7.0,0.807119,3.0,234.0,23.0,1.8368233333333333,4.0,1.3547406666666666,4.666666666666667,255.0,21.666666666666668,1.8368233333333333,4.0,1.3547406666666666,4.666666666666667,255.0,21.666666666666668,2.210398,5.6,1.4775303999999998,5.0,234.4,20.4,2.210398,5.6,1.4775303999999998,5.0,234.4,20.4,7.0,9.0,10.0,9.0,13.31578947368421,0.8,1,1,0,1.105263157894737,1.497666052631579,1.5980923684210526,8.131578947368421,5.7368421052631575,233.42105263157896,23.18421052631579,38.0,1.4285714285714286,1.4285714285714286,1.9963642857142856,1.481626,6.571428571428571,5.571428571428571,219.14285714285717,20.142857142857142,1.9963642857142856,1.481626,6.571428571428571,5.571428571428571,219.14285714285717,20.142857142857142,15.0625,0.8143329843028874,-0.1595409523809521,-0.1268853333333333,-0.104166666666666,0.9930843706777316,0.0,5.0,0.0,8.31578947368421,0.133079915192456,0.4516390952380951,0.5743488571428572,1.105263157894737,0.9560008157894736,0.4843944473684209,0.7142857142857142,0.1300100000000001,-0.4300909999999999,2.0,-40.0,0.1300100000000001,-0.4300909999999999,2.0,-40.0,0.2375866666666668,-0.4758630000000001,4.666666666666666,72.66666666666666,0.2375866666666668,-0.4758630000000001,4.666666666666666,72.66666666666666,-0.3104871999999996,0.2484241999999996,3.8000000000000007,68.20000000000002,-0.3104871999999996,0.2484241999999996,3.8000000000000007,68.20000000000002,1.0356588947980936,0.5923735465381597,0.2261285435262764,0.1814979099355639,0.4108756366025957,0.7738714564737236,0.5923735465381597,0.3662450030118832,0.9560799452305884,0,1649.1807860804208,1500.2676244043423,148.9131616760783,0.7689871334507219,draw,4.27,0.3816398,0.2261285435262764,0.15551126489009018,0.6296019819378851,False,-1.0,False,EPL 2025_87_89_2025-10-19 15:30:00|draw,"train=ALL|bet=EPL|outcome=draw|odds=[4.00,10.00)|fav=nonfavorite","train=ALL|bet=EPL|outcome=draw|odds=[4.00,10.00)|fav=nonfavorite"
EPL 2025_87_92_2026-01-17 15:00:00,2026-01-17 15:00:00,EPL,2025,87,Liverpool,92,Burnley,d,0.318642,0.0,0.701832,10.0,211.0,11.0,0.318642,0.0,0.701832,10.0,211.0,11.0,1.2385906666666668,6.0,0.4901246666666668,5.0,215.0,16.0,1.2385906666666668,6.0,0.4901246666666668,5.0,215.0,16.0,1.3024863999999998,8.0,0.7200176,3.8,195.0,16.8,1.3024863999999998,8.0,0.7200176,3.8,195.0,16.8,21.0,9.0,17.0,9.0,17.0,0.1,0,9,3,2.210526315789474,2.4536668684210525,1.1136979210526317,11.63157894736842,5.2631578947368425,218.0,24.394736842105264,38.0,1.6666666666666667,1.6666666666666667,1.6863221428571429,1.279510142857143,8.714285714285714,5.285714285714286,178.76190476190476,18.047619047619047,1.6863221428571429,1.279510142857143,8.714285714285714,5.285714285714286,178.76190476190476,18.047619047619047,8.791666666666666,1.3819722031060022,-0.3050983333333332,-0.4843903333333332,1.22,6.5,11.0,92,Burnley,0.31971,1.0,2.52488,13.0,307.0,26.0,0.31971,1.0,2.52488,13.0,307.0,26.0,0.6332570000000001,4.333333333333333,2.16302,8.666666666666666,333.6666666666667,26.0,0.6332570000000001,4.333333333333333,2.16302,8.666666666666666,333.6666666666667,26.0,0.7259558,4.0,1.911914,8.8,282.2,24.2,0.7259558,4.0,1.911914,8.8,282.2,24.2,21.0,3.0,3.0,3.0,3.0,0.3,0,1,12,,,,,,,,,0.6190476190476191,0.6190476190476191,0.9507839523809524,2.168978380952381,4.047619047619048,8.761904761904763,287.6190476190476,21.80952380952381,0.9507839523809524,2.168978380952381,4.047619047619048,8.761904761904763,287.6190476190476,21.80952380952381,9.78125,0.826496599152043,-0.4213566249999999,0.4123978749999999,-0.989583333333334,0.8988285410010649,6.0,14.0,6.0,14.0,0.5554756039539592,0.1162582916666666,-0.8967882083333332,,,,1.0476190476190477,-0.001068,1.823048,-1.0,96.0,-0.001068,1.823048,-1.0,96.0,0.6053336666666668,1.6728953333333332,1.666666666666667,118.66666666666669,0.6053336666666668,1.6728953333333332,1.666666666666667,118.66666666666669,0.5765305999999998,1.1918964,4.0,87.19999999999999,0.5765305999999998,1.1918964,4.0,87.19999999999999,1.0644273759027858,0.7700592353257942,0.1445341949380721,0.0854065697361335,0.6846526655896606,0.8554658050619278,0.7700592353257942,0.625525040387722,0.6908993501407685,1,1622.2034743822633,1391.3056483602272,230.89782602203604,0.8421805142965777,draw,6.5,0.38070786,0.14453419493807215,0.2361736650549088,1.4746010899543762,True,5.5,False,EPL 2025_87_92_2026-01-17 15:00:00|draw,"train=ALL|bet=EPL|outcome=draw|odds=[4.00,10.00)|fav=nonfavorite","train=ALL|bet=EPL|outcome=draw|odds=[4.00,10.00)|fav=nonfavorite"
EPL 2025_88_89_2025-09-14 15:30:00,2025-09-14 15:30:00,EPL,2025,88,Manchester City,89,Manchester United,w,2.13418,9.0,2.20864,4.0,179.0,15.0,2.13418,9.0,2.20864,4.0,179.0,15.0,1.89357,8.333333333333334,1.3360753333333333,4.0,201.0,17.666666666666668,1.89357,8.333333333333334,1.3360753333333333,4.0,201.0,17.666666666666668,1.89357,8.333333333333334,1.3360753333333333,4.0,201.0,17.666666666666668,1.9061254736842104,9.536842105263158,1.3585209578947368,4.484210526315789,210.69473684210524,18.05263157894737,3.0,3.0,3.0,6.7368421052631575,16.078947368421055,0.3,-2,0,2,1.868421052631579,1.9249586842105264,1.392189394736842,11.342105263157896,5.2105263157894735,225.23684210526315,18.63157894736842,38.0,1.0,1.0,1.89357,1.3360753333333333,8.333333333333334,4.0,201.0,17.666666666666668,1.89357,1.3360753333333333,8.333333333333334,4.0,201.0,17.666666666666668,14.104166666666666,0.5281030011163915,0.0,0.0,1.8,4.0,4.33,89,Manchester United,4.02237,8.0,1.32618,3.0,167.0,11.0,4.02237,8.0,1.32618,3.0,167.0,11.0,2.3149766666666665,8.666666666666666,1.4366366666666668,5.666666666666667,176.33333333333334,16.666666666666668,2.3149766666666665,8.666666666666666,1.4366366666666668,5.666666666666667,176.33333333333334,16.666666666666668,2.3149766666666665,8.666666666666666,1.4366366666666668,5.666666666666667,176.33333333333334,16.666666666666668,1.9880524210526316,8.452631578947368,1.5012189473684212,5.694736842105263,199.1684210526316,19.27368421052632,3.0,4.0,4.0,6.210526315789474,11.736842105263158,0.4,1,2,0,1.105263157894737,1.497666052631579,1.5980923684210526,8.131578947368421,5.7368421052631575,233.42105263157896,23.18421052631579,38.0,1.3333333333333333,1.3333333333333333,2.3149766666666665,1.4366366666666668,8.666666666666666,5.666666666666667,176.33333333333334,16.666666666666668,2.3149766666666665,1.4366366666666668,8.666666666666666,5.666666666666667,176.33333333333334,16.666666666666668,15.0625,0.5759597288128232,0.0,0.0,-0.958333333333334,0.9363762102351314,-1.0,-1.0,0.5263157894736832,4.342105263157897,-0.0478567276964316,0.0,0.0,0.763157894736842,0.4272926315789473,0.2059029736842106,-0.3333333333333332,-1.8881899999999996,-0.88246,1.0,-12.0,-1.8881899999999996,-0.88246,1.0,-12.0,-0.4214066666666662,0.1005613333333335,-0.3333333333333321,-24.666666666666657,-0.4214066666666662,0.1005613333333335,-0.3333333333333321,-24.666666666666657,-0.4214066666666662,0.1005613333333335,-0.3333333333333321,-24.666666666666657,-0.0819269473684207,0.1426979894736844,1.0842105263157895,-11.52631578947367,1.0365024377726455,0.5359905923129293,0.2411957665408182,0.2228136411462523,0.313176951166677,0.7588042334591818,0.5359905923129293,0.2947948257721111,1.011816898956276,2,1607.7763402124444,1493.4049236129897,114.37141659945496,0.7317976996312189,draw,4.0,0.35867828,0.2411957665408182,0.11748251476640226,0.43471312522888184,False,-1.0,False,EPL 2025_88_89_2025-09-14 15:30:00|draw,"train=ALL|bet=EPL|outcome=draw|odds=[4.00,10.00)|fav=nonfavorite","train=ALL|bet=EPL|outcome=draw|odds=[4.00,10.00)|fav=nonfavorite"
EPL 2025_88_92_2025-09-27 14:00:00,2025-09-27 14:00:00,EPL,2025,88,Manchester City,92,Burnley,w,1.1227,3.0,0.718575,10.0,323.0,19.0,1.1227,3.0,0.718575,10.0,323.0,19.0,1.7513766666666666,6.666666666666667,1.4821216666666668,7.333333333333333,257.0,16.0,1.7513766666666666,6.666666666666667,1.4821216666666668,7.333333333333333,257.0,16.0,1.760132,7.2,1.2491902,6.0,239.0,17.2,1.760132,7.2,1.2491902,6.0,239.0,17.2,5.0,7.0,7.0,7.0,16.342105263157897,0.7,0,2,1,1.868421052631579,1.9249586842105264,1.392189394736842,11.342105263157896,5.2105263157894735,225.23684210526315,18.63157894736842,38.0,1.4,1.4,1.760132,1.2491902,7.2,6.0,239.0,17.2,1.760132,1.2491902,7.2,6.0,239.0,17.2,5.9375,0.7953948907473536,-0.0087553333333334,0.2329314666666668,1.17,8.36,14.45,92,Burnley,1.14159,4.0,0.830779,10.0,340.0,18.0,1.14159,4.0,0.830779,10.0,340.0,18.0,0.8786036666666668,2.333333333333333,2.5493563333333333,11.666666666666666,285.3333333333333,19.0,0.8786036666666668,2.333333333333333,2.5493563333333333,11.666666666666666,285.3333333333333,19.0,0.8747518,3.4,2.1495838,9.2,295.0,19.0,0.8747518,3.4,2.1495838,9.2,295.0,19.0,5.0,4.0,4.0,4.0,4.0,0.4,0,1,3,,,,,,,,,0.8,0.8,0.8747518,2.1495838,3.4,9.2,295.0,19.0,0.8747518,2.1495838,3.4,9.2,295.0,19.0,7.0,0.914545131335644,0.0038518666666668,0.3997725333333335,-1.0625,0.8482142857142857,3.0,3.0,3.0,12.342105263157896,-0.1191502405882903,-0.0126072000000002,-0.1668410666666666,,,,0.5999999999999999,-0.01889,0.112204,-1.0,17.0,-0.01889,0.112204,-1.0,17.0,0.8727729999999998,1.0672346666666666,4.333333333333334,28.333333333333314,0.8727729999999998,1.0672346666666666,4.333333333333334,28.333333333333314,0.8853802000000001,0.9003935999999999,3.8,56.0,0.8853802000000001,0.9003935999999999,3.8,56.0,1.0435222318303723,0.8190538051131706,0.1146283435385657,0.0663178513482636,0.752735953764907,0.8853716564614342,0.8190538051131706,0.7044254615746048,0.591719507500426,2,1615.5443319511378,1429.771169055358,185.7731628957797,0.8045194179475841,draw,8.36,0.28550532,0.11462834353856574,0.17087698106356133,1.386824513673782,False,-1.0,False,EPL 2025_88_92_2025-09-27 14:00:00|draw,"train=ALL|bet=EPL|outcome=draw|odds=[4.00,10.00)|fav=nonfavorite","train=ALL|bet=EPL|outcome=draw|odds=[4.00,10.00)|fav=nonfavorite"
EPL 2025_89_92_2025-08-30 14:00:00,2025-08-30 14:00:00,EPL,2025,89,Manchester United,92,Burnley,w,1.54603,11.0,1.65333,11.0,196.0,18.0,1.54603,11.0,1.65333,11.0,196.0,18.0,1.46128,9.0,1.491865,7.0,181.0,19.5,1.4734086842105265,8.710526315789474,1.5272741228070177,6.578947368421052,198.47368421052636,20.7280701754386,1.46128,9.0,1.491865,7.0,181.0,19.5,1.4831116315789474,8.478947368421052,1.5556014210526314,6.242105263157894,212.45263157894735,21.710526315789476,2.0,1.0,1.0,4.315789473684211,9.842105263157896,0.1,0,1,2,1.105263157894737,1.497666052631579,1.5980923684210526,8.131578947368421,5.7368421052631575,233.42105263157896,23.18421052631579,38.0,0.5,0.5,1.46128,1.491865,9.0,7.0,181.0,19.5,1.46128,1.491865,9.0,7.0,181.0,19.5,5.9375,0.3421657723563705,0.0,0.0,1.36,5.39,8.45,92,Burnley,1.00381,4.0,1.12127,4.0,324.0,21.0,1.00381,4.0,1.12127,4.0,324.0,21.0,0.868974,5.0,1.549925,5.5,309.5,19.0,0.868974,5.0,1.549925,5.5,309.5,19.0,0.868974,5.0,1.549925,5.5,309.5,19.0,0.868974,5.0,1.549925,5.5,309.5,19.0,2.0,3.0,3.0,3.0,3.0,0.3,1,1,0,,,,,,,,,1.5,1.5,0.868974,1.549925,5.0,5.5,309.5,19.0,0.868974,1.549925,5.0,5.5,309.5,19.0,7.0,1.7261736244547168,0.0,0.0,-1.0625,0.8482142857142857,-2.0,-2.0,1.3157894736842106,6.842105263157896,-1.3840078520983463,0.0,0.0,,,,-1.0,0.5422199999999999,-0.53206,7.0,128.0,0.5422199999999999,-0.53206,7.0,128.0,0.5923059999999999,0.05806,4.0,128.5,0.6044346842105263,0.0226508771929825,3.7105263157894735,111.02631578947368,0.5923059999999999,0.05806,4.0,128.5,0.6141376315789474,-0.0056764210526314,3.478947368421052,97.04736842105262,1.0391660698706593,0.7075809526176868,0.1785361958367447,0.1138828515455685,0.5936981010721183,0.8214638041632553,0.7075809526176868,0.5290447567809421,0.7997861371184051,2,1486.3363688739798,1441.4097927756754,44.9265760983044,0.6465722630495199,draw,5.39,0.2556026,0.17853619583674474,0.07706640235356288,0.37769800424575806,False,-1.0,False,EPL 2025_89_92_2025-08-30 14:00:00|draw,"train=ALL|bet=EPL|outcome=draw|odds=[4.00,10.00)|fav=nonfavorite","train=ALL|bet=EPL|outcome=draw|odds=[4.00,10.00)|fav=nonfavorite"
La_liga 2025_138_141_2025-11-24 20:00:00,2025-11-24 20:00:00,La_liga,2025,141,Espanyol,138,Sevilla,w,0.476157,5.0,1.47118,6.0,358.0,26.0,0.476157,5.0,1.47118,6.0,358.0,26.0,1.0741356666666666,7.333333333333333,1.5885666666666662,4.666666666666667,328.6666666666667,26.666666666666668,1.0741356666666666,7.333333333333333,1.5885666666666662,4.666666666666667,328.6666666666667,26.666666666666668,1.9509734,7.4,1.482892,5.6,318.6,23.8,1.9509734,7.4,1.482892,5.6,318.6,23.8,12.0,6.0,14.0,6.0,14.0,-0.1999999999999999,-2,0,2,1.105263157894737,1.0178171842105264,1.5532882631578948,3.657894736842105,8.210526315789474,295.8421052631579,19.07894736842105,38.0,1.5,1.5,1.8597405,1.4750541666666666,6.0,6.416666666666667,316.0,23.08333333333333,1.8597405,1.4750541666666666,6.0,6.416666666666667,316.0,23.08333333333333,16.0,0.6150775812099666,-0.7991838333333334,0.1435316666666661,2.08,3.38,3.89,138,Sevilla,1.22271,5.0,0.967352,6.0,186.0,25.0,1.22271,5.0,0.967352,6.0,186.0,25.0,0.615581,4.0,1.8658306666666669,7.333333333333333,204.0,22.0,0.615581,4.0,1.8658306666666669,7.333333333333333,204.0,22.0,1.1999446,4.2,2.0070684,6.8,200.2,22.8,1.1999446,4.2,2.0070684,6.8,200.2,22.8,12.0,6.0,16.0,6.0,16.0,-0.4000000000000001,1,1,0,1.0789473684210529,1.1870590263157894,1.3365819736842106,4.605263157894737,4.947368421052632,241.8421052631579,21.26315789473684,38.0,1.3333333333333333,1.3333333333333333,1.00074325,1.8364408333333333,4.916666666666667,6.5,205.0,24.58333333333333,1.00074325,1.8364408333333333,4.916666666666667,6.5,205.0,24.58333333333333,16.197916666666668,1.000046168631444,-0.42285425,-0.0393892083333331,-0.1979166666666678,0.9877813504823152,0.0,-2.0,0.0,-2.0,-0.3849685874214775,-0.3763295833333334,0.1829208749999993,0.0263157894736842,-0.169241842105263,-0.2167062894736842,0.1666666666666667,-0.746553,-0.5038279999999999,0.0,-172.0,-0.746553,-0.5038279999999999,0.0,-172.0,0.4585546666666665,0.2772640000000006,3.333333333333333,-124.66666666666669,0.4585546666666665,0.2772640000000006,3.333333333333333,-124.66666666666669,0.7510287999999998,0.5241764,3.2,-118.40000000000003,0.7510287999999998,0.5241764,3.2,-118.40000000000003,1.0336966276752713,0.4650970293387289,0.2862135565161409,0.2486894141451301,0.2164076151935987,0.7137864434838591,0.4650970293387289,0.1788834728225879,1.0601579837432578,2,1491.918481652523,1475.3943909643313,16.52409068819179,0.6083800884693555,draw,3.38,0.44233018,0.2862135565161409,0.15611662508252244,0.495076013803482,False,-1.0,False,La_liga 2025_138_141_2025-11-24 20:00:00|draw,"train=ALL|bet=La_liga|outcome=draw|odds=[2.20,4.00)|fav=nonfavorite","train=ALL|bet=La_liga|outcome=draw|odds=[2.20,4.00)|fav=nonfavorite"
La_liga 2025_138_145_2026-03-08 17:30:00,2026-03-08 17:30:00,La_liga,2025,138,Sevilla,145,Rayo Vallecano,d,0.656164,9.0,1.48441,3.0,294.0,18.0,0.656164,9.0,1.48441,3.0,294.0,18.0,0.4311973333333334,5.0,1.041593,3.333333333333333,221.0,24.33333333333333,0.4311973333333334,5.0,1.041593,3.333333333333333,221.0,24.33333333333333,0.6990038,5.8,1.7540457999999997,4.8,207.6,23.2,0.6990038,5.8,1.7540457999999997,4.8,207.6,23.2,26.0,6.0,10.0,6.0,10.0,0.1999999999999999,0,4,1,1.0789473684210529,1.1870590263157894,1.3365819736842106,4.605263157894737,4.947368421052632,241.8421052631579,21.26315789473684,38.0,1.1538461538461535,1.1538461538461535,1.0908689615384617,1.7665539999999995,5.423076923076923,5.5,195.92307692307693,24.192307692307693,1.0908689615384617,1.7665539999999995,5.423076923076923,5.5,195.92307692307693,24.192307692307693,7.0,1.7167288642159804,-0.5293264166666666,-0.7383893749999999,2.55,3.1,3.0,145,Rayo Vallecano,2.55086,8.0,1.01052,6.0,217.0,24.0,2.55086,8.0,1.01052,6.0,217.0,24.0,1.73794,6.333333333333333,1.1914856666666664,6.333333333333333,189.66666666666663,21.33333333333333,1.73794,6.333333333333333,1.1914856666666664,6.333333333333333,189.66666666666663,21.33333333333333,1.807292,6.0,1.3258781999999998,9.0,238.2,21.2,1.807292,6.0,1.3258781999999998,9.0,238.2,21.2,26.0,8.0,12.0,8.0,12.0,0.4000000000000001,1,4,0,1.368421052631579,1.3151005,1.503811210526316,4.868421052631579,5.526315789473684,210.10526315789477,24.605263157894736,38.0,1.1538461538461535,1.1538461538461535,1.5113550384615384,1.4919344230769231,4.961538461538462,6.346153846153846,204.0,22.384615384615383,1.5113550384615384,1.4919344230769231,4.961538461538462,6.346153846153846,204.0,22.384615384615383,3.9791666666666665,0.885302430278527,0.1033907499999999,-0.1782857083333335,3.020833333333333,1.7591623036649215,-2.0,-2.0,-2.0,-2.0,0.8314264339374534,-0.6327171666666666,-0.5601036666666663,-0.2894736842105263,-0.1280414736842106,0.1672292368421053,0.0,-1.894696,-0.4738899999999999,1.0,-77.0,-1.894696,-0.4738899999999999,1.0,-77.0,-1.3067426666666666,0.1498926666666664,-1.333333333333333,-31.333333333333343,-1.3067426666666666,0.1498926666666664,-1.333333333333333,-31.333333333333343,-1.1082882,-0.4281675999999998,-0.2000000000000001,30.599999999999994,-1.1082882,-0.4281675999999998,-0.2000000000000001,30.599999999999994,1.0480708412397215,0.3741701870850936,0.3077851538925769,0.3180446590223295,0.0561255280627641,0.6922148461074231,0.3741701870850936,0.0561255280627641,1.0948459512938338,1,1464.3007396843016,1499.72801811007,-35.42727842576846,0.5353041429116957,draw,3.1,0.5643998,0.30778515389257693,0.2566146249503491,0.7496393144130706,True,2.1,False,La_liga 2025_138_145_2026-03-08 17:30:00|draw,"train=ALL|bet=La_liga|outcome=draw|odds=[2.20,4.00)|fav=nonfavorite","train=ALL|bet=La_liga|outcome=draw|odds=[2.20,4.00)|fav=nonfavorite"
La_liga 2025_138_146_2025-12-07 15:15:00,2025-12-07 15:15:00,La_liga,2025,146,Valencia,138,Sevilla,d,0.897663,5.0,2.13298,4.0,266.0,14.0,0.897663,5.0,2.13298,4.0,266.0,14.0,1.499841,5.333333333333333,1.4655200000000004,5.333333333333333,262.0,18.666666666666668,1.499841,5.333333333333333,1.4655200000000004,5.333333333333333,262.0,18.666666666666668,1.0866270000000002,4.4,1.984016,8.4,272.4,18.8,1.0866270000000002,4.4,1.984016,8.4,272.4,18.8,14.0,5.0,10.0,5.0,10.0,0.0,0,3,1,1.2105263157894737,1.23450395,1.4681051842105262,4.157894736842105,5.605263157894737,262.7894736842105,20.57894736842105,38.0,1.0,1.0,1.1831225,1.6545219285714283,4.0,7.428571428571429,254.78571428571428,17.928571428571427,1.1831225,1.6545219285714283,4.0,7.428571428571429,254.78571428571428,17.928571428571427,5.802083333333333,0.9202789916097648,0.2871033749999998,-0.1766816249999996,2.16,3.5,3.51,138,Sevilla,0.735196,3.0,1.17861,4.0,93.0,22.0,0.735196,3.0,1.17861,4.0,93.0,22.0,1.252642,6.0,1.1040706666666666,4.333333333333333,126.33333333333331,20.666666666666668,1.252642,6.0,1.1040706666666666,4.333333333333333,126.33333333333331,20.666666666666668,0.8763918,5.0,1.5884704,5.8,161.0,20.6,0.8763918,5.0,1.5884704,5.8,161.0,20.6,14.0,3.0,12.0,3.0,12.0,-0.6,-2,0,2,1.0789473684210529,1.1870590263157894,1.3365819736842106,4.605263157894737,4.947368421052632,241.8421052631579,21.26315789473684,38.0,1.1428571428571428,1.1428571428571428,1.0388667857142857,1.7415821428571427,5.142857142857143,6.071428571428571,189.5,23.714285714285715,1.0388667857142857,1.7415821428571427,5.142857142857143,6.071428571428571,189.5,23.714285714285715,7.0,0.6846253009933171,0.1133249999999999,-0.6798208333333333,-1.197916666666667,0.8288690476190476,2.0,-2.0,2.0,-2.0,0.2356536906164478,0.1737783749999999,0.5031392083333337,0.131578947368421,0.0474449236842104,-0.1315232105263155,-0.1428571428571428,0.162467,-0.95437,2.0,-173.0,0.162467,-0.95437,2.0,-173.0,0.2471989999999999,-0.3614493333333337,-0.666666666666667,-135.66666666666669,0.2471989999999999,-0.3614493333333337,-0.666666666666667,-135.66666666666669,0.2102352000000001,-0.3955455999999999,-0.5999999999999996,-111.39999999999998,0.2102352000000001,-0.3955455999999999,-0.5999999999999996,-111.39999999999998,1.0335775335775337,0.4479228194526481,0.2764323685764914,0.2756448119708604,0.1722780074817877,0.7235676314235086,0.4479228194526481,0.1714904508761567,1.07038344487014,1,1489.6795343787842,1458.589453498035,31.09008088074916,0.6281659325581977,draw,3.5,0.4542333,0.27643236857649145,0.17780092018846216,0.5898165106773376,True,2.5,False,La_liga 2025_138_146_2025-12-07 15:15:00|draw,"train=ALL|bet=La_liga|outcome=draw|odds=[2.20,4.00)|fav=nonfavorite","train=ALL|bet=La_liga|outcome=draw|odds=[2.20,4.00)|fav=nonfavorite"
La_liga 2025_138_151_2026-01-04 13:00:00,2026-01-04 13:00:00,La_liga,2025,138,Sevilla,151,Levante,l,1.51418,9.0,4.00139,10.0,296.0,24.0,1.51418,9.0,4.00139,10.0,296.0,24.0,1.4895493333333334,4.666666666666667,1.8857916666666668,4.0,244.0,23.666666666666668,1.4895493333333334,4.666666666666667,1.8857916666666668,4.0,244.0,23.666666666666668,1.4007728,5.4,1.6004469999999995,3.8,185.0,21.6,1.4007728,5.4,1.6004469999999995,3.8,185.0,21.6,17.0,4.0,10.0,4.0,10.0,-0.1999999999999999,-1,0,1,1.0789473684210529,1.1870590263157894,1.3365819736842106,4.605263157894737,4.947368421052632,241.8421052631579,21.26315789473684,38.0,1.1764705882352942,1.1764705882352942,1.118399,1.767030882352941,5.0588235294117645,5.705882352941177,199.11764705882356,23.705882352941178,1.118399,1.767030882352941,5.0588235294117645,5.705882352941177,199.11764705882356,23.705882352941178,14.708333333333334,0.5711133167961123,0.3832234583333334,0.1858257916666668,1.78,3.83,4.73,151,Levante,1.22005,3.0,1.62986,6.0,267.0,26.0,1.22005,3.0,1.62986,6.0,267.0,26.0,0.9891856666666669,3.0,2.062793333333333,6.666666666666667,197.0,21.666666666666668,0.9891856666666669,3.0,2.062793333333333,6.666666666666667,197.0,21.666666666666668,0.9865874,3.4,2.17495,9.0,243.4,20.6,0.9865874,3.4,2.17495,9.0,243.4,20.6,16.0,1.0,6.0,1.0,6.0,-0.3999999999999999,0,1,8,,,,,,,,,0.625,0.625,1.4996561875,1.965432625,5.0,9.5,270.375,20.6875,1.4996561875,1.965432625,5.0,9.5,270.375,20.6875,14.90625,0.2027189886668491,-0.1942963333333334,-0.0872641666666669,-0.197916666666666,0.986722571628232,3.0,4.0,3.0,4.0,0.3683943281292631,0.5775197916666668,0.2730899583333337,,,,0.5514705882352942,0.29413,-2.37153,6.0,-29.0,0.29413,-2.37153,6.0,-29.0,0.5003636666666667,0.1770016666666662,1.666666666666667,-47.0,0.5003636666666667,0.1770016666666662,1.666666666666667,-47.0,0.4141853999999999,0.5745030000000002,2.0000000000000004,58.400000000000006,0.4141853999999999,0.5745030000000002,2.0000000000000004,58.400000000000006,1.034310849039372,0.5431614232131132,0.2524353350703241,0.2044032417165626,0.3387581814965505,0.7475646649296759,0.5431614232131132,0.2907260881427891,1.0035433695284048,0,1465.7505236357729,1433.8790335214926,31.87149011428028,0.629215974770177,draw,3.83,0.4063703,0.2524353350703241,0.153934976905155,0.556398294866085,False,-1.0,False,La_liga 2025_138_151_2026-01-04 13:00:00|draw,"train=ALL|bet=La_liga|outcome=draw|odds=[2.20,4.00)|fav=nonfavorite","train=ALL|bet=La_liga|outcome=draw|odds=[2.20,4.00)|fav=nonfavorite"
La_liga 2025_138_153_2026-03-01 17:30:00,2026-03-01 17:30:00,La_liga,2025,153,Real Betis,138,Sevilla,d,2.13548,9.0,1.30345,7.0,291.0,20.0,2.13548,9.0,1.30345,7.0,291.0,20.0,1.674576,6.0,0.8867640000000003,6.666666666666667,329.0,10.333333333333334,1.674576,6.0,0.8867640000000003,6.666666666666667,329.0,10.333333333333334,1.7958355999999998,5.2,1.2436104,6.0,284.6,18.8,1.7958355999999998,5.2,1.2436104,6.0,284.6,18.8,25.0,10.0,18.0,10.0,18.0,0.1999999999999999,0,4,1,1.5789473684210529,1.5997800263157895,1.3613451578947369,6.973684210526316,5.2105263157894735,241.6578947368421,23.23684210526316,38.0,1.68,1.68,1.71711092,1.345925,7.4,5.4,274.92,21.72,1.71711092,1.345925,7.4,5.4,274.92,21.72,8.09375,1.113687689328167,-0.0768491249999998,-0.5400712499999996,1.75,3.8,4.5,138,Sevilla,0.283172,3.0,0.250539,1.0,95.0,32.0,0.283172,3.0,0.250539,1.0,95.0,32.0,0.5318916666666668,4.333333333333333,1.4141196666666664,5.333333333333333,207.0,25.33333333333333,0.5318916666666668,4.333333333333333,1.4141196666666664,5.333333333333333,207.0,25.33333333333333,0.853881,4.8,1.8396818,6.4,179.2,25.4,0.853881,4.8,1.8396818,6.4,179.2,25.4,25.0,8.0,12.0,8.0,12.0,0.4000000000000001,1,3,0,1.0789473684210529,1.1870590263157894,1.3365819736842106,4.605263157894737,4.947368421052632,241.8421052631579,21.26315789473684,38.0,1.16,1.16,1.10825716,1.77783976,5.28,5.6,192.0,24.44,1.10825716,1.77783976,5.28,5.6,192.0,24.44,7.1875,1.8737974022436856,-0.5548140833333332,-0.3866889583333335,0.90625,1.126086956521739,2.0,6.0,2.0,6.0,-0.7601097129155185,0.4779649583333333,-0.153382291666666,0.5,0.4127210000000001,-0.0247631842105262,0.52,1.852308,-1.052911,6.0,-196.0,1.852308,-1.052911,6.0,-196.0,1.1426843333333334,0.5273556666666661,1.666666666666667,-122.0,1.1426843333333334,0.5273556666666661,1.666666666666667,-122.0,0.9419545999999998,0.5960713999999998,0.4000000000000003,-105.40000000000003,0.9419545999999998,0.5960713999999998,0.4000000000000003,-105.40000000000003,1.0568086883876355,0.540711462450593,0.2490118577075099,0.2102766798418972,0.3304347826086957,0.7509881422924901,0.540711462450593,0.2916996047430831,1.0065478635965368,1,1585.9225714293552,1459.39458415062,126.52798727873528,0.7453077766840824,draw,3.8,0.49982107,0.24901185770750986,0.2508092091488744,0.8993200540542601,True,2.8,False,La_liga 2025_138_153_2026-03-01 17:30:00|draw,"train=ALL|bet=La_liga|outcome=draw|odds=[2.20,4.00)|fav=nonfavorite","train=ALL|bet=La_liga|outcome=draw|odds=[2.20,4.00)|fav=nonfavorite"
La_liga 2025_138_154_2025-09-23 19:30:00,2025-09-23 19:30:00,La_liga,2025,138,Sevilla,154,Villarreal,l,0.891992,4.0,0.910257,4.0,196.0,25.0,0.891992,4.0,0.910257,4.0,196.0,25.0,0.952903,5.0,1.233496,4.666666666666667,228.33333333333331,28.0,0.952903,5.0,1.233496,4.666666666666667,228.33333333333331,28.0,0.9186858,4.6,1.5411576,6.0,196.6,25.8,0.9186858,4.6,1.5411576,6.0,196.6,25.8,5.0,7.0,7.0,7.0,12.394736842105264,0.7,1,3,0,1.0789473684210529,1.1870590263157894,1.3365819736842106,4.605263157894737,4.947368421052632,241.8421052631579,21.26315789473684,38.0,1.4,1.4,0.9186858,1.5411576,4.6,6.0,196.6,25.8,0.9186858,1.5411576,4.6,6.0,196.6,25.8,3.125,1.523916010996596,0.0342171999999999,-0.3076616000000001,3.19,3.39,2.35,154,Villarreal,3.56395,13.0,1.95599,5.0,158.0,24.0,3.56395,13.0,1.95599,5.0,158.0,24.0,1.733969,7.666666666666667,1.4475436666666666,6.333333333333333,313.0,20.0,1.733969,7.666666666666667,1.4475436666666666,6.333333333333333,313.0,20.0,2.1572734,11.0,1.0677356,4.6,292.4,20.8,2.1572734,11.0,1.0677356,4.6,292.4,20.8,5.0,10.0,10.0,10.0,19.210526315789476,1.0,1,1,0,1.8421052631578947,1.948764947368421,1.3552341842105264,7.947368421052632,6.105263157894737,267.2631578947368,19.94736842105263,38.0,2.0,2.0,2.1572734,1.0677356,11.0,4.6,292.4,20.8,2.1572734,1.0677356,11.0,4.6,292.4,20.8,3.125,0.9270962131246696,-0.4233044000000001,0.3798080666666665,0.0,1.0,-3.0,-3.0,-3.0,-6.815789473684209,0.5968197978719265,0.4575216000000001,-0.6874696666666666,-0.763157894736842,-0.7617059210526316,0.0186522105263158,-0.6000000000000001,-2.671958,1.0457329999999998,-9.0,-38.0,-2.671958,1.0457329999999998,-9.0,-38.0,-0.781066,0.2140476666666666,-2.666666666666667,84.66666666666666,-0.781066,0.2140476666666666,-2.666666666666667,84.66666666666666,-1.2385876000000002,-0.473422,-6.4,95.79999999999998,-1.2385876000000002,-0.473422,-6.4,95.79999999999998,1.0339967894555315,0.3031727245396182,0.2852864281066023,0.4115408473537795,-0.1083681228141613,0.7147135718933977,0.4115408473537795,0.1083681228141613,1.0850313887154222,0,1473.6868069576326,1594.0789332256732,-120.39212626804056,0.4139536128291406,draw,3.39,0.446795,0.2852864281066023,0.1615085586182512,0.5146350049972535,False,-1.0,False,La_liga 2025_138_154_2025-09-23 19:30:00|draw,"train=ALL|bet=La_liga|outcome=draw|odds=[2.20,4.00)|fav=nonfavorite","train=ALL|bet=La_liga|outcome=draw|odds=[2.20,4.00)|fav=nonfavorite"
La_liga 2025_138_158_2026-02-14 17:30:00,2026-02-14 17:30:00,La_liga,2025,138,Sevilla,158,Alaves,d,0.958247,7.0,2.60199,9.0,252.0,21.0,0.958247,7.0,2.60199,9.0,252.0,21.0,1.2106590000000002,6.0,2.5193466666666664,8.333333333333334,175.66666666666666,24.0,1.2106590000000002,6.0,2.5193466666666664,8.333333333333334,175.66666666666666,24.0,1.2781196,6.6,2.2230160000000003,7.2,176.0,26.4,1.2781196,6.6,2.2230160000000003,7.2,176.0,26.4,23.0,5.0,9.0,5.0,9.0,0.0999999999999999,0,1,2,1.0789473684210529,1.1870590263157894,1.3365819736842106,4.605263157894737,4.947368421052632,241.8421052631579,21.26315789473684,38.0,1.0869565217391304,1.0869565217391304,1.1769130869565216,1.8611141304347825,5.478260869565218,5.782608695652174,192.65217391304347,24.17391304347826,1.1769130869565216,1.8611141304347825,5.478260869565218,5.782608695652174,192.65217391304347,24.17391304347826,6.09375,0.7823993934867443,-0.2755144999999999,0.3712885416666664,2.1,3.1,3.6,158,Alaves,3.01162,2.0,1.7859,6.0,118.0,29.0,3.01162,2.0,1.7859,6.0,118.0,29.0,2.0017066666666667,3.333333333333333,1.5911600000000004,4.0,209.66666666666663,26.33333333333333,2.0017066666666667,3.333333333333333,1.5911600000000004,4.0,209.66666666666663,26.33333333333333,1.6119464,2.6,1.5862,7.0,237.2,24.8,1.6119464,2.6,1.5862,7.0,237.2,24.8,23.0,6.0,10.0,6.0,10.0,0.1999999999999999,-1,0,1,1.105263157894737,1.2204456315789474,1.3549818684210526,4.0,4.2368421052631575,247.07894736842104,26.13157894736842,38.0,1.0869565217391304,1.0869565217391304,1.402183260869565,1.4103324782608695,3.260869565217391,5.695652173913044,237.34782608695653,24.782608695652176,1.402183260869565,1.4103324782608695,3.260869565217391,5.695652173913044,237.34782608695653,24.782608695652176,6.1875,0.7444416265026627,0.5443362916666667,-0.3398487499999998,-0.09375,0.9848484848484848,-1.0,-1.0,-1.0,-1.0,0.0379577669840816,-0.8198507916666666,0.7111372916666663,-0.0263157894736842,-0.0333866052631579,0.018399894736842,0.0,-2.053373,-0.8160899999999998,5.0,-134.0,-2.053373,-0.8160899999999998,5.0,-134.0,-0.7910476666666666,-0.928186666666666,2.6666666666666665,34.0,-0.7910476666666666,-0.928186666666666,2.6666666666666665,34.0,-0.3338268000000002,-0.6368160000000003,4.0,61.19999999999999,-0.3338268000000002,-0.6368160000000003,4.0,61.19999999999999,1.0765488991295444,0.4423305588585017,0.2996432818073721,0.258026159334126,0.1843043995243756,0.7003567181926278,0.4423305588585017,0.1426872770511295,1.0714735035392158,1,1448.316230828453,1463.3612799121613,-15.045049083708363,0.5643367338568893,draw,3.1,0.5008018,0.29964328180737215,0.2011585198741464,0.5524855852127075,True,2.1,False,La_liga 2025_138_158_2026-02-14 17:30:00|draw,"train=ALL|bet=La_liga|outcome=draw|odds=[2.20,4.00)|fav=nonfavorite","train=ALL|bet=La_liga|outcome=draw|odds=[2.20,4.00)|fav=nonfavorite"
La_liga 2025_138_207_2026-01-19 20:00:00,2026-01-19 20:00:00,La_liga,2025,207,Elche,138,Sevilla,d,0.244413,5.0,2.04147,5.0,150.0,20.0,0.244413,5.0,2.04147,5.0,150.0,20.0,1.811854333333333,7.0,1.9419,5.666666666666667,156.66666666666666,23.0,1.811854333333333,7.0,1.9419,5.666666666666667,156.66666666666666,23.0,1.4684734,6.4,1.8375486,4.2,181.2,25.0,1.4684734,6.4,1.8375486,4.2,181.2,25.0,19.0,7.0,9.0,7.0,9.0,0.4999999999999999,0,1,2,,,,,,,,,1.2105263157894737,1.2105263157894737,1.238118052631579,1.6410781578947369,5.473684210526316,5.526315789473684,183.57894736842104,21.05263157894737,1.238118052631579,1.6410781578947369,5.473684210526316,5.526315789473684,183.57894736842104,21.05263157894737,9.0,0.9533710313100162,0.5375108333333329,-0.0434741250000001,2.25,3.3,3.25,138,Sevilla,0.262521,5.0,2.07629,3.0,197.0,27.0,0.262521,5.0,2.07629,3.0,197.0,27.0,1.1474403333333336,7.0,2.576233333333333,4.333333333333333,219.66666666666663,24.0,1.1474403333333336,7.0,2.576233333333333,4.333333333333333,219.66666666666663,24.0,1.2793578,5.2,1.876937,3.0,219.0,23.8,1.2793578,5.2,1.876937,3.0,219.0,23.8,19.0,4.0,7.0,4.0,7.0,0.1,-3,0,3,1.0789473684210529,1.1870590263157894,1.3365819736842106,4.605263157894737,4.947368421052632,241.8421052631579,21.26315789473684,38.0,1.0526315789473684,1.0526315789473684,1.102153894736842,1.777201842105263,5.157894736842105,5.2631578947368425,197.26315789473685,23.73684210526316,1.102153894736842,1.777201842105263,5.157894736842105,5.2631578947368425,197.26315789473685,23.73684210526316,7.0,0.6253137315260338,-0.1218990416666665,0.9891212083333332,2.0,1.2857142857142858,3.0,2.0,3.0,2.0,0.3280572997839824,0.6594098749999995,-1.0325953333333333,,,,0.1578947368421053,-0.018108,0.0348200000000002,0.0,47.0,-0.018108,0.0348200000000002,0.0,47.0,0.6644139999999994,0.6343333333333334,0.0,63.0,0.6644139999999994,0.6343333333333334,0.0,63.0,0.1891155999999998,0.0393883999999999,1.2000000000000002,37.80000000000001,0.1891155999999998,0.0393883999999999,1.2000000000000002,37.80000000000001,1.0551670551670551,0.4212076583210604,0.2871870397643594,0.2916053019145803,0.1296023564064801,0.7128129602356406,0.4212076583210604,0.1296023564064801,1.0818502234468752,1,1473.4650830381622,1443.9193532602244,29.545729777937822,0.6260871093897731,draw,3.3,0.51218885,0.2871870397643594,0.22500181206898412,0.6902232110500335,True,2.3,False,La_liga 2025_138_207_2026-01-19 20:00:00|draw,"train=ALL|bet=La_liga|outcome=draw|odds=[2.20,4.00)|fav=nonfavorite","train=ALL|bet=La_liga|outcome=draw|odds=[2.20,4.00)|fav=nonfavorite"
La_liga 2025_138_223_2026-02-08 15:15:00,2026-02-08 15:15:00,La_liga,2025,138,Sevilla,223,Girona,d,1.24318,7.0,3.04346,5.0,123.0,22.0,1.24318,7.0,3.04346,5.0,123.0,22.0,1.723276666666667,7.0,2.1456,8.0,143.66666666666666,28.0,1.723276666666667,7.0,2.1456,8.0,143.66666666666666,28.0,1.4195942,6.6,2.0328220000000004,5.4,158.8,26.4,1.4195942,6.6,2.0328220000000004,5.4,158.8,26.4,22.0,4.0,8.0,4.0,8.0,0.0,-1,0,1,1.0789473684210529,1.1870590263157894,1.3365819736842106,4.605263157894737,4.947368421052632,241.8421052631579,21.26315789473684,38.0,1.0909090909090908,1.0909090909090908,1.1868524545454546,1.8274379545454544,5.409090909090909,5.636363636363637,189.95454545454547,24.318181818181817,1.1868524545454546,1.8274379545454544,5.409090909090909,5.636363636363637,189.95454545454547,24.318181818181817,5.802083333333333,0.5635413274351865,0.2774492916666671,0.167914375,2.15,3.3,3.5,223,Girona,0.664225,7.0,1.26601,4.0,136.0,26.0,0.664225,7.0,1.26601,4.0,136.0,26.0,1.1679016666666666,5.666666666666667,1.2140966666666666,3.333333333333333,169.0,26.33333333333333,1.1679016666666666,5.666666666666667,1.2140966666666666,3.333333333333333,169.0,26.33333333333333,1.1889738,6.4,1.270482,4.8,205.4,24.8,1.1889738,6.4,1.270482,4.8,205.4,24.8,22.0,10.0,15.0,10.0,15.0,0.5,-1,0,2,1.0789473684210529,1.2174049684210526,1.4838224815789474,6.078947368421052,5.7368421052631575,230.5,21.31578947368421,38.0,1.1363636363636365,1.1363636363636365,1.189619818181818,1.8835252727272729,5.227272727272728,7.318181818181818,252.6818181818182,18.818181818181817,1.189619818181818,1.8835252727272729,5.227272727272728,7.318181818181818,252.6818181818182,18.818181818181817,8.09375,1.6821228522138798,0.0415889166666667,-0.0650333333333332,-2.291666666666667,0.7168597168597168,-6.0,-7.0,-6.0,-7.0,-1.1185815247786932,0.2358603750000003,0.2329477083333333,0.0,-0.0303459421052632,0.1472405078947367,-0.0454545454545456,0.578955,-1.77745,0.0,13.0,0.578955,-1.77745,0.0,13.0,0.5553750000000004,-0.9315033333333332,1.333333333333333,25.333333333333343,0.5553750000000004,-0.9315033333333332,1.333333333333333,25.333333333333343,0.2306204,-0.7623400000000005,0.1999999999999993,46.6,0.2306204,-0.7623400000000005,0.1999999999999993,46.6,1.0538608678143562,0.4413450515857852,0.2875429881543752,0.2711119602598395,0.1702330913259457,0.7124570118456248,0.4413450515857852,0.15380206343141,1.0732389400499558,1,1449.0837048770763,1482.3663862180754,-33.282681340999034,0.5383737024311698,draw,3.3,0.4635308,0.28754298815437523,0.17598782053283485,0.5296516686677932,True,2.3,False,La_liga 2025_138_223_2026-02-08 15:15:00|draw,"train=ALL|bet=La_liga|outcome=draw|odds=[2.20,4.00)|fav=nonfavorite","train=ALL|bet=La_liga|outcome=draw|odds=[2.20,4.00)|fav=nonfavorite"
La_liga 2025_140_143_2026-03-07 17:30:00,2026-03-07 17:30:00,La_liga,2025,143,Atletico Madrid,140,Real Sociedad,w,0.853142,7.0,1.50089,4.0,205.0,17.0,0.853142,7.0,1.50089,4.0,205.0,17.0,1.630622,8.0,1.7651066666666668,3.6666666666666665,221.33333333333331,20.33333333333333,1.630622,8.0,1.7651066666666668,3.6666666666666665,221.33333333333331,20.33333333333333,1.2265348,8.2,1.3092496,3.0,226.0,20.6,1.2265348,8.2,1.3092496,3.0,226.0,20.6,26.0,7.0,20.0,7.0,20.0,-0.6000000000000001,2,2,0,2.0,1.903198710526316,1.0147724552631578,8.0,5.078947368421052,262.3684210526316,19.289473684210527,38.0,1.9615384615384612,1.9615384615384612,1.7373912692307694,1.1940792692307691,9.192307692307692,4.307692307692308,237.5,22.23076923076923,1.7373912692307694,1.1940792692307691,9.192307692307692,4.307692307692308,237.5,22.23076923076923,6.895833333333333,1.1414270510479725,0.2924677499999999,0.5362727916666667,1.62,3.9,5.25,140,Real Sociedad,0.929702,3.0,0.754182,5.0,266.0,28.0,0.929702,3.0,0.754182,5.0,266.0,28.0,1.7882473333333333,4.0,1.8547473333333333,4.333333333333333,247.0,23.666666666666668,1.7882473333333333,4.0,1.8547473333333333,4.333333333333333,247.0,23.666666666666668,1.7444844,3.6,1.5089272,5.2,254.2,23.0,1.7444844,3.6,1.5089272,5.2,254.2,23.0,26.0,8.0,19.0,8.0,19.0,-0.2999999999999998,1,2,0,1.2105263157894737,1.2606726657894738,1.2943115263157896,5.421052631578948,4.894736842105263,199.3947368421053,22.894736842105264,38.0,1.3461538461538465,1.3461538461538465,1.5806546923076925,1.466468653846154,5.923076923076923,6.5,238.3846153846154,25.615384615384617,1.5806546923076925,1.466468653846154,5.923076923076923,6.5,238.3846153846154,25.615384615384617,7.0,0.9171764446942402,0.0764795833333331,0.1877143333333333,-0.1041666666666669,0.9851190476190476,-1.0,1.0,-1.0,1.0,0.2242506063537322,0.2159881666666667,0.3485584583333334,0.7894736842105263,0.6425260447368419,0.2795390710526317,0.6153846153846152,-0.07656,-0.746708,4.0,61.0,-0.07656,-0.746708,4.0,61.0,-0.1576253333333332,0.0896406666666664,4.0,25.666666666666657,-0.1576253333333332,0.0896406666666664,4.0,25.666666666666657,-0.5179495999999999,0.1996776,4.6,28.19999999999999,-0.5179495999999999,0.1996776,4.6,28.19999999999999,1.0641703975037309,0.5800611932687404,0.2409484956654768,0.1789903110657827,0.4010708822029576,0.7590515043345232,0.5800611932687404,0.3391126976032635,0.9667642262849256,2,1625.9920524251263,1521.9336817564351,104.05837066869115,0.7199867522422111,draw,3.9,0.4592255,0.24094849566547683,0.21827700992496202,0.7909794718027114,False,-1.0,False,La_liga 2025_140_143_2026-03-07 17:30:00|draw,"train=ALL|bet=La_liga|outcome=draw|odds=[2.20,4.00)|fav=nonfavorite","train=ALL|bet=La_liga|outcome=draw|odds=[2.20,4.00)|fav=nonfavorite"
La_liga 2025_140_147_2026-02-01 20:00:00,2026-02-01 20:00:00,La_liga,2025,147,Athletic Club,140,Real Sociedad,d,1.91259,11.0,1.43055,4.0,245.0,25.0,1.91259,11.0,1.43055,4.0,245.0,25.0,1.9163366666666664,10.666666666666666,1.804307,4.333333333333333,276.6666666666667,29.0,1.9163366666666664,10.666666666666666,1.804307,4.333333333333333,276.6666666666667,29.0,1.827488,8.8,1.6585297999999995,3.6,262.6,28.2,1.827488,8.8,1.6585297999999995,3.6,262.6,28.2,21.0,1.0,10.0,1.0,10.0,-0.8,-2,0,5,1.8421052631578947,1.571094736842105,1.1153668157894736,5.342105263157895,3.8157894736842106,280.42105263157896,24.31578947368421,38.0,1.1428571428571428,1.1428571428571428,1.506730619047619,1.236281,6.9523809523809526,4.095238095238095,271.1428571428572,26.761904761904763,1.506730619047619,1.236281,6.9523809523809526,4.095238095238095,271.1428571428572,26.761904761904763,8.104166666666666,0.1094398430950638,0.1601172916666664,0.2249952499999998,2.3,3.1,3.4,140,Real Sociedad,2.15496,6.0,1.63115,10.0,242.0,12.0,2.15496,6.0,1.63115,10.0,242.0,12.0,1.6572399999999998,5.333333333333333,1.9305426666666667,9.0,233.0,27.666666666666668,1.6572399999999998,5.333333333333333,1.9305426666666667,9.0,233.0,27.666666666666668,1.661614,6.2,1.6769856,7.0,239.8,27.0,1.661614,6.2,1.6769856,7.0,239.8,27.0,21.0,11.0,15.0,11.0,15.0,0.7000000000000002,3,5,0,1.2105263157894737,1.2606726657894738,1.2943115263157896,5.421052631578948,4.894736842105263,199.3947368421053,22.894736842105264,38.0,1.2857142857142858,1.2857142857142858,1.5416476190476192,1.4563594761904763,6.476190476190476,6.809523809523809,234.6190476190476,26.23809523809524,1.5416476190476192,1.4563594761904763,6.476190476190476,6.809523809523809,234.6190476190476,26.23809523809524,7.104166666666667,1.3240138803206984,0.1819387499999996,0.2965554166666666,0.9999999999999992,1.1407624633431084,-10.0,-5.0,-10.0,-5.0,-1.2145740372256346,-0.0218214583333331,-0.0715601666666667,0.631578947368421,0.3104220710526315,0.178944710526316,-0.142857142857143,-0.2423699999999999,0.2006000000000001,5.0,-3.0,-0.2423699999999999,0.2006000000000001,5.0,-3.0,0.2590966666666665,0.1262356666666668,5.333333333333333,-43.666666666666686,0.2590966666666665,0.1262356666666668,5.333333333333333,-43.666666666666686,0.1658739999999998,0.0184558000000003,2.6000000000000005,-22.80000000000001,0.1658739999999998,0.0184558000000003,2.6000000000000005,-22.80000000000001,1.0514809009157662,0.413495488426834,0.3067869752844252,0.2797175362887406,0.1337779521380934,0.6932130247155748,0.413495488426834,0.1067085131424088,1.0840145972617157,1,1520.2552226166144,1510.5700823701393,9.685140246475155,0.5989615055847199,draw,3.1,0.54904556,0.3067869752844252,0.2422585874597154,0.702041244506836,True,2.1,False,La_liga 2025_140_147_2026-02-01 20:00:00|draw,"train=ALL|bet=La_liga|outcome=draw|odds=[2.20,4.00)|fav=nonfavorite","train=ALL|bet=La_liga|outcome=draw|odds=[2.20,4.00)|fav=nonfavorite"
La_liga 2025_140_152_2026-01-25 17:30:00,2026-01-25 17:30:00,La_liga,2025,140,Real Sociedad,152,Celta Vigo,w,1.55875,6.0,3.92031,16.0,308.0,28.0,1.55875,6.0,3.92031,16.0,308.0,28.0,1.50775,6.333333333333333,1.844576,7.333333333333333,261.6666666666667,34.0,1.50775,6.333333333333333,1.844576,7.333333333333333,261.6666666666667,34.0,1.4353200000000002,7.6,1.5845436000000002,6.8,260.2,32.0,1.4353200000000002,7.6,1.5845436000000002,6.8,260.2,32.0,20.0,8.0,15.0,8.0,15.0,0.1,2,4,0,1.2105263157894737,1.2606726657894738,1.2943115263157896,5.421052631578948,4.894736842105263,199.3947368421053,22.894736842105264,38.0,1.2,1.2,1.5109819999999998,1.44761995,6.5,6.65,234.25,26.95,1.5109819999999998,1.44761995,6.5,6.65,234.25,26.95,6.895833333333333,1.1147339964447325,0.0811362499999999,0.2545274999999998,2.0,3.4,3.9,152,Celta Vigo,1.90274,9.0,1.31932,4.0,257.0,20.0,1.90274,9.0,1.31932,4.0,257.0,20.0,2.189773333333333,6.0,1.1249336666666667,5.333333333333333,293.6666666666667,19.33333333333333,2.189773333333333,6.0,1.1249336666666667,5.333333333333333,293.6666666666667,19.33333333333333,1.8280138,4.6,1.1115884,5.0,286.0,19.0,1.8280138,4.6,1.1115884,5.0,286.0,19.0,20.0,13.0,22.0,13.0,22.0,0.3999999999999999,3,6,0,1.4473684210526316,1.5381565526315788,1.324016342105263,7.078947368421052,4.7105263157894735,255.92105263157896,21.73684210526316,38.0,1.6,1.6,1.35125905,1.466151,6.8,5.8,264.8,20.4,1.35125905,1.466151,6.8,5.8,264.8,20.4,7.0,1.4223087373386012,0.6012444583333332,0.0149842916666667,-0.1041666666666669,0.9851190476190476,-5.0,-7.0,-5.0,-7.0,-0.3075747408938689,-0.5201082083333333,0.2395432083333331,-0.2368421052631579,-0.277483886842105,0.0297048157894734,-0.4000000000000001,-0.34399,-2.6009900000000004,-3.0,-51.0,-0.34399,-2.6009900000000004,-3.0,-51.0,-0.6820233333333332,-0.7196423333333333,0.333333333333333,32.0,-0.6820233333333332,-0.7196423333333333,0.333333333333333,32.0,-0.3926938,-0.4729552000000001,3.0,25.80000000000001,-0.3926938,-0.4729552000000001,3.0,25.80000000000001,1.05052790346908,0.475951184493898,0.2799712849964106,0.2440775305096913,0.2318736539842067,0.7200287150035893,0.475951184493898,0.1959798994974874,1.0540028009593194,2,1500.7184886491546,1555.5619478162946,-54.84345916714005,0.5074203139507643,draw,3.4,0.47071534,0.2799712849964106,0.19074405895576835,0.6004321694374084,False,-1.0,False,La_liga 2025_140_152_2026-01-25 17:30:00|draw,"train=ALL|bet=La_liga|outcome=draw|odds=[2.20,4.00)|fav=nonfavorite","train=ALL|bet=La_liga|outcome=draw|odds=[2.20,4.00)|fav=nonfavorite"
La_liga 2025_140_158_2025-12-06 15:15:00,2025-12-06 15:15:00,La_liga,2025,158,Alaves,140,Real Sociedad,w,2.09256,3.0,2.51096,11.0,406.0,26.0,2.09256,3.0,2.51096,11.0,406.0,26.0,1.468626666666667,3.333333333333333,1.6993733333333332,5.666666666666667,330.6666666666667,26.0,1.468626666666667,3.333333333333333,1.6993733333333332,5.666666666666667,330.6666666666667,26.0,1.600184,3.2,1.538132,6.6,280.4,24.6,1.600184,3.2,1.538132,6.6,280.4,24.6,14.0,3.0,8.0,3.0,8.0,-0.2,-3,0,3,1.105263157894737,1.2204456315789474,1.3549818684210526,4.0,4.2368421052631575,247.07894736842104,26.13157894736842,38.0,1.0714285714285714,1.0714285714285714,1.3359715714285714,1.1350162142857143,3.357142857142857,5.285714285714286,237.78571428571428,25.428571428571427,1.3359715714285714,1.1350162142857143,3.357142857142857,5.285714285714286,237.78571428571428,25.428571428571427,7.0,0.3749568799119405,-0.0906489583333332,0.4852554583333333,2.8,3.05,2.88,140,Real Sociedad,1.3715,2.0,1.63038,7.0,204.0,38.0,1.3715,2.0,1.63038,7.0,204.0,38.0,1.53639,5.666666666666667,1.239442333333333,7.333333333333333,228.0,27.0,1.53639,5.666666666666667,1.239442333333333,7.333333333333333,228.0,27.0,1.6188380000000002,4.8,1.0193186,6.8,222.2,28.4,1.6188380000000002,4.8,1.0193186,6.8,222.2,28.4,14.0,10.0,14.0,10.0,14.0,0.6000000000000001,-1,0,1,1.2105263157894737,1.2606726657894738,1.2943115263157896,5.421052631578948,4.894736842105263,199.3947368421053,22.894736842105264,38.0,1.1428571428571428,1.1428571428571428,1.5674064285714286,1.3672879285714286,6.357142857142857,6.714285714285714,228.42857142857144,25.142857142857142,1.5674064285714286,1.3672879285714286,6.357142857142857,6.714285714285714,228.42857142857144,25.142857142857142,6.09375,1.2354540724599428,0.0419041249999998,0.0509418333333333,0.90625,1.1487179487179486,-7.0,-6.0,-7.0,-6.0,-0.8604971925480023,-0.132553083333333,0.4343136249999999,-0.1052631578947367,-0.0402270342105264,-0.060670342105263,-0.0714285714285714,0.7210600000000003,-0.8805799999999999,1.0,-202.0,0.7210600000000003,-0.8805799999999999,1.0,-202.0,-0.0677633333333329,-0.4599309999999998,-2.333333333333333,-102.66666666666669,-0.0677633333333329,-0.4599309999999998,-2.333333333333333,-102.66666666666669,-0.0186540000000001,-0.5188134,-1.5999999999999996,-58.19999999999999,-0.0186540000000001,-0.5188134,-1.5999999999999996,-58.19999999999999,1.0322339318240958,0.3459902316054828,0.3176303765558532,0.3363793918386639,0.0096108397668189,0.6823696234441468,0.3459902316054828,0.0096108397668189,1.0979852792917064,2,1466.352555625312,1492.4809563915262,-26.1284007662141,0.5485913040661506,draw,3.05,0.5377637,0.3176303765558532,0.22013333823449105,0.6401793301105498,False,-1.0,False,La_liga 2025_140_158_2025-12-06 15:15:00|draw,"train=ALL|bet=La_liga|outcome=draw|odds=[2.20,4.00)|fav=nonfavorite","train=ALL|bet=La_liga|outcome=draw|odds=[2.20,4.00)|fav=nonfavorite"
La_liga 2025_140_207_2025-11-07 20:00:00,2025-11-07 20:00:00,La_liga,2025,207,Elche,140,Real Sociedad,d,0.549079,4.0,2.8073,8.0,241.0,28.0,0.549079,4.0,2.8073,8.0,241.0,28.0,0.8290449999999997,5.333333333333333,1.5836446666666666,7.333333333333333,174.0,22.33333333333333,0.8290449999999997,5.333333333333333,1.5836446666666666,7.333333333333333,174.0,22.33333333333333,1.4369264000000002,5.2,1.6846664,6.6,187.8,20.6,1.4369264000000002,5.2,1.6846664,6.6,187.8,20.6,11.0,4.0,13.0,4.0,13.0,-0.5,-2,0,4,,,,,,,,,1.2727272727272727,1.2727272727272727,1.2117722727272726,1.390681090909091,4.454545454545454,6.181818181818182,190.1818181818182,20.545454545454547,1.2117722727272726,1.390681090909091,4.454545454545454,6.181818181818182,190.1818181818182,20.545454545454547,5.104166666666667,0.5567438943905904,-0.4949103750000002,0.2023172916666666,2.79,3.24,2.77,140,Real Sociedad,1.8412,4.0,1.13112,7.0,188.0,23.0,1.8412,4.0,1.13112,7.0,188.0,23.0,1.8735466666666667,5.666666666666667,0.6985443333333333,4.666666666666667,220.66666666666663,31.33333333333333,1.8735466666666667,5.666666666666667,0.6985443333333333,4.666666666666667,220.66666666666663,31.33333333333333,1.4693434,5.6,1.1579354,7.0,253.4,25.4,1.4693434,5.6,1.1579354,7.0,253.4,25.4,11.0,7.0,11.0,7.0,11.0,0.2999999999999998,2,3,0,1.2105263157894737,1.2606726657894738,1.2943115263157896,5.421052631578948,4.894736842105263,199.3947368421053,22.894736842105264,38.0,1.0909090909090908,1.0909090909090908,1.5758654545454542,1.4021549090909091,6.545454545454546,6.545454545454546,228.54545454545453,24.63636363636364,1.5758654545454542,1.4021549090909091,6.545454545454546,6.545454545454546,228.54545454545453,24.63636363636364,6.104166666666667,0.9528065391721492,0.1323366666666667,-0.7399949166666665,-1.0,0.8361774744027304,-3.0,2.0,-3.0,2.0,-0.3960626447815587,-0.627247041666667,0.9423122083333332,,,,0.1818181818181818,-1.292121,-1.6761800000000002,0.0,-53.0,-1.292121,-1.6761800000000002,0.0,-53.0,-1.044501666666667,-0.8851003333333333,-0.3333333333333339,46.66666666666666,-1.044501666666667,-0.8851003333333333,-0.3333333333333339,46.66666666666666,-0.0324169999999999,-0.5267310000000001,-0.3999999999999994,65.6,-0.0324169999999999,-0.5267310000000001,-0.3999999999999994,65.6,1.0280757447016522,0.3486347585917561,0.300213264342901,0.3511519770653428,-0.0025172184735867,0.699786735657099,0.3511519770653428,0.0025172184735867,1.0960955676341193,1,1475.8745692876864,1487.5158696466187,-11.641300358932313,0.5691478014181026,draw,3.24,0.52194464,0.300213264342901,0.22173137772405455,0.6911006402969362,True,2.24,False,La_liga 2025_140_207_2025-11-07 20:00:00|draw,"train=ALL|bet=La_liga|outcome=draw|odds=[2.20,4.00)|fav=nonfavorite","train=ALL|bet=La_liga|outcome=draw|odds=[2.20,4.00)|fav=nonfavorite"
La_liga 2025_140_223_2025-12-12 20:00:00,2025-12-12 20:00:00,La_liga,2025,140,Real Sociedad,223,Girona,l,1.09935,3.0,1.88765,5.0,186.0,27.0,1.09935,3.0,1.88765,5.0,186.0,27.0,1.4121033333333333,5.333333333333333,1.5992233333333334,6.333333333333333,202.0,28.0,1.4121033333333333,5.333333333333333,1.5992233333333334,6.333333333333333,202.0,28.0,1.509944,4.8,1.3474194000000002,6.8,211.6,26.2,1.509944,4.8,1.3474194000000002,6.8,211.6,26.2,15.0,7.0,14.0,7.0,14.0,0.0,-2,0,2,1.2105263157894737,1.2606726657894738,1.2943115263157896,5.421052631578948,4.894736842105263,199.3947368421053,22.894736842105264,38.0,1.0666666666666669,1.0666666666666669,1.5362026666666666,1.4019787333333331,6.133333333333334,6.6,225.6,25.266666666666666,1.5362026666666666,1.4019787333333331,6.133333333333334,6.6,225.6,25.266666666666666,6.197916666666667,0.9271867034900384,-0.1001664166666667,0.5509590833333335,1.78,3.83,4.86,223,Girona,0.781043,0.0,1.59513,4.0,323.0,19.0,0.781043,0.0,1.59513,4.0,323.0,19.0,1.107261,4.0,1.7957066666666666,10.666666666666666,288.6666666666667,17.333333333333332,1.107261,4.0,1.7957066666666666,10.666666666666666,288.6666666666667,17.333333333333332,1.2258186,3.0,1.759394,7.8,248.8,19.4,1.2258186,3.0,1.759394,7.8,248.8,19.4,15.0,5.0,11.0,5.0,11.0,-0.1,-1,0,3,1.0789473684210529,1.2174049684210526,1.4838224815789474,6.078947368421052,5.7368421052631575,230.5,21.31578947368421,38.0,0.8,0.8,1.1961451333333335,2.186643066666667,4.6,7.466666666666667,264.8666666666667,17.133333333333333,1.1961451333333335,2.186643066666667,4.6,7.466666666666667,264.8666666666667,17.133333333333333,5.291666666666667,0.8157813887281884,-0.2962781249999997,-0.1628795833333334,0.90625,1.171259842519685,2.0,3.0,2.0,3.0,0.1114053147618501,0.196111708333333,0.713838666666667,0.131578947368421,0.0432676973684211,0.1895109552631577,0.2666666666666666,0.318307,-0.2925200000000001,3.0,137.0,0.318307,-0.2925200000000001,3.0,137.0,0.3048423333333332,0.1964833333333331,1.333333333333333,86.66666666666669,0.3048423333333332,0.1964833333333331,1.333333333333333,86.66666666666669,0.2841254,0.4119745999999997,1.7999999999999998,37.20000000000002,0.2841254,0.4119745999999997,1.7999999999999998,37.20000000000002,1.028655675425542,0.5461475265536061,0.253823132445279,0.2000293410011149,0.3461181855524912,0.746176867554721,0.5461475265536061,0.2923243941083271,1.000272970598527,0,1483.452782472849,1456.002667634928,27.45011483792132,0.6232587917223228,draw,3.83,0.38373503,0.253823132445279,0.12991189844423212,0.4697051683068276,False,-1.0,False,La_liga 2025_140_223_2025-12-12 20:00:00|draw,"train=ALL|bet=La_liga|outcome=draw|odds=[2.20,4.00)|fav=nonfavorite","train=ALL|bet=La_liga|outcome=draw|odds=[2.20,4.00)|fav=nonfavorite"
La_liga 2025_140_289_2026-02-21 13:00:00,2026-02-21 13:00:00,La_liga,2025,140,Real Sociedad,289,Real Oviedo,d,1.66018,6.0,3.05918,7.0,328.0,19.0,1.66018,6.0,3.05918,7.0,328.0,19.0,1.67262,4.0,1.679858,6.666666666666667,286.0,21.0,1.67262,4.0,1.679858,6.666666666666667,286.0,21.0,1.746314,4.8,2.1182068000000003,9.2,281.6,20.6,1.746314,4.8,2.1182068000000003,9.2,281.6,20.6,24.0,10.0,15.0,10.0,15.0,0.5,-1,0,1,1.2105263157894737,1.2606726657894738,1.2943115263157896,5.421052631578948,4.894736842105263,199.3947368421053,22.894736842105264,38.0,1.2916666666666667,1.2916666666666667,1.5580191666666667,1.4842967916666667,6.166666666666667,6.791666666666667,241.04166666666663,25.58333333333333,1.5580191666666667,1.4842967916666667,6.166666666666667,6.791666666666667,241.04166666666663,25.58333333333333,6.708333333333333,1.145269407317897,0.00687875,0.00179525,1.48,3.9,7.5,289,Real Oviedo,0.861013,1.0,1.20566,2.0,175.0,21.0,0.861013,1.0,1.20566,2.0,175.0,21.0,0.8711423333333334,1.6666666666666667,1.4896849999999997,7.0,332.6666666666667,25.666666666666668,0.8711423333333334,1.6666666666666667,1.4896849999999997,7.0,332.6666666666667,25.666666666666668,0.9970834,2.8,1.842531,8.2,309.2,24.8,0.9970834,2.8,1.842531,8.2,309.2,24.8,23.0,4.0,7.0,4.0,7.0,0.1,-1,0,1,,,,,,,,,0.6956521739130435,0.6956521739130435,1.006731652173913,1.779213956521739,4.304347826086956,8.130434782608695,272.0869565217391,20.82608695652174,1.006731652173913,1.779213956521739,4.304347826086956,8.130434782608695,272.0869565217391,20.82608695652174,6.0,0.8023401049897451,-0.2712305416666666,-0.2227167500000002,0.708333333333333,1.1180555555555556,6.0,8.0,6.0,8.0,0.342929302328152,0.2781092916666666,0.2245120000000002,,,,0.5960144927536233,0.799167,-1.85352,5.0,-153.0,0.799167,-1.85352,5.0,-153.0,0.8014776666666666,-0.1901730000000003,2.333333333333333,46.666666666666686,0.8014776666666666,-0.1901730000000003,2.333333333333333,46.666666666666686,0.7492306,-0.2756758000000003,2.0,27.59999999999997,0.7492306,-0.2756758000000003,2.0,27.59999999999997,1.0654192654192651,0.6341875894367114,0.240666059581111,0.1251463509821777,0.5090412384545336,0.759333940418889,0.6341875894367114,0.3935215298556004,0.8916952495748327,1,1515.5986638890356,1437.834546937727,77.76411695130855,0.6884824187694336,draw,3.9,0.39250812,0.24066605958111095,0.15184205976360035,0.530781665444374,True,2.9,False,La_liga 2025_140_289_2026-02-21 13:00:00|draw,"train=ALL|bet=La_liga|outcome=draw|odds=[2.20,4.00)|fav=nonfavorite","train=ALL|bet=La_liga|outcome=draw|odds=[2.20,4.00)|fav=nonfavorite"
La_liga 2025_141_145_2025-12-07 17:30:00,2025-12-07 17:30:00,La_liga,2025,141,Espanyol,145,Rayo Vallecano,w,0.599243,0.0,0.635572,2.0,375.0,27.0,0.599243,0.0,0.635572,2.0,375.0,27.0,0.7472166666666666,2.6666666666666665,1.3022573333333334,6.0,338.6666666666667,28.33333333333333,0.7472166666666666,2.6666666666666665,1.3022573333333334,6.0,338.6666666666667,28.33333333333333,0.99758,5.0,1.4402584,5.2,328.8,27.8,0.99758,5.0,1.4402584,5.2,328.8,27.8,14.0,9.0,14.0,9.0,14.0,0.4000000000000001,2,2,0,1.105263157894737,1.0178171842105264,1.5532882631578948,3.657894736842105,8.210526315789474,295.8421052631579,19.07894736842105,38.0,1.7142857142857142,1.7142857142857142,1.7201699285714285,1.438303,5.357142857142857,6.357142857142857,317.85714285714283,24.0,1.7201699285714285,1.438303,5.357142857142857,6.357142857142857,317.85714285714283,24.0,7.0,1.8043665667306148,-0.8114678333333334,-0.0635754166666666,2.33,3.4,3.22,145,Rayo Vallecano,2.13298,4.0,0.897663,5.0,166.0,18.0,2.13298,4.0,0.897663,5.0,166.0,18.0,1.5541293333333333,6.0,0.7461773333333334,5.0,198.0,22.0,1.5541293333333333,6.0,0.7461773333333334,5.0,198.0,22.0,1.4596836,6.2,1.2733583999999998,6.0,210.0,24.2,1.4596836,6.2,1.2733583999999998,6.0,210.0,24.2,14.0,6.0,13.0,6.0,13.0,-0.1,0,3,4,1.368421052631579,1.3151005,1.503811210526316,4.868421052631579,5.526315789473684,210.10526315789477,24.605263157894736,38.0,1.2142857142857142,1.2142857142857142,1.5669241428571428,1.5092607142857142,5.0,6.0,213.78571428571428,22.785714285714285,1.5669241428571428,1.5092607142857142,5.0,6.0,213.78571428571428,22.785714285714285,5.895833333333333,0.822095966437919,0.0035003333333334,-0.3358096666666667,1.104166666666667,1.187279151943463,3.0,1.0,3.0,1.0,0.9822706002926958,-0.8149681666666668,0.27223425,-0.263157894736842,-0.2972833157894736,-0.0494770526315788,0.5,-1.533737,0.2620909999999999,-4.0,-209.0,-1.533737,0.2620909999999999,-4.0,-209.0,-0.8069126666666666,-0.55608,-3.333333333333333,-140.66666666666669,-0.8069126666666666,-0.55608,-3.333333333333333,-140.66666666666669,-0.4621036,-0.1669000000000002,-1.2000000000000002,-118.8,-0.4621036,-0.1669000000000002,-1.2000000000000002,-118.8,1.0338612026262268,0.4151278220577417,0.2844846545278053,0.3003875234144528,0.1147402986432888,0.7155153454721946,0.4151278220577417,0.1147402986432888,1.0838568867152347,2,1512.0244792752455,1510.9200326529108,1.1044466223347629,0.5870407866982497,draw,3.4,0.47997338,0.28448465452780536,0.19548872126946637,0.6319094777107239,False,-1.0,False,La_liga 2025_141_145_2025-12-07 17:30:00|draw,"train=ALL|bet=La_liga|outcome=draw|odds=[2.20,4.00)|fav=nonfavorite","train=ALL|bet=La_liga|outcome=draw|odds=[2.20,4.00)|fav=nonfavorite"
La_liga 2025_141_158_2026-01-30 20:00:00,2026-01-30 20:00:00,La_liga,2025,141,Espanyol,158,Alaves,l,1.75941,8.0,2.76956,3.0,195.0,29.0,1.75941,8.0,2.76956,3.0,195.0,29.0,1.53867,5.333333333333333,1.9252166666666664,4.666666666666667,244.66666666666663,29.33333333333333,1.53867,5.333333333333333,1.9252166666666664,4.666666666666667,244.66666666666663,29.33333333333333,1.4643216,4.2,2.088198,6.0,265.8,24.6,1.4643216,4.2,2.088198,6.0,265.8,24.6,21.0,4.0,16.0,4.0,16.0,-0.8,-2,0,4,1.105263157894737,1.0178171842105264,1.5532882631578948,3.657894736842105,8.210526315789474,295.8421052631579,19.07894736842105,38.0,1.619047619047619,1.619047619047619,1.6065979523809524,1.4842239047619048,4.904761904761905,5.9523809523809526,296.04761904761904,24.666666666666668,1.6065979523809524,1.4842239047619048,4.904761904761905,5.9523809523809526,296.04761904761904,24.666666666666668,6.197916666666667,0.5463280743046708,0.2567423749999999,0.4667126666666665,1.95,3.0,4.5,158,Alaves,1.67102,2.0,1.78662,4.0,263.0,26.0,1.67102,2.0,1.78662,4.0,263.0,26.0,1.2418773333333335,1.6666666666666667,1.6480466666666669,9.0,273.3333333333333,23.666666666666668,1.2418773333333335,1.6666666666666667,1.6480466666666669,9.0,273.3333333333333,23.666666666666668,1.2023726,2.4,2.11093,8.4,235.0,22.0,1.2023726,2.4,2.11093,8.4,235.0,22.0,21.0,4.0,7.0,4.0,7.0,0.1,1,1,0,1.105263157894737,1.2204456315789474,1.3549818684210526,4.0,4.2368421052631575,247.07894736842104,26.13157894736842,38.0,1.0476190476190477,1.0476190476190477,1.3293388095238097,1.4024184285714285,3.1904761904761907,5.857142857142857,242.52380952380952,24.61904761904762,1.3293388095238097,1.4024184285714285,3.1904761904761907,5.857142857142857,242.52380952380952,24.61904761904762,5.0,0.665351156427658,-0.1712567916666665,-0.360893333333333,1.197916666666667,1.2395833333333337,0.0,9.0,0.0,9.0,-0.1190230821229871,0.4279991666666665,0.8276059999999996,0.0,-0.202628447368421,-0.1983063947368422,0.5714285714285714,0.0883899999999999,-0.9829399999999996,6.0,68.0,0.0883899999999999,-0.9829399999999996,6.0,68.0,0.2967926666666665,-0.2771699999999997,3.666666666666666,28.666666666666657,0.2967926666666665,-0.2771699999999997,3.666666666666666,28.666666666666657,0.2619490000000002,0.0227320000000004,1.8000000000000005,-30.80000000000001,0.2619490000000002,0.0227320000000004,1.8000000000000005,-30.80000000000001,1.0683760683760686,0.48,0.3119999999999999,0.2079999999999999,0.272,0.6880000000000001,0.48,0.168,1.0423130339347748,0,1512.82694052952,1462.849872415925,49.97706811359512,0.6531872638965255,draw,3.0,0.59957904,0.31199999999999994,0.2875790362358094,0.798737108707428,False,-1.0,False,La_liga 2025_141_158_2026-01-30 20:00:00|draw,"train=ALL|bet=La_liga|outcome=draw|odds=[2.20,4.00)|fav=nonfavorite","train=ALL|bet=La_liga|outcome=draw|odds=[2.20,4.00)|fav=nonfavorite"
La_liga 2025_141_223_2026-01-16 20:00:00,2026-01-16 20:00:00,La_liga,2025,141,Espanyol,223,Girona,l,1.58922,6.0,1.18232,6.0,285.0,31.0,1.58922,6.0,1.18232,6.0,285.0,31.0,1.4316060000000002,3.6666666666666665,1.94922,7.333333333333333,293.3333333333333,22.0,1.4316060000000002,3.6666666666666665,1.94922,7.333333333333333,293.3333333333333,22.0,1.3258776,3.6,1.287826,5.6,263.6,25.0,1.3258776,3.6,1.287826,5.6,263.6,25.0,19.0,10.0,19.0,10.0,19.0,0.1,0,1,2,1.105263157894737,1.0178171842105264,1.5532882631578948,3.657894736842105,8.210526315789474,295.8421052631579,19.07894736842105,38.0,1.7894736842105263,1.7894736842105263,1.616408789473684,1.3987037894736842,4.894736842105263,6.157894736842105,303.57894736842104,24.26315789473684,1.616408789473684,1.3987037894736842,4.894736842105263,6.157894736842105,303.57894736842104,24.26315789473684,5.197916666666667,1.508434865856632,0.3227262500000001,0.6559822499999997,1.85,3.4,4.5,223,Girona,0.984024,8.0,1.22674,8.0,277.0,27.0,0.984024,8.0,1.22674,8.0,277.0,27.0,1.1856046666666666,6.666666666666667,1.3240433333333332,8.666666666666666,268.6666666666667,22.0,1.1856046666666666,6.666666666666667,1.3240433333333332,8.666666666666666,268.6666666666667,22.0,1.1013594000000002,5.8,1.31815,8.6,280.4,19.4,1.1013594000000002,5.8,1.31815,8.6,280.4,19.4,19.0,9.0,15.0,9.0,15.0,0.3,2,2,0,1.0789473684210529,1.2174049684210526,1.4838224815789474,6.078947368421052,5.7368421052631575,230.5,21.31578947368421,38.0,1.105263157894737,1.105263157894737,1.193049,1.9892245263157893,5.157894736842105,7.947368421052632,265.89473684210526,17.63157894736842,1.193049,1.9892245263157893,5.157894736842105,7.947368421052632,265.89473684210526,17.63157894736842,6.104166666666667,1.634343884179071,0.0217062916666666,-0.2247641666666668,-0.90625,0.8515358361774744,1.0,4.0,1.0,4.0,-0.1259090183224389,0.3010199583333335,0.8807464166666665,0.0263157894736842,-0.1995877842105262,-0.0694657815789474,0.6842105263157894,0.6051960000000001,0.0444199999999999,-2.0,-8.0,0.6051960000000001,0.0444199999999999,-2.0,-8.0,0.2460013333333335,-0.6251766666666665,-3.0000000000000004,-24.66666666666663,0.2460013333333335,-0.6251766666666665,-3.0000000000000004,-24.66666666666663,0.2245181999999996,0.0303239999999997,-2.2,16.799999999999955,0.2245181999999996,0.0303239999999997,-2.2,16.799999999999955,1.056880409821586,0.5114491057997661,0.2782884840381081,0.210262410162126,0.30118669563764,0.7217115159618919,0.5114491057997661,0.233160621761658,1.0267712525526849,0,1535.377033951216,1482.2515225167876,53.12551143442829,0.6572814575908926,draw,3.4,0.51098245,0.2782884840381081,0.23269396978498152,0.7373403429985046,False,-1.0,False,La_liga 2025_141_223_2026-01-16 20:00:00|draw,"train=ALL|bet=La_liga|outcome=draw|odds=[2.20,4.00)|fav=nonfavorite","train=ALL|bet=La_liga|outcome=draw|odds=[2.20,4.00)|fav=nonfavorite"
La_liga 2025_141_289_2026-03-09 20:00:00,2026-03-09 20:00:00,La_liga,2025,141,Espanyol,289,Real Oviedo,d,0.834858,3.0,1.82376,2.0,369.0,22.0,0.834858,3.0,1.82376,2.0,369.0,22.0,1.0123726666666666,3.333333333333333,2.6415233333333337,9.0,356.6666666666667,20.666666666666668,1.0123726666666666,3.333333333333333,2.6415233333333337,9.0,356.6666666666667,20.666666666666668,0.996565,3.4,2.15726,7.8,322.0,22.8,0.996565,3.4,2.15726,7.8,322.0,22.8,26.0,2.0,6.0,2.0,6.0,-0.1999999999999999,0,1,9,1.105263157894737,1.0178171842105264,1.5532882631578948,3.657894736842105,8.210526315789474,295.8421052631579,19.07894736842105,38.0,1.3846153846153846,1.3846153846153846,1.489283923076923,1.6136539230769231,4.615384615384615,6.307692307692308,301.03846153846155,24.307692307692307,1.489283923076923,1.6136539230769231,4.615384615384615,6.307692307692308,301.03846153846155,24.307692307692307,8.291666666666666,0.4013787358774633,-0.1874817083333335,0.5712795833333337,1.85,3.4,4.33,289,Real Oviedo,1.01052,6.0,2.55086,8.0,208.0,23.0,1.01052,6.0,2.55086,8.0,208.0,23.0,1.4207633333333334,3.6666666666666665,2.0596206666666665,6.0,289.3333333333333,25.33333333333333,1.4207633333333334,3.6666666666666665,2.0596206666666665,6.0,289.3333333333333,25.33333333333333,1.2778626000000002,3.2,1.6097494,5.4,288.2,23.4,1.2778626000000002,3.2,1.6097494,5.4,288.2,23.4,26.0,4.0,7.0,4.0,7.0,0.1,-2,0,4,,,,,,,,,0.6538461538461539,0.6538461538461539,1.0545045384615384,1.811568576923077,4.230769230769231,7.884615384615385,274.0769230769231,21.346153846153847,1.0545045384615384,1.811568576923077,4.230769230769231,7.884615384615385,274.0769230769231,21.346153846153847,5.083333333333333,0.626045397897075,0.2647999583333333,0.1356810416666665,3.208333333333333,1.6311475409836065,-2.0,-1.0,-2.0,-1.0,-0.2246666620196117,-0.4522816666666669,0.4355985416666672,,,,0.7307692307692307,-0.1756620000000001,0.7271000000000001,-3.0,-161.0,-0.1756620000000001,0.7271000000000001,-3.0,-161.0,-0.4083906666666668,-0.5819026666666671,-0.333333333333333,-67.33333333333337,-0.4083906666666668,-0.5819026666666671,-0.333333333333333,-67.33333333333337,-0.2812976000000001,-0.5475105999999998,0.1999999999999997,-33.80000000000001,-0.2812976000000001,-0.5475105999999998,0.1999999999999997,-33.80000000000001,1.065605069816454,0.5072616073735894,0.2760099922473943,0.2167284003790162,0.2905332069945731,0.7239900077526057,0.5072616073735894,0.231251615126195,1.031007191044126,1,1489.0862948375989,1428.141672721664,60.94462211593486,0.667347657997721,draw,3.4,0.519896,0.2760099922473943,0.2438859785739863,0.7676463007926941,True,2.4,False,La_liga 2025_141_289_2026-03-09 20:00:00|draw,"train=ALL|bet=La_liga|outcome=draw|odds=[2.20,4.00)|fav=nonfavorite","train=ALL|bet=La_liga|outcome=draw|odds=[2.20,4.00)|fav=nonfavorite"
La_liga 2025_142_151_2025-09-27 12:00:00,2025-09-27 12:00:00,La_liga,2025,142,Getafe,151,Levante,d,0.576203,2.0,1.21176,2.0,190.0,25.0,0.576203,2.0,1.21176,2.0,190.0,25.0,0.5820796666666667,1.3333333333333333,1.5152873333333332,3.6666666666666665,271.6666666666667,26.33333333333333,0.5820796666666667,1.3333333333333333,1.5152873333333332,3.6666666666666665,271.6666666666667,26.33333333333333,0.7666194,2.0,1.3844594,3.2,271.8,24.4,0.7666194,2.0,1.3844594,3.2,271.8,24.4,6.0,7.0,10.0,7.0,14.421052631578949,0.3999999999999999,0,1,2,1.105263157894737,1.0888667631578948,1.345268060526316,3.736842105263158,4.7631578947368425,245.05263157894737,24.73684210526316,38.0,1.6666666666666667,1.6666666666666667,0.8890678333333333,1.2777573333333334,2.6666666666666665,4.5,277.8333333333333,23.5,0.8890678333333333,1.2777573333333334,2.6666666666666665,4.5,277.8333333333333,23.5,2.7916666666666665,1.826199545217301,-0.3069881666666666,0.2375299999999998,2.1,3.22,4.05,151,Levante,1.70121,5.0,4.06315,15.0,398.0,28.0,1.70121,5.0,4.06315,15.0,398.0,28.0,2.4090966666666667,7.0,2.227488333333333,11.666666666666666,301.3333333333333,23.666666666666668,2.4090966666666667,7.0,2.227488333333333,11.666666666666666,301.3333333333333,23.666666666666668,2.1770146,5.8,2.121367,12.6,305.6,21.0,2.1770146,5.8,2.121367,12.6,305.6,21.0,6.0,4.0,4.0,4.0,4.0,0.4,-1,0,1,,,,,,,,,0.6666666666666666,0.6666666666666666,1.9378505,2.0549975000000003,5.166666666666667,10.833333333333334,294.8333333333333,19.5,1.9378505,2.0549975000000003,5.166666666666667,10.833333333333334,294.8333333333333,19.5,3.6875,0.367475716481876,0.4712461666666667,0.1724908333333332,-0.8958333333333335,0.7570621468926553,3.0,6.0,3.0,10.421052631578949,1.458723828735425,-0.7782343333333334,0.0650391666666665,,,,1.0,-1.125007,2.8513900000000003,-3.0,208.0,-1.125007,2.8513900000000003,-3.0,208.0,-1.827017,0.7122010000000003,-5.666666666666667,29.66666666666663,-1.827017,0.7122010000000003,-5.666666666666667,29.66666666666663,-1.4103952000000002,0.7369076000000001,-3.8,33.80000000000001,-1.4103952000000002,0.7369076000000001,-3.8,33.80000000000001,1.03366306264857,0.4606824925816024,0.3004451038575667,0.2388724035608308,0.2218100890207715,0.6995548961424333,0.4606824925816024,0.1602373887240356,1.0603561774335744,1,1483.1882187738415,1468.9299586317447,14.258260142096788,0.6052681494556275,draw,3.22,0.4815613,0.30044510385756673,0.18111619928116618,0.5506273961067201,True,2.22,False,La_liga 2025_142_151_2025-09-27 12:00:00|draw,"train=ALL|bet=La_liga|outcome=draw|odds=[2.20,4.00)|fav=nonfavorite","train=ALL|bet=La_liga|outcome=draw|odds=[2.20,4.00)|fav=nonfavorite"
La_liga 2025_142_153_2025-12-21 20:00:00,2025-12-21 20:00:00,La_liga,2025,153,Real Betis,142,Getafe,w,0.788766,8.0,2.1848,2.0,240.0,13.0,0.788766,8.0,2.1848,2.0,240.0,13.0,1.5698386666666666,7.333333333333333,2.074292,4.333333333333333,287.6666666666667,23.666666666666668,1.5698386666666666,7.333333333333333,2.074292,4.333333333333333,287.6666666666667,23.666666666666668,1.5754472000000002,7.6,1.9326772,4.6,282.2,24.2,1.5754472000000002,7.6,1.9326772,4.6,282.2,24.2,16.0,6.0,16.0,6.0,16.0,-0.4000000000000001,0,1,2,1.5789473684210529,1.5997800263157895,1.3613451578947369,6.973684210526316,5.2105263157894735,241.6578947368421,23.23684210526316,38.0,1.5625,1.5625,1.5910095,1.3116364375,7.875,5.25,277.625,22.25,1.5910095,1.3116364375,7.875,5.25,277.625,22.25,6.0,0.7616884906378724,-0.0466648333333334,0.5404932500000004,1.71,3.63,5.69,142,Getafe,0.305925,3.0,0.75472,2.0,167.0,19.0,0.305925,3.0,0.75472,2.0,167.0,19.0,0.6428796666666666,2.0,0.6735183333333333,5.0,245.66666666666663,25.666666666666668,0.6428796666666666,2.0,0.6735183333333333,5.0,245.66666666666663,25.666666666666668,0.6094282,3.2,0.960171,4.8,225.2,23.4,0.6094282,3.2,0.960171,4.8,225.2,23.4,16.0,3.0,10.0,3.0,10.0,-0.4,-2,0,2,1.105263157894737,1.0888667631578948,1.345268060526316,3.736842105263158,4.7631578947368425,245.05263157894737,24.73684210526316,38.0,1.25,1.25,0.8128161875,1.1553680625,2.625,4.4375,248.5625,25.0625,0.8128161875,1.1553680625,2.625,4.4375,248.5625,25.0625,8.0,0.9845294323483784,-0.1050165833333334,-0.4326052916666666,-2.0,0.75,3.0,6.0,3.0,6.0,-0.2228409417105061,0.0583517499999999,0.973098541666667,0.4736842105263157,0.5109132631578948,-0.016077097368421,0.3125,0.4828409999999999,-1.4300800000000002,5.0,-73.0,0.4828409999999999,-1.4300800000000002,5.0,-73.0,0.926959,-1.4007736666666668,5.333333333333333,-42.00000000000003,0.926959,-1.4007736666666668,5.333333333333333,-42.00000000000003,0.9660190000000002,-0.9725061999999998,4.4,-57.0,0.9660190000000002,-0.9725061999999998,4.4,-57.0,1.0360243397301612,0.564460987267674,0.2659031097046068,0.1696359030277192,0.3948250842399547,0.7340968902953933,0.564460987267674,0.2985578775630672,0.9759788684485362,2,1564.0690329988693,1466.5492186364684,97.5198143624009,0.712336074420307,draw,3.63,0.41849205,0.2659031097046068,0.15258893927419875,0.519126137793064,False,-1.0,False,La_liga 2025_142_153_2025-12-21 20:00:00|draw,"train=ALL|bet=La_liga|outcome=draw|odds=[2.20,4.00)|fav=nonfavorite","train=ALL|bet=La_liga|outcome=draw|odds=[2.20,4.00)|fav=nonfavorite"
La_liga 2025_142_158_2026-02-08 13:00:00,2026-02-08 13:00:00,La_liga,2025,158,Alaves,142,Getafe,l,1.32248,6.0,1.20096,2.0,248.0,24.0,1.32248,6.0,1.20096,2.0,248.0,24.0,1.40118,2.6666666666666665,1.5872933333333334,6.333333333333333,271.3333333333333,20.666666666666668,1.40118,2.6666666666666665,1.5872933333333334,6.333333333333333,271.3333333333333,20.666666666666668,1.3231344,3.2,1.872832,8.0,246.6,23.8,1.3231344,3.2,1.872832,8.0,246.6,23.8,22.0,7.0,10.0,7.0,10.0,0.3999999999999999,2,2,0,1.105263157894737,1.2204456315789474,1.3549818684210526,4.0,4.2368421052631575,247.07894736842104,26.13157894736842,38.0,1.1363636363636365,1.1363636363636365,1.3290270454545454,1.3932612272727274,3.3181818181818183,5.681818181818182,242.77272727272728,24.59090909090909,1.3290270454545454,1.3932612272727274,3.3181818181818183,5.681818181818182,242.77272727272728,24.59090909090909,8.708333333333334,1.0580935691705855,0.084305875,-0.2578966666666664,2.3,2.8,3.9,142,Getafe,0.499866,2.0,0.256881,4.0,335.0,24.0,0.499866,2.0,0.256881,4.0,335.0,24.0,0.7311190000000001,4.0,0.673149,4.666666666666667,263.6666666666667,20.33333333333333,0.7311190000000001,4.0,0.673149,4.666666666666667,263.6666666666667,20.33333333333333,0.6194846,2.8,0.7879562,4.6,266.4,19.6,0.6194846,2.8,0.7879562,4.6,266.4,19.6,22.0,3.0,6.0,3.0,6.0,0.0,0,2,8,1.105263157894737,1.0888667631578948,1.345268060526316,3.736842105263158,4.7631578947368425,245.05263157894737,24.73684210526316,38.0,1.0454545454545454,1.0454545454545454,0.7886246363636363,1.1766313636363637,2.6818181818181817,4.545454545454546,251.0909090909091,23.863636363636363,0.7886246363636363,1.1766313636363637,2.6818181818181817,4.545454545454546,251.0909090909091,23.863636363636363,6.8125,0.9685470789851603,0.11451125,-0.44830875,1.895833333333334,1.2782874617737003,4.0,4.0,4.0,4.0,0.089546490185425,-0.0302053749999999,0.1904120833333336,0.0,0.1315788684210526,-0.0097138078947367,0.090909090909091,0.8226140000000002,-0.944079,4.0,87.0,0.8226140000000002,-0.944079,4.0,87.0,0.670061,-0.9141443333333334,-1.3333333333333337,-7.666666666666629,0.670061,-0.9141443333333334,-1.3333333333333337,-7.666666666666629,0.7036498,-1.0848758,0.4000000000000003,19.799999999999983,0.7036498,-1.0848758,0.4000000000000003,19.799999999999983,1.0483357222487657,0.41473604253703,0.3406760349411318,0.2445879225218382,0.1701481200151918,0.6593239650588683,0.41473604253703,0.0740600075958982,1.0762864019714935,0,1475.9136176938557,1445.2317592387042,30.681858455151318,0.6276168890847108,draw,2.8,0.5821325,0.34067603494113174,0.24145648335034164,0.6299710512161254,False,-1.0,False,La_liga 2025_142_158_2026-02-08 13:00:00|draw,"train=ALL|bet=La_liga|outcome=draw|odds=[2.20,4.00)|fav=nonfavorite","train=ALL|bet=La_liga|outcome=draw|odds=[2.20,4.00)|fav=nonfavorite"
La_liga 2025_142_223_2026-01-26 20:00:00,2026-01-26 20:00:00,La_liga,2025,223,Girona,142,Getafe,d,1.82377,5.0,1.26738,2.0,234.0,31.0,1.82377,5.0,1.26738,2.0,234.0,31.0,1.421644666666667,6.666666666666667,1.325833333333333,5.333333333333333,251.33333333333331,25.33333333333333,1.421644666666667,6.666666666666667,1.325833333333333,5.333333333333333,251.33333333333331,25.33333333333333,1.3099048,6.8,1.2526,8.2,262.6,21.8,1.3099048,6.8,1.2526,8.2,262.6,21.8,20.0,12.0,17.0,12.0,17.0,0.7,3,3,0,1.0789473684210529,1.2174049684210526,1.4838224815789474,6.078947368421052,5.7368421052631575,230.5,21.31578947368421,38.0,1.2,1.2,1.22458505,1.9531323,5.15,7.65,264.3,18.3,1.22458505,1.9531323,5.15,7.65,264.3,18.3,10.0,1.832194217193159,0.1877312916666664,-0.1304316666666669,2.1,3.0,4.1,142,Getafe,0.584591,6.0,0.746856,5.0,130.0,16.0,0.584591,6.0,0.746856,5.0,130.0,16.0,0.496219,2.6666666666666665,0.8890633333333332,4.666666666666667,223.66666666666663,17.666666666666668,0.496219,2.6666666666666665,0.8890633333333332,4.666666666666667,223.66666666666663,17.666666666666668,0.6083684,2.8,1.376426,4.4,210.6,19.6,0.6083684,2.8,1.376426,4.4,210.6,19.6,20.0,1.0,7.0,1.0,7.0,-0.4999999999999999,-2,0,6,1.105263157894737,1.0888667631578948,1.345268060526316,3.736842105263158,4.7631578947368425,245.05263157894737,24.73684210526316,38.0,1.05,1.05,0.7870488,1.23066495,2.65,4.55,243.15,24.0,0.7870488,1.23066495,2.65,4.55,243.15,24.0,8.291666666666666,0.3287481728739533,-0.1592039999999999,-0.3140285416666667,1.708333333333334,1.206030150753769,11.0,10.0,11.0,10.0,1.5034460443192057,0.3469352916666664,0.1835968749999997,-0.0263157894736842,0.1285382052631578,-0.1385544210526315,0.1499999999999999,1.239179,-0.520524,-1.0,-104.0,1.239179,-0.520524,-1.0,-104.0,0.9254256666666668,-0.4367699999999997,4.0,-27.66666666666669,0.9254256666666668,-0.4367699999999997,4.0,-27.66666666666669,0.7015364,0.1238259999999999,4.0,-52.00000000000003,0.7015364,0.1238259999999999,4.0,-52.00000000000003,1.0534262485481998,0.4520396912899669,0.3164277839029768,0.2315325248070562,0.2205071664829106,0.6835722160970232,0.4520396912899669,0.13561190738699,1.0617539023202032,1,1495.3971516686056,1440.8557507615196,54.54140090708597,0.6591151025774468,draw,3.0,0.56713533,0.3164277839029768,0.25070755011191576,0.7014060020446777,True,2.0,False,La_liga 2025_142_223_2026-01-26 20:00:00|draw,"train=ALL|bet=La_liga|outcome=draw|odds=[2.20,4.00)|fav=nonfavorite","train=ALL|bet=La_liga|outcome=draw|odds=[2.20,4.00)|fav=nonfavorite"
La_liga 2025_145_153_2025-12-15 20:00:00,2025-12-15 20:00:00,La_liga,2025,145,Rayo Vallecano,153,Real Betis,d,0.285545,3.0,1.57985,5.0,119.0,24.0,0.285545,3.0,1.57985,5.0,119.0,24.0,1.113841,4.0,0.9923063333333332,4.0,157.66666666666666,22.0,1.113841,4.0,0.9923063333333332,4.0,157.66666666666666,22.0,1.2068506,5.4,1.3063963999999997,6.4,198.2,22.8,1.2068506,5.4,1.3063963999999997,6.4,198.2,22.8,15.0,3.0,12.0,3.0,12.0,-0.6,-1,0,5,1.368421052631579,1.3151005,1.503811210526316,4.868421052631579,5.526315789473684,210.10526315789477,24.605263157894736,38.0,1.1333333333333333,1.1333333333333333,1.4814988666666666,1.5139666666666665,4.866666666666666,5.933333333333334,207.46666666666667,22.866666666666667,1.4814988666666666,1.5139666666666665,4.866666666666666,5.933333333333334,207.46666666666667,22.866666666666667,8.104166666666666,0.4971617861403621,-0.2361148749999999,-0.2147122916666669,2.65,3.48,2.71,153,Real Betis,2.74214,10.0,3.30288,8.0,408.0,32.0,2.74214,10.0,3.30288,8.0,408.0,32.0,1.83305,7.666666666666667,1.842368666666667,5.666666666666667,307.6666666666667,27.33333333333333,1.83305,7.666666666666667,1.842368666666667,5.666666666666667,307.6666666666667,27.33333333333333,1.981962,7.6,1.6456876,4.8,290.4,26.2,1.981962,7.6,1.6456876,4.8,290.4,26.2,15.0,8.0,18.0,8.0,18.0,-0.1999999999999999,-1,0,1,1.5789473684210529,1.5997800263157895,1.3613451578947369,6.973684210526316,5.2105263157894735,241.6578947368421,23.23684210526316,38.0,1.6,1.6,1.6444924,1.2534255333333335,7.866666666666666,5.466666666666667,280.1333333333333,22.866666666666667,1.6444924,1.2534255333333335,7.866666666666666,5.466666666666667,280.1333333333333,22.866666666666667,9.104166666666666,0.8072808660501785,0.135491,0.3229324166666669,-1.0,0.8901601830663616,-5.0,-6.0,-5.0,-6.0,-0.3101190799098163,-0.371605875,-0.5376447083333339,-0.2105263157894736,-0.2846795263157895,-0.142466052631579,-0.4666666666666668,-2.456595,1.72303,-7.0,289.0,-2.456595,1.72303,-7.0,289.0,-0.719209,0.8500623333333338,-3.666666666666667,150.00000000000003,-0.719209,0.8500623333333338,-3.666666666666667,150.00000000000003,-0.7751114000000001,0.3392912000000003,-2.1999999999999997,92.2,-0.7751114000000001,0.3392912000000003,-2.1999999999999997,92.2,1.0337185024420186,0.365049565887212,0.277983146437101,0.356967287675687,0.008082278211525,0.722016853562899,0.365049565887212,0.008082278211525,1.0914570820669862,1,1502.6608483868758,1564.1107647027984,-61.449916315922565,0.4979134148035403,draw,3.48,0.4737232,0.27798314643710104,0.19574005650670084,0.6485567462444306,True,2.48,False,La_liga 2025_145_153_2025-12-15 20:00:00|draw,"train=ALL|bet=La_liga|outcome=draw|odds=[2.20,4.00)|fav=nonfavorite","train=ALL|bet=La_liga|outcome=draw|odds=[2.20,4.00)|fav=nonfavorite"
La_liga 2025_145_157_2026-01-24 13:00:00,2026-01-24 13:00:00,La_liga,2025,145,Rayo Vallecano,157,Osasuna,l,1.31932,4.0,1.90274,9.0,291.0,21.0,1.31932,4.0,1.90274,9.0,291.0,21.0,1.3442313333333331,4.333333333333333,1.2080226666666667,3.333333333333333,191.66666666666663,22.33333333333333,1.3442313333333331,4.333333333333333,1.2080226666666667,3.333333333333333,191.66666666666663,22.33333333333333,1.4733448,3.8,1.6165588,5.2,181.2,22.2,1.4733448,3.8,1.6165588,5.2,181.2,22.2,20.0,5.0,8.0,5.0,8.0,0.1999999999999999,-1,0,1,1.368421052631579,1.3151005,1.503811210526316,4.868421052631579,5.526315789473684,210.10526315789477,24.605263157894736,38.0,1.1,1.1,1.47946035,1.5396147,4.6,5.75,200.9,22.7,1.47946035,1.5396147,4.6,5.75,200.9,22.7,5.8125,0.6787277491760614,0.0057004583333333,-0.1744414583333333,2.15,3.25,3.6,157,Osasuna,2.03551,5.0,1.36173,5.0,186.0,24.0,2.03551,5.0,1.36173,5.0,186.0,24.0,1.376767,5.333333333333333,1.299918,8.333333333333334,213.66666666666663,20.0,1.376767,5.333333333333333,1.299918,8.333333333333334,213.66666666666663,20.0,1.3499936,4.2,1.352621,8.8,244.6,21.8,1.3499936,4.2,1.352621,8.8,244.6,21.8,20.0,7.0,12.0,7.0,12.0,0.1999999999999999,1,1,0,1.368421052631579,1.3008542736842106,1.5397232631578948,4.2368421052631575,7.342105263157895,251.3421052631579,21.94736842105263,38.0,1.1,1.1,1.2058071,1.34660665,4.6,7.1,252.7,20.4,1.2058071,1.34660665,4.6,7.1,252.7,20.4,6.8125,1.037041953230439,0.015446,0.0274990000000001,-1.0,0.8532110091743119,-2.0,-4.0,-2.0,-4.0,-0.3583142040543775,-0.0097455416666667,-0.2019404583333335,0.0,0.0142462263157894,0.0359120526315788,0.0,-0.7161899999999999,-0.54101,-1.0,-105.0,-0.7161899999999999,-0.54101,-1.0,-105.0,-0.0325356666666665,0.0918953333333334,-1.0,22.0,-0.0325356666666665,0.0918953333333334,-1.0,22.0,0.1233512000000001,-0.2639378000000001,-0.4000000000000003,63.400000000000006,0.1233512000000001,-0.2639378000000001,-0.4000000000000003,63.400000000000006,1.050586364539853,0.4427206508371961,0.2928767382461451,0.2644026109166588,0.1783180399205373,0.7071232617538549,0.4427206508371961,0.1498439125910509,1.0721197559821234,0,1491.5637909200173,1487.2910778684166,4.272713051600704,0.5914549859834137,draw,3.25,0.4749952,0.29287673824614513,0.18211845761948597,0.5437343865633011,False,-1.0,False,La_liga 2025_145_157_2026-01-24 13:00:00|draw,"train=ALL|bet=La_liga|outcome=draw|odds=[2.20,4.00)|fav=nonfavorite","train=ALL|bet=La_liga|outcome=draw|odds=[2.20,4.00)|fav=nonfavorite"
La_liga 2025_145_289_2026-03-04 18:00:00,2026-03-04 18:00:00,La_liga,2025,145,Rayo Vallecano,289,Real Oviedo,w,1.35951,4.0,0.428457,4.0,135.0,17.0,1.35951,4.0,0.428457,4.0,135.0,17.0,1.805416666666667,5.0,1.1055969999999995,5.666666666666667,221.0,21.33333333333333,1.805416666666667,5.0,1.1055969999999995,5.666666666666667,221.0,21.33333333333333,1.4310328,5.8,1.3974962,8.8,213.8,20.8,1.4310328,5.8,1.3974962,8.8,213.8,20.8,25.0,5.0,10.0,5.0,10.0,0.0,0,3,2,1.368421052631579,1.3151005,1.503811210526316,4.868421052631579,5.526315789473684,210.10526315789477,24.605263157894736,38.0,1.08,1.08,1.46977484,1.511191,4.84,6.36,203.48,22.32,1.46977484,1.511191,4.84,6.36,203.48,22.32,4.208333333333333,0.6987960023419735,0.4069344166666666,-0.2208466250000005,1.67,3.75,5.25,289,Real Oviedo,1.50089,4.0,0.853142,7.0,335.0,21.0,1.50089,4.0,0.853142,7.0,335.0,21.0,1.3709276666666668,2.0,1.6112206666666664,4.0,278.3333333333333,24.666666666666668,1.3709276666666668,2.0,1.6112206666666664,4.0,278.3333333333333,24.666666666666668,1.1730394,2.0,1.6194114,6.2,331.6,26.0,1.1730394,2.0,1.6194114,6.2,331.6,26.0,25.0,4.0,7.0,4.0,7.0,0.1,-1,0,3,,,,,,,,,0.68,0.68,1.05626392,1.78199692,4.16,7.88,276.72,21.28,1.05626392,1.78199692,4.16,7.88,276.72,21.28,3.9166666666666665,0.6819890277032487,-0.0611032083333331,-0.1898064583333336,0.2916666666666665,1.074468085106383,1.0,3.0,1.0,3.0,0.0168069746387248,0.4680376249999998,-0.0310401666666668,,,,0.4,-0.14138,0.424685,0.0,200.0,-0.14138,0.424685,0.0,200.0,0.4344889999999999,0.5056236666666667,3.0,57.333333333333314,0.4344889999999999,0.5056236666666667,3.0,57.333333333333314,0.2579933999999999,0.2219151999999999,3.8,117.8,0.2579933999999999,0.2219151999999999,3.8,117.8,1.055945252352438,0.5670771224886585,0.2525383452149492,0.1803845322963923,0.3866925901922662,0.7474616547850508,0.5670771224886585,0.3145387772737092,0.9781596146424526,2,1493.003003183812,1434.8666876479222,58.13631553588971,0.6637492536870975,draw,3.75,0.4882041,0.2525383452149492,0.23566574657238903,0.8307653442025185,False,-1.0,False,La_liga 2025_145_289_2026-03-04 18:00:00|draw,"train=ALL|bet=La_liga|outcome=draw|odds=[2.20,4.00)|fav=nonfavorite","train=ALL|bet=La_liga|outcome=draw|odds=[2.20,4.00)|fav=nonfavorite"
La_liga 2025_146_151_2026-02-15 17:30:00,2026-02-15 17:30:00,La_liga,2025,151,Levante,146,Valencia,l,0.615311,3.0,2.77377,10.0,287.0,18.0,0.615311,3.0,2.77377,10.0,287.0,18.0,1.423650333333333,4.333333333333333,1.340674666666667,7.666666666666667,285.6666666666667,22.33333333333333,1.423650333333333,4.333333333333333,1.340674666666667,7.666666666666667,285.6666666666667,22.33333333333333,1.2481544,5.4,1.6319788,8.4,298.8,21.0,1.2481544,5.4,1.6319788,8.4,298.8,21.0,22.0,5.0,9.0,5.0,9.0,0.0999999999999999,-1,0,2,,,,,,,,,0.8181818181818182,0.8181818181818182,1.4493768636363635,1.8760198181818184,4.863636363636363,9.136363636363637,277.3181818181818,20.681818181818183,1.4493768636363635,1.8760198181818184,4.863636363636363,9.136363636363637,277.3181818181818,20.681818181818183,7.09375,0.8011829304449541,0.2165479583333329,-0.3099820833333333,2.63,3.25,2.6,146,Valencia,0.571838,5.0,1.04576,10.0,258.0,16.0,0.571838,5.0,1.04576,10.0,258.0,16.0,1.7427126666666666,5.333333333333333,1.658,7.333333333333333,244.33333333333331,20.0,1.7427126666666666,5.333333333333333,1.658,7.333333333333333,244.33333333333331,20.0,1.6032927999999995,5.2,1.1606008,6.6,240.2,21.2,1.6032927999999995,5.2,1.1606008,6.6,240.2,21.2,23.0,7.0,10.0,7.0,10.0,0.3999999999999999,-2,0,2,1.2105263157894737,1.23450395,1.4681051842105262,4.157894736842105,5.605263157894737,262.7894736842105,20.57894736842105,38.0,1.0,1.0,1.349258652173913,1.498358739130435,4.652173913043479,6.521739130434782,246.43478260869568,18.91304347826087,1.349258652173913,1.498358739130435,4.652173913043479,6.521739130434782,246.43478260869568,18.91304347826087,6.895833333333333,0.8732029482234059,0.0889346666666666,0.3250667500000002,0.1979166666666669,1.028700906344411,-2.0,-1.0,-2.0,-1.0,-0.0720200177784518,0.1276132916666663,-0.6350488333333335,,,,-0.1818181818181817,0.043473,-1.7280099999999998,-2.0,-29.0,0.043473,-1.7280099999999998,-2.0,-29.0,-0.3190623333333335,0.3173253333333334,-1.0,-41.33333333333334,-0.3190623333333335,0.3173253333333334,-1.0,-41.33333333333334,-0.3551383999999997,-0.4713780000000001,0.2000000000000001,-58.60000000000002,-0.3551383999999997,-0.4713780000000001,0.2000000000000001,-58.60000000000002,1.0725358291898217,0.3545132260703573,0.2868830106353968,0.358603763294246,-0.0040905372238886,0.7131169893646032,0.358603763294246,0.0040905372238886,1.0936204352111536,0,1450.3630496717435,1480.2899881249225,-29.926938453178764,0.5431708540962528,draw,3.25,0.49964494,0.28688301063539684,0.21276192449567616,0.6238460391759872,False,-1.0,False,La_liga 2025_146_151_2026-02-15 17:30:00|draw,"train=ALL|bet=La_liga|outcome=draw|odds=[2.20,4.00)|fav=nonfavorite","train=ALL|bet=La_liga|outcome=draw|odds=[2.20,4.00)|fav=nonfavorite"
La_liga 2025_146_152_2026-01-03 13:00:00,2026-01-03 13:00:00,La_liga,2025,152,Celta Vigo,146,Valencia,w,0.600009,1.0,0.517531,6.0,266.0,13.0,0.600009,1.0,0.517531,6.0,266.0,13.0,1.3932763333333331,4.0,1.5333170000000005,6.666666666666667,279.3333333333333,16.333333333333332,1.3932763333333331,4.0,1.5333170000000005,6.666666666666667,279.3333333333333,16.333333333333332,1.2277822,3.8,1.1009588,4.0,273.8,21.8,1.2277822,3.8,1.1009588,4.0,273.8,21.8,17.0,10.0,18.0,10.0,18.0,0.1999999999999999,0,3,1,1.4473684210526316,1.5381565526315788,1.324016342105263,7.078947368421052,4.7105263157894735,255.92105263157896,21.73684210526316,38.0,1.3529411764705883,1.3529411764705883,1.2032859411764705,1.526365823529412,6.941176470588236,5.882352941176471,259.7058823529412,20.58823529411765,1.2032859411764705,1.526365823529412,6.941176470588236,5.882352941176471,259.7058823529412,20.58823529411765,14.0,1.6289534085721469,0.1287208333333331,-0.0277659999999997,2.01,3.35,4.19,146,Valencia,2.16012,10.0,0.199412,2.0,135.0,17.0,2.16012,10.0,0.199412,2.0,135.0,17.0,1.5532700000000002,6.0,0.96855,2.333333333333333,218.33333333333331,20.33333333333333,1.5532700000000002,6.0,0.96855,2.333333333333333,218.33333333333331,20.33333333333333,1.4415706,6.0,1.142578,3.2,227.0,19.6,1.4415706,6.0,1.142578,3.2,227.0,19.6,17.0,6.0,8.0,6.0,8.0,0.3999999999999999,0,1,4,1.2105263157894737,1.23450395,1.4681051842105262,4.157894736842105,5.605263157894737,262.7894736842105,20.57894736842105,38.0,0.9411764705882352,0.9411764705882352,1.2484426470588237,1.5334680588235294,4.352941176470588,6.529411764705882,248.35294117647055,18.352941176470587,1.2484426470588237,1.5334680588235294,4.352941176470588,6.529411764705882,248.35294117647055,18.352941176470587,14.708333333333334,0.8324254114460402,0.2916518750000001,-0.6346662499999997,-0.7083333333333339,0.951841359773371,4.0,10.0,4.0,10.0,0.7965279971261067,-0.1629310416666669,0.6069002499999999,0.2368421052631579,0.3036526026315789,0.144088842105263,0.411764705882353,-1.560111,-0.3181189999999999,-9.0,-131.0,-1.560111,-0.3181189999999999,-9.0,-131.0,-0.1599936666666668,-0.5647670000000001,-2.0,-60.99999999999997,-0.1599936666666668,-0.5647670000000001,-2.0,-60.99999999999997,-0.2137883999999998,0.0416191999999999,-2.2,-46.80000000000001,-0.2137883999999998,0.0416191999999999,-2.2,-46.80000000000001,1.034683384984386,0.4808354372274501,0.28850126233647,0.2306633004360798,0.2501721367913703,0.71149873766353,0.4808354372274501,0.1923341748909801,1.0490414517360094,2,1532.5009680703777,1480.4383163261773,52.062651744200366,0.6559019077927637,draw,3.35,0.43304348,0.28850126233647,0.1445422175829636,0.4506956577301027,False,-1.0,False,La_liga 2025_146_152_2026-01-03 13:00:00|draw,"train=ALL|bet=La_liga|outcome=draw|odds=[2.20,4.00)|fav=nonfavorite","train=ALL|bet=La_liga|outcome=draw|odds=[2.20,4.00)|fav=nonfavorite"
La_liga 2025_146_153_2026-02-01 15:15:00,2026-02-01 15:15:00,La_liga,2025,153,Real Betis,146,Valencia,w,1.78662,4.0,1.67102,2.0,185.0,34.0,1.78662,4.0,1.67102,2.0,185.0,34.0,1.948073333333333,8.666666666666666,1.2867833333333336,3.333333333333333,205.66666666666663,28.666666666666668,1.948073333333333,8.666666666666666,1.2867833333333336,3.333333333333333,205.66666666666663,28.666666666666668,2.0558126000000003,7.4,1.622982,4.6,238.6,25.4,2.0558126000000003,7.4,1.622982,4.6,238.6,25.4,21.0,7.0,13.0,7.0,13.0,0.0999999999999998,-1,0,1,1.5789473684210529,1.5997800263157895,1.3613451578947369,6.973684210526316,5.2105263157894735,241.6578947368421,23.23684210526316,38.0,1.5238095238095235,1.5238095238095235,1.701676904761905,1.3857663333333332,7.761904761904762,5.095238095238095,268.3333333333333,23.0,1.701676904761905,1.3857663333333332,7.761904761904762,5.095238095238095,268.3333333333333,23.0,6.802083333333333,0.6809959233948661,0.0745009583333333,-0.5054399166666663,1.83,3.5,4.5,146,Valencia,2.76956,3.0,1.75941,8.0,237.0,26.0,2.76956,3.0,1.75941,8.0,237.0,26.0,1.8526286666666667,4.333333333333333,0.8628046666666668,6.333333333333333,235.0,24.0,1.8526286666666667,4.333333333333333,0.8628046666666668,6.333333333333333,235.0,24.0,1.9021932,6.0,1.0756232,5.4,217.0,21.2,1.9021932,6.0,1.0756232,5.4,217.0,21.2,21.0,8.0,14.0,8.0,14.0,0.2000000000000001,2,3,0,1.2105263157894737,1.23450395,1.4681051842105262,4.157894736842105,5.605263157894737,262.7894736842105,20.57894736842105,38.0,1.0952380952380951,1.0952380952380951,1.3606843333333334,1.4879838571428572,4.476190476190476,6.476190476190476,246.28571428571428,19.09523809523809,1.3606843333333334,1.4879838571428572,4.476190476190476,6.476190476190476,246.28571428571428,19.09523809523809,8.0,0.8411343284329758,0.2390887916666668,-0.4143620833333333,-1.197916666666667,0.8502604166666666,-1.0,-1.0,-1.0,-1.0,-0.1601384050381096,-0.1645878333333335,-0.0910778333333329,0.368421052631579,0.3652760763157896,0.1067600263157892,0.4285714285714284,-0.9829399999999996,0.0883899999999999,1.0,52.0,-0.9829399999999996,0.0883899999999999,1.0,52.0,0.0954446666666666,-0.4239786666666668,4.333333333333333,29.333333333333343,0.0954446666666666,-0.4239786666666668,4.333333333333333,29.333333333333343,0.1536194000000004,-0.5473587999999998,1.4000000000000004,-21.599999999999994,0.1536194000000004,-0.5473587999999998,1.4000000000000004,-21.599999999999994,1.0543845953682018,0.5182625863770978,0.2709772951628825,0.2107601184600197,0.307502467917078,0.7290227048371174,0.5182625863770978,0.2472852912142152,1.022621481774817,2,1561.6523266041725,1492.351412893473,69.30091371069943,0.6779389009308053,draw,3.5,0.45776436,0.27097729516288255,0.18678706216553237,0.6021752506494522,False,-1.0,False,La_liga 2025_146_153_2026-02-01 15:15:00|draw,"train=ALL|bet=La_liga|outcome=draw|odds=[2.20,4.00)|fav=nonfavorite","train=ALL|bet=La_liga|outcome=draw|odds=[2.20,4.00)|fav=nonfavorite"
La_liga 2025_146_157_2026-03-01 15:15:00,2026-03-01 15:15:00,La_liga,2025,146,Valencia,157,Osasuna,w,1.91256,5.0,2.38144,3.0,179.0,23.0,1.91256,5.0,2.38144,3.0,179.0,23.0,1.0760706666666666,4.0,1.62819,6.0,227.33333333333331,18.666666666666668,1.0760706666666666,4.0,1.62819,6.0,227.33333333333331,18.666666666666668,1.5769023999999998,4.6,1.7625619999999995,6.0,231.4,20.0,1.5769023999999998,4.6,1.7625619999999995,6.0,231.4,20.0,25.0,6.0,11.0,6.0,11.0,0.0999999999999998,-1,0,1,1.2105263157894737,1.23450395,1.4681051842105262,4.157894736842105,5.605263157894737,262.7894736842105,20.57894736842105,38.0,1.04,1.04,1.3475729200000002,1.53204244,4.56,6.32,243.68,19.0,1.3475729200000002,1.53204244,4.56,6.32,243.68,19.0,6.802083333333333,0.7609855878510953,-0.4821540833333333,0.099177,2.35,3.2,3.25,157,Osasuna,2.31248,6.0,2.02307,4.0,309.0,17.0,2.31248,6.0,2.02307,4.0,309.0,17.0,1.3758833333333331,6.0,2.130496666666667,8.0,293.0,21.666666666666668,1.3758833333333331,6.0,2.130496666666667,8.0,293.0,21.666666666666668,1.526186,5.2,1.5944364,6.4,280.2,22.2,1.526186,5.2,1.5944364,6.4,280.2,22.2,25.0,11.0,18.0,11.0,18.0,0.4000000000000001,1,6,0,1.368421052631579,1.3008542736842106,1.5397232631578948,4.2368421052631575,7.342105263157895,251.3421052631579,21.94736842105263,38.0,1.32,1.32,1.26988288,1.3961726,4.72,6.96,258.2,20.76,1.26988288,1.3961726,4.72,6.96,258.2,20.76,7.90625,1.4415018875233423,-0.0942705416666667,0.646504666666667,-1.104166666666667,0.8603425559947299,-5.0,-7.0,-5.0,-7.0,-0.680516299672247,-0.3878835416666666,-0.5473276666666669,-0.1578947368421053,-0.0663503236842106,0.0716180789473686,-0.28,-0.3999199999999998,-0.3583699999999998,-1.0,130.0,-0.3999199999999998,-0.3583699999999998,-1.0,130.0,-0.2998126666666667,0.5023066666666671,-2.0,65.66666666666666,-0.2998126666666667,0.5023066666666671,-2.0,65.66666666666666,0.0507163999999997,-0.1681255999999997,-0.6000000000000005,48.79999999999998,0.0507163999999997,-0.1681255999999997,-0.6000000000000005,48.79999999999998,1.045724222585925,0.4069255600117382,0.2988359581336203,0.2942384818546415,0.1126870781570967,0.7011640418663797,0.4069255600117382,0.1080896018781179,1.0867900606942893,2,1486.0944429047192,1527.6402465560618,-41.54580365134257,0.5265327762055043,draw,3.2,0.47084877,0.2988359581336203,0.17201281081588837,0.5067160606384278,False,-1.0,False,La_liga 2025_146_157_2026-03-01 15:15:00|draw,"train=ALL|bet=La_liga|outcome=draw|odds=[2.20,4.00)|fav=nonfavorite","train=ALL|bet=La_liga|outcome=draw|odds=[2.20,4.00)|fav=nonfavorite"
La_liga 2025_147_152_2025-12-14 15:15:00,2025-12-14 15:15:00,La_liga,2025,152,Celta Vigo,147,Athletic Club,w,1.60908,7.0,2.41681,11.0,289.0,12.0,1.60908,7.0,2.41681,11.0,289.0,12.0,1.1893873333333334,4.666666666666667,1.1072176666666669,3.6666666666666665,273.3333333333333,24.0,1.1893873333333334,4.666666666666667,1.1072176666666669,3.6666666666666665,273.3333333333333,24.0,1.201031,7.6,1.5975046,4.4,270.6,24.8,1.201031,7.6,1.5975046,4.4,270.6,24.8,15.0,9.0,15.0,9.0,15.0,0.3,1,1,0,1.4473684210526316,1.5381565526315788,1.324016342105263,7.078947368421052,4.7105263157894735,255.92105263157896,21.73684210526316,38.0,1.2666666666666666,1.2666666666666666,1.1923408,1.5843385333333333,7.533333333333333,6.066666666666666,257.7333333333333,20.866666666666667,1.1923408,1.5843385333333333,7.533333333333333,6.066666666666666,257.7333333333333,20.866666666666667,6.802083333333333,1.4987123560509743,-0.1276016666666666,-0.5367780833333335,2.74,3.25,2.78,147,Athletic Club,1.18636,6.0,0.771885,3.0,308.0,26.0,1.18636,6.0,0.771885,3.0,308.0,26.0,1.637438333333333,7.333333333333333,1.4472816666666668,3.333333333333333,326.0,28.33333333333333,1.637438333333333,7.333333333333333,1.4472816666666668,3.333333333333333,326.0,28.33333333333333,1.722131,7.4,1.3707522,5.8,348.8,28.0,1.722131,7.4,1.3707522,5.8,348.8,28.0,16.0,9.0,13.0,9.0,13.0,0.5,1,1,0,1.8421052631578947,1.571094736842105,1.1153668157894736,5.342105263157895,3.8157894736842106,280.42105263157896,24.31578947368421,38.0,1.4375,1.4375,1.4064939375,1.10432825,6.375,4.25,273.8125,26.3125,1.4064939375,1.10432825,6.375,4.25,273.8125,26.3125,7.802083333333333,1.0452166529671418,0.3448742083333331,0.1319495416666667,-1.0,0.8718291054739653,0.0,2.0,0.0,2.0,0.4534957030838324,-0.4724758749999997,-0.6687276250000003,-0.394736842105263,-0.0329381842105265,-0.2086495263157894,-0.1708333333333334,0.42272,-1.6449249999999995,1.0,19.0,0.42272,-1.6449249999999995,1.0,19.0,-0.4480509999999997,0.3400640000000001,-2.666666666666666,52.666666666666686,-0.4480509999999997,0.3400640000000001,-2.666666666666666,52.666666666666686,-0.5210999999999999,-0.2267523999999998,0.1999999999999993,78.19999999999999,-0.5210999999999999,-0.2267523999999998,0.1999999999999993,78.19999999999999,1.03236804155777,0.3535207299704193,0.2980451692673689,0.3484341007622119,0.0050866292082074,0.7019548307326311,0.3535207299704193,0.0050866292082074,1.0957384501579277,2,1523.9787136458096,1563.144250168579,-39.165536522769344,0.5299473151942524,draw,3.25,0.55526614,0.2980451692673689,0.2572209726241106,0.8046149611473083,False,-1.0,False,La_liga 2025_147_152_2025-12-14 15:15:00|draw,"train=ALL|bet=La_liga|outcome=draw|odds=[2.20,4.00)|fav=nonfavorite","train=ALL|bet=La_liga|outcome=draw|odds=[2.20,4.00)|fav=nonfavorite"
La_liga 2025_147_207_2026-02-20 20:00:00,2026-02-20 20:00:00,La_liga,2025,147,Athletic Club,207,Elche,w,1.20566,2.0,0.861013,1.0,272.0,35.0,1.20566,2.0,0.861013,1.0,272.0,35.0,1.6243946666666662,6.0,1.0207013333333332,2.0,246.0,32.0,1.6243946666666662,6.0,1.0207013333333332,2.0,246.0,32.0,1.8136388,7.6,1.5213948,3.2,258.6,28.6,1.8136388,7.6,1.5213948,3.2,258.6,28.6,24.0,7.0,11.0,7.0,11.0,0.2999999999999998,2,3,0,1.8421052631578947,1.571094736842105,1.1153668157894736,5.342105263157895,3.8157894736842106,280.42105263157896,24.31578947368421,38.0,1.2916666666666667,1.2916666666666667,1.521438625,1.2093335416666666,6.833333333333333,3.8333333333333335,268.0,27.416666666666668,1.521438625,1.2093335416666666,6.833333333333333,3.8333333333333335,268.0,27.416666666666668,5.291666666666667,0.7719287874992607,-0.1269333333333338,-0.3986427916666668,1.67,3.8,5.25,207,Elche,2.33332,13.0,0.81264,6.0,131.0,22.0,2.33332,13.0,0.81264,6.0,131.0,22.0,1.419653333333333,8.666666666666666,3.231676666666667,11.333333333333334,213.33333333333331,21.666666666666668,1.419653333333333,8.666666666666666,3.231676666666667,11.333333333333334,213.33333333333331,21.666666666666668,1.2745362,7.6,3.087136,10.4,195.8,22.6,1.2745362,7.6,3.087136,10.4,195.8,22.6,24.0,2.0,9.0,2.0,9.0,-0.5,0,1,7,,,,,,,,,1.0416666666666667,1.0416666666666667,1.2457051666666663,1.9423402083333332,5.916666666666667,6.541666666666667,186.125,21.375,1.2457051666666663,1.9423402083333332,5.916666666666667,6.541666666666667,186.125,21.375,7.0,0.313839653936257,-0.056377166666667,0.5740041666666671,-1.708333333333333,0.755952380952381,5.0,2.0,5.0,2.0,0.4580891335630037,-0.0705561666666667,-0.972646958333334,,,,0.25,-1.12766,-0.048373,-11.0,-141.0,-1.12766,-0.048373,-11.0,-141.0,0.2047413333333332,2.2109753333333337,-2.666666666666666,-32.66666666666666,0.2047413333333332,2.2109753333333337,-2.666666666666666,-32.66666666666666,0.5391026000000001,1.5657412000000002,0.0,-62.80000000000001,0.5391026000000001,1.5657412000000002,0.0,-62.80000000000001,1.0524364804226134,0.5689677299756157,0.2500463444892837,0.1809859255351006,0.3879818044405151,0.7499536555107162,0.5689677299756157,0.318921385486332,0.9768161080358616,2,1534.414862754135,1450.167317395862,84.24754535827265,0.6964301183630478,draw,3.8,0.4625451,0.2500463444892837,0.21249875238495336,0.7576713681221008,False,-1.0,False,La_liga 2025_147_207_2026-02-20 20:00:00|draw,"train=ALL|bet=La_liga|outcome=draw|odds=[2.20,4.00)|fav=nonfavorite","train=ALL|bet=La_liga|outcome=draw|odds=[2.20,4.00)|fav=nonfavorite"
La_liga 2025_147_239_2025-10-04 16:30:00,2025-10-04 16:30:00,La_liga,2025,147,Athletic Club,239,Mallorca,w,1.56287,5.0,1.86396,7.0,204.0,22.0,1.56287,5.0,1.86396,7.0,204.0,22.0,1.3627859999999998,5.333333333333333,1.5768826666666669,5.0,201.33333333333331,26.0,1.3627859999999998,5.333333333333333,1.5768826666666669,5.0,201.33333333333331,26.0,1.213286,5.4,1.107518,3.8,212.4,29.4,1.213286,5.4,1.107518,3.8,212.4,29.4,7.0,4.0,10.0,4.0,15.526315789473683,-0.1999999999999999,-1,0,4,1.8421052631578947,1.571094736842105,1.1153668157894736,5.342105263157895,3.8157894736842106,280.42105263157896,24.31578947368421,38.0,1.4285714285714286,1.4285714285714286,1.4899828571428573,0.9904031428571428,6.571428571428571,3.2857142857142856,241.14285714285717,26.714285714285715,1.4899828571428573,0.9904031428571428,6.571428571428571,3.2857142857142856,241.14285714285717,26.714285714285715,6.895833333333333,0.659366381766646,-0.1271968571428574,0.5864795238095241,1.58,3.91,6.72,239,Mallorca,1.04267,4.0,0.566415,6.0,252.0,22.0,1.04267,4.0,0.566415,6.0,252.0,22.0,0.7382486666666667,3.0,1.8275683333333332,8.666666666666666,265.3333333333333,20.0,0.7382486666666667,3.0,1.8275683333333332,8.666666666666666,265.3333333333333,20.0,0.9592936,3.0,1.999583,8.4,240.2,18.6,0.9592936,3.0,1.999583,8.4,240.2,18.6,7.0,4.0,5.0,4.0,8.789473684210526,0.3,1,1,0,1.263157894736842,1.1684678684210523,1.416224605263158,3.763157894736842,6.815789473684211,243.76315789473685,19.44736842105263,38.0,0.7142857142857143,0.7142857142857143,0.8558084285714286,1.8485182857142857,3.2857142857142856,9.0,247.42857142857144,17.428571428571427,0.8558084285714286,1.8485182857142857,3.2857142857142856,9.0,247.42857142857144,17.428571428571427,7.0,0.833946979145082,-0.1175597619047619,-0.0209499523809522,-0.1041666666666669,0.9851190476190476,0.0,5.0,0.0,6.736842105263159,-0.174580597378436,-0.0096370952380955,0.6074294761904763,0.5789473684210527,0.4026268684210528,0.3008577894736843,0.7142857142857143,0.5202,-1.297545,1.0,48.0,0.5202,-1.297545,1.0,48.0,0.6245373333333332,0.2506856666666666,2.333333333333333,63.99999999999997,0.6245373333333332,0.2506856666666666,2.333333333333333,63.99999999999997,0.2539923999999999,0.8920649999999999,2.4000000000000004,27.799999999999983,0.2539923999999999,0.8920649999999999,2.4000000000000004,27.799999999999983,1.0374753919179118,0.6100495465584412,0.2465161850543062,0.1434342683872525,0.4666152781711886,0.7534838149456937,0.6100495465584412,0.363533361504135,0.9252310320044494,2,1571.5516440573322,1464.550646640932,107.0009974164002,0.7233890183176351,draw,3.91,0.38509202,0.24651618505430622,0.13857583498048381,0.505709798336029,False,-1.0,False,La_liga 2025_147_239_2025-10-04 16:30:00|draw,"train=ALL|bet=La_liga|outcome=draw|odds=[2.20,4.00)|fav=nonfavorite","train=ALL|bet=La_liga|outcome=draw|odds=[2.20,4.00)|fav=nonfavorite"
La_liga 2025_151_207_2025-08-29 17:30:00,2025-08-29 17:30:00,La_liga,2025,207,Elche,151,Levante,w,0.313268,1.0,1.68159,13.0,271.0,18.0,0.313268,1.0,1.68159,13.0,271.0,18.0,0.647381,3.0,1.638605,10.5,218.0,19.0,0.647381,3.0,1.638605,10.5,218.0,19.0,0.647381,3.0,1.638605,10.5,218.0,19.0,0.647381,3.0,1.638605,10.5,218.0,19.0,2.0,2.0,2.0,2.0,2.0,0.2,0,2,2,,,,,,,,,1.0,1.0,0.647381,1.638605,3.0,10.5,218.0,19.0,0.647381,1.638605,3.0,10.5,218.0,19.0,6.0,1.5446854313420648,0.0,0.0,2.23,3.26,3.66,151,Levante,2.68812,4.0,2.48128,21.0,297.0,16.0,2.68812,4.0,2.48128,21.0,297.0,16.0,1.715075,3.0,2.102215,11.5,269.0,14.0,1.715075,3.0,2.102215,11.5,269.0,14.0,1.715075,3.0,2.102215,11.5,269.0,14.0,1.715075,3.0,2.102215,11.5,269.0,14.0,2.0,0.0,0.0,0.0,0.0,0.0,-2,0,2,,,,,,,,,0.0,0.0,1.715075,2.102215,3.0,11.5,269.0,14.0,1.715075,2.102215,3.0,11.5,269.0,14.0,5.916666666666667,0.0,0.0,0.0,0.083333333333333,1.0140845070422535,2.0,2.0,2.0,2.0,1.5446854313420648,0.0,0.0,,,,1.0,-2.374852,0.79969,-3.0,26.0,-2.374852,0.79969,-3.0,26.0,-1.067694,0.4636100000000001,0.0,51.0,-1.067694,0.4636100000000001,0.0,51.0,-1.067694,0.4636100000000001,0.0,51.0,-1.067694,0.4636100000000001,0.0,51.0,1.028403003247058,0.4360454917553503,0.2982765173663899,0.2656779908782599,0.1703675008770904,0.7017234826336101,0.4360454917553503,0.1377689743889604,1.0749051669993288,2,1465.7122933302535,1471.257496228993,-5.54520289873949,0.5777312926070715,draw,3.26,0.46101898,0.2982765173663899,0.16274246218301808,0.5029218733310699,False,-1.0,False,La_liga 2025_151_207_2025-08-29 17:30:00|draw,"train=ALL|bet=La_liga|outcome=draw|odds=[2.20,4.00)|fav=nonfavorite","train=ALL|bet=La_liga|outcome=draw|odds=[2.20,4.00)|fav=nonfavorite"
La_liga 2025_151_207_2026-01-23 20:00:00,2026-01-23 20:00:00,La_liga,2025,151,Levante,207,Elche,w,0.787501,8.0,2.54865,13.0,386.0,15.0,0.787501,8.0,2.54865,13.0,386.0,15.0,1.206947,4.666666666666667,1.9344966666666668,8.666666666666666,306.0,19.0,1.206947,4.666666666666667,1.9344966666666668,8.666666666666666,306.0,19.0,1.0771736,4.4,1.836646,7.4,271.8,20.4,1.0771736,4.4,1.836646,7.4,271.8,20.4,19.0,5.0,6.0,5.0,6.0,0.4,-1,0,2,,,,,,,,,0.7368421052631579,0.7368421052631579,1.453438947368421,1.960548,4.947368421052632,9.36842105263158,276.0,20.42105263157895,1.453438947368421,1.960548,4.947368421052632,9.36842105263158,276.0,20.42105263157895,6.291666666666667,0.9283554663930949,0.13772475,-0.1502833333333331,2.2,3.3,3.2,207,Elche,1.48075,8.0,2.4961,10.0,175.0,25.0,1.48075,8.0,2.4961,10.0,175.0,25.0,1.0821176666666663,7.0,2.390856666666666,7.666666666666667,141.0,23.666666666666668,1.0821176666666663,7.0,2.390856666666666,7.666666666666667,141.0,23.666666666666668,1.4455974,7.2,2.18056,6.2,176.6,23.8,1.4455974,7.2,2.18056,6.2,176.6,23.8,20.0,5.0,10.0,5.0,10.0,0.0,0,2,3,,,,,,,,,1.2,1.2,1.25024965,1.68382925,5.6,5.75,183.15,21.25,1.25024965,1.68382925,5.6,5.75,183.15,21.25,4.0,0.6917555329455136,-0.2762812083333337,0.2774962916666665,2.291666666666667,1.5729166666666667,0.0,-4.0,0.0,-4.0,0.2365999334475811,0.4140059583333337,-0.4277796249999996,,,,-0.4631578947368421,-0.693249,-0.0525499999999996,0.0,-211.0,-0.693249,-0.0525499999999996,0.0,-211.0,0.1248293333333336,0.4563599999999999,-2.333333333333333,-165.0,0.1248293333333336,0.4563599999999999,-2.333333333333333,-165.0,-0.3684237999999999,0.3439139999999998,-2.8,-95.20000000000002,-0.3684237999999999,0.3439139999999998,-2.8,-95.20000000000002,1.0700757575757576,0.4247787610619469,0.2831858407079646,0.2920353982300885,0.1327433628318584,0.7168141592920354,0.4247787610619469,0.1327433628318584,1.080432536043634,2,1444.3822951415073,1470.943340850367,-26.56104570885941,0.547974483984246,draw,3.3,0.45182353,0.2831858407079646,0.16863769187336475,0.49101765751838666,False,-1.0,False,La_liga 2025_151_207_2026-01-23 20:00:00|draw,"train=ALL|bet=La_liga|outcome=draw|odds=[2.20,4.00)|fav=nonfavorite","train=ALL|bet=La_liga|outcome=draw|odds=[2.20,4.00)|fav=nonfavorite"
La_liga 2025_151_223_2026-03-07 15:15:00,2026-03-07 15:15:00,La_liga,2025,151,Levante,223,Girona,d,2.77253,8.0,1.29855,7.0,237.0,30.0,2.77253,8.0,1.29855,7.0,237.0,30.0,1.3831403333333332,6.333333333333333,2.647603333333334,11.333333333333334,282.0,23.0,1.3831403333333332,6.333333333333333,2.647603333333334,11.333333333333334,282.0,23.0,1.2444204,5.4,2.2920788,9.2,289.8,23.0,1.2444204,5.4,2.2920788,9.2,289.8,23.0,26.0,3.0,11.0,3.0,11.0,-0.5000000000000001,1,1,0,,,,,,,,,0.8076923076923077,0.8076923076923077,1.4420416153846154,1.921502307692308,5.038461538461538,9.115384615384617,279.34615384615387,21.23076923076923,1.4420416153846154,1.921502307692308,5.038461538461538,9.115384615384617,279.34615384615387,21.23076923076923,7.802083333333333,0.4821521729341383,0.0499849583333331,0.7404410833333339,2.8,3.4,2.45,223,Girona,1.57036,8.0,0.697106,4.0,272.0,16.0,1.57036,8.0,0.697106,4.0,272.0,16.0,2.17241,7.666666666666667,1.8434186666666663,8.333333333333334,309.0,19.666666666666668,2.17241,7.666666666666667,1.8434186666666663,8.333333333333334,309.0,19.666666666666668,1.956689,7.8,1.5509026,7.2,256.8,22.6,1.956689,7.8,1.5509026,7.2,256.8,22.6,26.0,5.0,15.0,5.0,15.0,-0.5,-1,0,2,1.0789473684210529,1.2174049684210526,1.4838224815789474,6.078947368421052,5.7368421052631575,230.5,21.31578947368421,38.0,1.1538461538461535,1.1538461538461535,1.3573406153846153,1.8433099615384616,5.653846153846154,7.423076923076923,257.96153846153845,19.26923076923077,1.3573406153846153,1.8433099615384616,5.653846153846154,7.423076923076923,257.96153846153845,19.26923076923077,5.802083333333333,0.5110674204729451,0.4715413750000001,0.4237270416666665,2.0,1.3447037701974869,-2.0,-4.0,-2.0,-4.0,-0.0289152475388067,-0.421556416666667,0.3167140416666674,,,,-0.346153846153846,1.2021700000000002,-0.6014440000000001,0.0,35.0,1.2021700000000002,-0.6014440000000001,0.0,35.0,-0.789269666666667,-0.8041846666666674,-1.333333333333334,27.0,-0.789269666666667,-0.8041846666666674,-1.333333333333334,27.0,-0.7122686000000003,-0.7411762000000002,-2.3999999999999995,-33.0,-0.7122686000000003,-0.7411762000000002,-2.3999999999999995,-33.0,1.059423769507803,0.3371104815864023,0.2776203966005666,0.3852691218130311,-0.0481586402266288,0.7223796033994334,0.3852691218130311,0.0481586402266288,1.0898007111823305,1,1439.2972922807062,1487.9866423793003,-48.689350098594105,0.5162715858220979,draw,3.4,0.4349365,0.2776203966005666,0.15731609703461102,0.4787840783596038,True,2.4,False,La_liga 2025_151_223_2026-03-07 15:15:00|draw,"train=ALL|bet=La_liga|outcome=draw|odds=[2.20,4.00)|fav=nonfavorite","train=ALL|bet=La_liga|outcome=draw|odds=[2.20,4.00)|fav=nonfavorite"
La_liga 2025_151_239_2025-10-26 13:00:00,2025-10-26 13:00:00,La_liga,2025,239,Mallorca,151,Levante,d,1.95555,2.0,1.25884,4.0,242.0,22.0,1.95555,2.0,1.25884,4.0,242.0,22.0,1.0706643333333332,2.6666666666666665,1.186255,4.333333333333333,234.0,19.0,1.0706643333333332,2.6666666666666665,1.186255,4.333333333333333,234.0,19.0,0.8768138000000001,2.6,1.6950109999999998,6.6,249.2,19.0,0.8768138000000001,2.6,1.6950109999999998,6.6,249.2,19.0,9.0,7.0,8.0,7.0,9.263157894736842,0.5999999999999999,1,1,0,1.263157894736842,1.1684678684210523,1.416224605263158,3.763157894736842,6.815789473684211,243.76315789473685,19.44736842105263,38.0,0.8888888888888888,0.8888888888888888,0.9066646666666666,1.7702197777777775,3.0,7.777777777777778,242.44444444444449,17.444444444444443,0.9066646666666666,1.7702197777777775,3.0,7.777777777777778,242.44444444444449,17.444444444444443,8.041666666666666,1.5966901977143402,0.1168187083333331,-0.5522047499999998,2.09,3.41,3.81,151,Levante,0.940509,8.0,2.53118,5.0,239.0,20.0,0.940509,8.0,2.53118,5.0,239.0,20.0,1.2800163333333334,7.0,1.4825523333333332,4.666666666666667,238.66666666666663,22.666666666666668,1.2800163333333334,7.0,1.4825523333333332,4.666666666666667,238.66666666666663,22.666666666666668,2.0086178,7.2,1.7869324,6.6,261.8,23.6,2.0086178,7.2,1.7869324,6.6,261.8,23.6,9.0,7.0,8.0,7.0,8.0,0.5999999999999999,-1,0,1,,,,,,,,,0.8888888888888888,0.8888888888888888,1.7185724444444446,1.8641824444444444,5.777777777777778,8.777777777777779,276.1111111111111,20.55555555555556,1.7185724444444446,1.8641824444444444,5.777777777777778,8.777777777777779,276.1111111111111,20.55555555555556,6.854166666666667,0.6969967108031208,-0.5606239166666667,-0.3992591666666667,1.1874999999999991,1.1732522796352582,0.0,0.0,0.0,1.2631578947368425,0.8996934869112194,0.6774426249999999,-0.152945583333333,,,,0.0,1.015041,1.27234,-6.0,-3.0,1.015041,1.27234,-6.0,-3.0,-0.2093520000000002,0.2962973333333332,-4.333333333333334,4.666666666666657,-0.2093520000000002,0.2962973333333332,-4.333333333333334,4.666666666666657,-1.131804,0.0919214000000001,-4.6,12.600000000000025,-1.131804,0.0919214000000001,-4.6,12.600000000000025,1.0341912230873904,0.4626503192447804,0.2835598730855105,0.2537898076697089,0.2088605115750715,0.7164401269144894,0.4626503192447804,0.1790904461592699,1.0619919210123796,1,1471.6326357764449,1471.7863391186863,-0.1537033422416698,0.5852839333687198,draw,3.41,0.4256104,0.28355987308551056,0.14205052020024078,0.45133144110441203,True,2.41,False,La_liga 2025_151_239_2025-10-26 13:00:00|draw,"train=ALL|bet=La_liga|outcome=draw|odds=[2.20,4.00)|fav=nonfavorite","train=ALL|bet=La_liga|outcome=draw|odds=[2.20,4.00)|fav=nonfavorite"
La_liga 2025_152_154_2025-08-31 15:00:00,2025-08-31 15:00:00,La_liga,2025,152,Celta Vigo,154,Villarreal,d,0.905201,12.0,0.714458,3.0,298.0,15.0,0.905201,12.0,0.714458,3.0,298.0,15.0,0.8556203333333334,8.333333333333334,0.9602473333333332,5.0,217.66666666666663,19.666666666666668,0.8556203333333334,8.333333333333334,0.9602473333333332,5.0,217.66666666666663,19.666666666666668,0.8556203333333334,8.333333333333334,0.9602473333333332,5.0,217.66666666666663,19.666666666666668,1.1286348210526316,7.83157894736842,1.1057549368421051,4.884210526315789,232.9684210526316,20.49473684210526,3.0,2.0,2.0,4.894736842105264,12.13157894736842,0.2,0,2,3,1.4473684210526316,1.5381565526315788,1.324016342105263,7.078947368421052,4.7105263157894735,255.92105263157896,21.73684210526316,38.0,0.6666666666666666,0.6666666666666666,0.8556203333333334,0.9602473333333332,8.333333333333334,5.0,217.66666666666663,19.666666666666668,0.8556203333333334,0.9602473333333332,8.333333333333334,5.0,217.66666666666663,19.666666666666668,3.8333333333333335,0.7791617852391843,0.0,0.0,2.76,3.64,2.52,154,Villarreal,2.97707,12.0,0.140267,4.0,295.0,16.0,2.97707,12.0,0.140267,4.0,295.0,16.0,2.79223,16.0,0.4980235,2.0,261.5,22.0,2.51107498245614,13.31578947368421,0.7837603947368422,3.3684210526315788,263.42105263157896,21.31578947368421,2.79223,16.0,0.4980235,2.0,261.5,22.0,2.2861509684210524,11.16842105263158,1.0123499105263158,4.463157894736843,264.9578947368421,20.768421052631577,2.0,6.0,6.0,11.526315789473683,20.73684210526316,0.6,2,2,0,1.8421052631578947,1.948764947368421,1.3552341842105264,7.947368421052632,6.105263157894737,267.2631578947368,19.94736842105263,38.0,3.0,3.0,2.79223,0.4980235,16.0,2.0,261.5,22.0,2.79223,0.4980235,16.0,2.0,261.5,22.0,6.895833333333333,1.074410059150856,0.0,0.0,-3.0625,0.5558912386706949,-4.0,-4.0,-6.631578947368421,-8.605263157894736,-0.2952482739116717,0.0,0.0,-0.394736842105263,-0.4106083947368422,0.0312178421052633,-2.333333333333333,-2.071869,-0.574191,0.0,-3.0,-2.071869,-0.574191,0.0,-3.0,-1.9366096666666663,-0.4622238333333332,-7.666666666666666,43.83333333333334,-1.6554546491228068,-0.176486938596491,-4.982456140350877,45.7543859649123,-1.9366096666666663,-0.4622238333333332,-7.666666666666666,43.83333333333334,-1.1575161473684208,-0.0934050263157892,-3.336842105263159,31.98947368421051,1.0338695121303816,0.3504492939666239,0.2657252888318356,0.3838254172015404,-0.0333761232349165,0.7342747111681643,0.3838254172015404,0.0333761232349165,1.08716224133257,1,1503.850623079432,1597.0626354005751,-93.21201232114343,0.4523491252922604,draw,3.64,0.40302277,0.2657252888318356,0.13729747728144565,0.46700286865234375,True,2.64,False,La_liga 2025_152_154_2025-08-31 15:00:00|draw,"train=ALL|bet=La_liga|outcome=draw|odds=[2.20,4.00)|fav=nonfavorite","train=ALL|bet=La_liga|outcome=draw|odds=[2.20,4.00)|fav=nonfavorite"
La_liga 2025_152_157_2026-02-06 20:00:00,2026-02-06 20:00:00,La_liga,2025,152,Celta Vigo,157,Osasuna,l,0.256881,4.0,0.499866,2.0,169.0,14.0,0.256881,4.0,0.499866,2.0,169.0,14.0,1.2635903333333334,7.666666666666667,1.3247153333333332,4.0,211.0,19.33333333333333,1.2635903333333334,7.666666666666667,1.3247153333333332,4.0,211.0,19.33333333333333,1.6914702,6.4,1.2059254,4.8,251.4,19.2,1.6914702,6.4,1.2059254,4.8,251.4,19.2,22.0,10.0,20.0,10.0,20.0,0.0,0,1,2,1.4473684210526316,1.5381565526315788,1.324016342105263,7.078947368421052,4.7105263157894735,255.92105263157896,21.73684210526316,38.0,1.5,1.5,1.3142369090909092,1.4535384545454546,6.818181818181818,5.636363636363637,257.8181818181818,20.272727272727277,1.3142369090909092,1.4535384545454546,6.818181818181818,5.636363636363637,257.8181818181818,20.272727272727277,5.104166666666667,1.182403331589004,-0.3160571666666667,-0.0039819166666668,1.95,3.3,4.1,157,Osasuna,2.13467,3.0,0.911128,1.0,248.0,23.0,2.13467,3.0,0.911128,1.0,248.0,23.0,1.8462633333333336,4.333333333333333,0.9808073333333336,4.333333333333333,236.0,23.33333333333333,1.8462633333333336,4.333333333333333,0.9808073333333336,4.333333333333333,236.0,23.33333333333333,1.5267162,4.8,1.0960892,6.6,232.6,21.2,1.5267162,4.8,1.0960892,6.6,232.6,21.2,22.0,8.0,15.0,8.0,15.0,0.1,0,3,1,1.368421052631579,1.3008542736842106,1.5397232631578948,4.2368421052631575,7.342105263157895,251.3421052631579,21.94736842105263,38.0,1.181818181818182,1.181818181818182,1.2554282727272728,1.2960375,4.545454545454546,6.818181818181818,253.45454545454547,20.63636363636364,1.2554282727272728,1.2960375,4.545454545454546,6.818181818181818,253.45454545454547,20.63636363636364,6.197916666666667,1.04800093153554,0.3458723333333335,-0.1302894166666662,-1.09375,0.8235294117647058,2.0,5.0,2.0,5.0,0.134402400053464,-0.6619295000000003,0.1263074999999994,0.0789473684210526,0.2373022789473682,0.2157069210526316,0.3181818181818181,-1.877789,0.411262,1.0,79.0,-1.877789,0.411262,1.0,79.0,-0.5826730000000002,-0.3439079999999995,3.333333333333334,25.0,-0.5826730000000002,-0.3439079999999995,3.333333333333334,25.0,0.1647540000000003,-0.1098362000000001,1.6000000000000003,-18.80000000000001,0.1647540000000003,-0.1098362000000001,1.6000000000000003,-18.80000000000001,1.0597532548752062,0.4839055793991416,0.2859442060085836,0.2301502145922746,0.253755364806867,0.7140557939914163,0.4839055793991416,0.1979613733905579,1.0473366291527246,0,1544.5166476696745,1500.9101064403044,43.606541229369896,0.6448338992100187,draw,3.3,0.50290173,0.28594420600858367,0.21695752691301667,0.659575718641281,False,-1.0,False,La_liga 2025_152_157_2026-02-06 20:00:00|draw,"train=ALL|bet=La_liga|outcome=draw|odds=[2.20,4.00)|fav=nonfavorite","train=ALL|bet=La_liga|outcome=draw|odds=[2.20,4.00)|fav=nonfavorite"
La_liga 2025_152_223_2026-03-01 20:00:00,2026-03-01 20:00:00,La_liga,2025,223,Girona,152,Celta Vigo,l,2.05717,7.0,2.1366,8.0,266.0,26.0,2.05717,7.0,2.1366,8.0,266.0,26.0,2.516286666666667,8.0,1.9304656666666664,9.333333333333334,292.0,23.666666666666668,2.516286666666667,8.0,1.9304656666666664,9.333333333333334,292.0,23.666666666666668,1.845759,7.2,1.6332614,7.2,229.8,23.8,1.845759,7.2,1.6332614,7.2,229.8,23.8,25.0,6.0,18.0,6.0,18.0,-0.6000000000000001,0,3,1,1.0789473684210529,1.2174049684210526,1.4838224815789474,6.078947368421052,5.7368421052631575,230.5,21.31578947368421,38.0,1.2,1.2,1.34881984,1.88915812,5.56,7.56,257.4,19.4,1.34881984,1.88915812,5.56,7.56,257.4,19.4,6.0,0.6501390484185487,0.829570541666667,0.4124897916666667,2.38,3.3,3.0,152,Celta Vigo,2.93904,10.0,0.0207331,0.0,238.0,25.0,2.93904,10.0,0.0207331,0.0,238.0,25.0,2.59636,9.666666666666666,0.7281276999999999,3.333333333333333,229.0,16.333333333333332,2.59636,9.666666666666666,0.7281276999999999,3.333333333333333,229.0,16.333333333333332,1.9354222,8.6,0.96784182,3.6,212.6,17.4,1.9354222,8.6,0.96784182,3.6,212.6,17.4,25.0,5.0,18.0,5.0,18.0,-0.8,1,2,0,1.4473684210526316,1.5381565526315788,1.324016342105263,7.078947368421052,4.7105263157894735,255.92105263157896,21.73684210526316,38.0,1.48,1.48,1.46809168,1.366489164,7.16,5.36,254.36,19.8,1.46809168,1.366489164,7.16,5.36,254.36,19.8,7.104166666666667,0.5166831298600705,0.5655561250000001,-0.2986235625,-1.104166666666667,0.8445747800586509,1.0,0.0,1.0,0.0,0.1334559185584782,0.2640144166666669,0.7111133541666668,-0.368421052631579,-0.3207515842105262,-0.1598061394736842,-0.28,-0.8818699999999997,-2.1158669,-3.0,-28.0,-0.8818699999999997,-2.1158669,-3.0,-28.0,-0.0800733333333334,-1.2023379666666667,-1.666666666666666,-63.0,-0.0800733333333334,-1.2023379666666667,-1.666666666666666,-63.0,-0.0896632000000001,-0.6654195799999998,-1.3999999999999997,-17.200000000000017,-0.0896632000000001,-0.6654195799999998,-1.3999999999999997,-17.200000000000017,1.056531703590527,0.3976861894432393,0.2868161002651241,0.3154977102916365,0.0821884791516028,0.7131838997348758,0.3976861894432393,0.0821884791516028,1.0888713025652548,0,1498.557797792518,1538.692205681131,-40.13440788861317,0.5285577706608842,draw,3.3,0.4436737,0.28681610026512416,0.15685759982909886,0.46412321031093584,False,-1.0,False,La_liga 2025_152_223_2026-03-01 20:00:00|draw,"train=ALL|bet=La_liga|outcome=draw|odds=[2.20,4.00)|fav=nonfavorite","train=ALL|bet=La_liga|outcome=draw|odds=[2.20,4.00)|fav=nonfavorite"
La_liga 2025_152_239_2026-02-22 17:30:00,2026-02-22 17:30:00,La_liga,2025,152,Celta Vigo,239,Mallorca,w,2.81494,12.0,1.16112,4.0,239.0,14.0,2.81494,12.0,1.16112,4.0,239.0,14.0,1.702307,7.666666666666667,0.8878386666666666,4.0,206.0,12.666666666666666,1.702307,7.666666666666667,0.8878386666666666,4.0,206.0,12.666666666666666,1.7281622000000003,8.4,1.2275592,4.4,216.4,16.4,1.7281622000000003,8.4,1.2275592,4.4,216.4,16.4,24.0,5.0,18.0,5.0,18.0,-0.8,0,1,4,1.4473684210526316,1.5381565526315788,1.324016342105263,7.078947368421052,4.7105263157894735,255.92105263157896,21.73684210526316,38.0,1.4166666666666667,1.4166666666666667,1.4068021666666668,1.4225623333333333,7.041666666666667,5.583333333333333,255.04166666666663,19.58333333333333,1.4068021666666668,1.4225623333333333,7.041666666666667,5.583333333333333,255.04166666666663,19.58333333333333,8.1875,0.57864938828327,-0.0361179999999998,-0.2010123333333334,1.83,3.5,4.5,239,Mallorca,0.731317,5.0,2.04841,7.0,192.0,21.0,0.731317,5.0,2.04841,7.0,192.0,21.0,1.5952156666666666,4.0,1.9244233333333332,7.333333333333333,304.6666666666667,26.0,1.5952156666666666,4.0,1.9244233333333332,7.333333333333333,304.6666666666667,26.0,1.653572,3.8,1.89614,7.8,286.8,22.8,1.653572,3.8,1.89614,7.8,286.8,22.8,24.0,6.0,11.0,6.0,11.0,0.0999999999999998,-2,0,2,1.263157894736842,1.1684678684210523,1.416224605263158,3.763157894736842,6.815789473684211,243.76315789473685,19.44736842105263,38.0,1.0,1.0,1.1991612916666667,1.76916025,3.458333333333333,7.5,254.41666666666663,19.166666666666668,1.1991612916666667,1.76916025,3.458333333333333,7.5,254.41666666666663,19.166666666666668,6.895833333333333,0.725701692974276,0.2192054166666663,0.0307970833333333,1.291666666666667,1.187311178247734,-1.0,7.0,-1.0,7.0,-0.147052304691006,-0.2553234166666662,-0.2318094166666667,0.1842105263157896,0.3696886842105262,0.0922082631578948,0.4166666666666667,2.083623,0.8872900000000001,7.0,-47.0,2.083623,0.8872900000000001,7.0,-47.0,0.1070913333333334,1.0365846666666667,3.666666666666667,98.66666666666669,0.1070913333333334,1.0365846666666667,3.666666666666667,98.66666666666669,0.0745902000000002,0.6685808000000002,4.6000000000000005,70.4,0.0745902000000002,0.6685808000000002,4.6000000000000005,70.4,1.0543845953682018,0.5182625863770978,0.2709772951628825,0.2107601184600197,0.307502467917078,0.7290227048371174,0.5182625863770978,0.2472852912142152,1.022621481774817,2,1532.2785626209793,1461.879269109601,70.39929351137835,0.6793178469924129,draw,3.5,0.43922243,0.27097729516288255,0.1682451300595143,0.537278488278389,False,-1.0,False,La_liga 2025_152_239_2026-02-22 17:30:00|draw,"train=ALL|bet=La_liga|outcome=draw|odds=[2.20,4.00)|fav=nonfavorite","train=ALL|bet=La_liga|outcome=draw|odds=[2.20,4.00)|fav=nonfavorite"
La_liga 2025_153_154_2026-01-17 20:00:00,2026-01-17 20:00:00,La_liga,2025,153,Real Betis,154,Villarreal,w,2.70809,15.0,1.01026,4.0,222.0,18.0,2.70809,15.0,1.01026,4.0,222.0,18.0,2.380977666666667,8.666666666666666,1.7549400000000002,5.666666666666667,266.0,19.666666666666668,2.380977666666667,8.666666666666666,1.7549400000000002,5.666666666666667,266.0,19.666666666666668,2.1347678,8.8,2.1505,5.4,289.2,20.8,2.1347678,8.8,2.1505,5.4,289.2,20.8,19.0,5.0,13.0,5.0,13.0,-0.3,0,1,2,1.5789473684210529,1.5997800263157895,1.3613451578947369,6.973684210526316,5.2105263157894735,241.6578947368421,23.23684210526316,38.0,1.5263157894736843,1.5263157894736843,1.715741315789474,1.3816317368421054,8.0,5.315789473684211,275.7894736842105,21.84210526315789,1.715741315789474,1.3816317368421054,8.0,5.315789473684211,275.7894736842105,21.84210526315789,7.291666666666667,0.4684350213200297,0.503456541666667,-0.1110857499999997,2.6,3.5,2.63,154,Villarreal,1.38322,10.0,0.844572,3.0,359.0,22.0,1.38322,10.0,0.844572,3.0,359.0,22.0,2.06096,7.333333333333333,1.8798573333333335,9.333333333333334,377.0,18.666666666666668,2.06096,7.333333333333333,1.8798573333333335,9.333333333333334,377.0,18.666666666666668,1.7260402,7.6,1.4586652,6.0,322.0,19.8,1.7260402,7.6,1.4586652,6.0,322.0,19.8,18.0,12.0,25.0,12.0,25.0,-0.1,2,2,0,1.8421052631578947,1.948764947368421,1.3552341842105264,7.947368421052632,6.105263157894737,267.2631578947368,19.94736842105263,38.0,2.2777777777777777,2.2777777777777777,1.948263888888889,1.3243604444444446,8.61111111111111,6.055555555555555,308.55555555555554,20.38888888888889,1.948263888888889,1.3243604444444446,8.61111111111111,6.055555555555555,308.55555555555554,20.38888888888889,7.197916666666667,1.3904658765896107,0.1294498750000001,0.5998019583333338,0.09375,1.0130246020260492,-7.0,-12.0,-7.0,-12.0,-0.9220308552695812,0.3740066666666668,-0.7108877083333336,-0.263157894736842,-0.3489849210526314,-0.0061109736842104,-0.7514619883040934,1.32487,-0.1656879999999999,5.0,137.0,1.32487,-0.1656879999999999,5.0,137.0,0.3200176666666667,0.1249173333333335,1.333333333333333,111.0,0.3200176666666667,0.1249173333333335,1.333333333333333,111.0,0.4087276000000002,-0.6918348000000001,1.200000000000001,32.80000000000001,0.4087276000000002,-0.6918348000000001,1.200000000000001,32.80000000000001,1.0505578072117996,0.3661058743984409,0.2719643638388418,0.3619297617627173,0.0041761126357235,0.7280356361611582,0.3661058743984409,0.0041761126357235,1.0898267379994149,2,1562.8654879317544,1642.429440808938,-79.56395287718374,0.4718749283450774,draw,3.5,0.41988575,0.2719643638388418,0.1479213907464243,0.4696001410484314,False,-1.0,False,La_liga 2025_153_154_2026-01-17 20:00:00|draw,"train=ALL|bet=La_liga|outcome=draw|odds=[2.20,4.00)|fav=nonfavorite","train=ALL|bet=La_liga|outcome=draw|odds=[2.20,4.00)|fav=nonfavorite"
La_liga 2025_153_158_2025-08-22 19:30:00,2025-08-22 19:30:00,La_liga,2025,153,Real Betis,158,Alaves,w,1.59562,8.0,0.981494,5.0,405.0,19.0,1.59562,8.0,0.981494,5.0,405.0,19.0,1.59562,8.0,0.981494,5.0,405.0,19.0,1.598393350877193,7.31578947368421,1.234728105263158,5.140350877192982,296.10526315789474,21.82456140350877,1.59562,8.0,0.981494,5.0,405.0,19.0,1.5989480210526317,7.178947368421052,1.2853749263157894,5.168421052631579,274.32631578947365,22.389473684210525,1.0,1.0,1.0,7.315789473684211,15.210526315789474,0.1,0,1,1,1.5789473684210529,1.5997800263157895,1.3613451578947369,6.973684210526316,5.2105263157894735,241.6578947368421,23.23684210526316,38.0,1.0,1.0,1.59562,0.981494,8.0,5.0,405.0,19.0,1.59562,0.981494,8.0,5.0,405.0,19.0,4.020833333333333,0.6267156336554345,0.0,0.0,1.92,3.45,4.6,158,Alaves,1.72315,2.0,0.74203,2.0,134.0,21.0,1.72315,2.0,0.74203,2.0,134.0,21.0,1.72315,2.0,0.74203,2.0,134.0,21.0,1.388013754385965,3.333333333333333,1.1506645789473684,3.4912280701754383,209.38596491228068,24.42105263157895,1.72315,2.0,0.74203,2.0,134.0,21.0,1.3209865052631578,3.6,1.232391494736842,3.789473684210526,224.46315789473684,25.105263157894736,1.0,3.0,3.0,7.421052631578948,12.947368421052632,0.3,1,1,0,1.105263157894737,1.2204456315789474,1.3549818684210526,4.0,4.2368421052631575,247.07894736842104,26.13157894736842,38.0,3.0,3.0,1.72315,0.74203,2.0,2.0,134.0,21.0,1.72315,0.74203,2.0,2.0,134.0,21.0,6.0,1.7409975906096409,0.0,0.0,-1.979166666666667,0.6701388888888888,-2.0,-2.0,-0.1052631578947371,2.2631578947368425,-1.1142819569542062,0.0,0.0,0.4736842105263157,0.3793343947368421,-0.0063632894736842,-2.0,-0.1275299999999999,-0.239464,6.0,-271.0,-0.1275299999999999,-0.239464,6.0,-271.0,-0.1275299999999999,-0.239464,6.0,-271.0,0.210379596491228,-0.0840635263157896,3.982456140350876,-86.71929824561406,-0.1275299999999999,-0.239464,6.0,-271.0,0.2779615157894739,-0.0529834315789474,3.578947368421052,-49.863157894736815,1.0280797101449275,0.5066079295154184,0.2819383259911894,0.211453744493392,0.2951541850220264,0.7180616740088106,0.5066079295154184,0.224669603524229,1.030001292281528,2,1551.7340908198332,1493.343755033898,58.39033578593535,0.6640755313067638,draw,3.45,0.47593778,0.2819383259911894,0.19399945772691973,0.6419853538274767,False,-1.0,False,La_liga 2025_153_158_2025-08-22 19:30:00|draw,"train=ALL|bet=La_liga|outcome=draw|odds=[2.20,4.00)|fav=nonfavorite","train=ALL|bet=La_liga|outcome=draw|odds=[2.20,4.00)|fav=nonfavorite"
La_liga 2025_153_158_2026-01-25 20:00:00,2026-01-25 20:00:00,La_liga,2025,158,Alaves,153,Real Betis,w,1.21004,0.0,1.7743,13.0,303.0,12.0,1.21004,0.0,1.7743,13.0,303.0,12.0,1.2073906666666667,2.6666666666666665,2.125526666666667,11.333333333333334,240.66666666666663,23.0,1.2073906666666667,2.6666666666666665,2.125526666666667,11.333333333333334,240.66666666666663,23.0,1.1307686,2.6,2.134918,8.4,237.0,21.2,1.1307686,2.6,2.134918,8.4,237.0,21.2,20.0,1.0,7.0,1.0,7.0,-0.4999999999999999,-2,0,5,1.105263157894737,1.2204456315789474,1.3549818684210526,4.0,4.2368421052631575,247.07894736842104,26.13157894736842,38.0,0.95,0.95,1.31225475,1.38320835,3.25,5.95,241.5,24.55,1.31225475,1.38320835,3.25,5.95,241.5,24.55,7.197916666666667,0.1768708469306857,-0.0350659583333332,0.1744754166666671,2.75,3.0,2.7,153,Real Betis,1.34951,7.0,1.17907,4.0,210.0,34.0,1.34951,7.0,1.17907,4.0,210.0,34.0,1.6774076666666666,9.0,1.7322100000000002,6.0,273.3333333333333,24.33333333333333,1.6774076666666666,9.0,1.7322100000000002,6.0,273.3333333333333,24.33333333333333,1.8562418,8.2,1.7257379999999998,4.6,249.6,21.2,1.8562418,8.2,1.7257379999999998,4.6,249.6,21.2,20.0,8.0,16.0,8.0,16.0,0.0,1,2,0,1.5789473684210529,1.5997800263157895,1.3613451578947369,6.973684210526316,5.2105263157894735,241.6578947368421,23.23684210526316,38.0,1.6,1.6,1.69742975,1.37150365,7.95,5.25,272.5,22.45,1.69742975,1.37150365,7.95,5.25,272.5,22.45,8.0,0.8619566695608346,-0.1701372083333334,-0.0372644999999995,-0.802083333333333,0.8997395833333334,-7.0,-9.0,-7.0,-9.0,-0.6850858226301488,0.1350712500000002,0.2117399166666667,-0.4736842105263157,-0.3793343947368421,0.0063632894736842,-0.6500000000000001,-0.1394699999999999,-0.5952299999999999,-7.0,-93.0,-0.1394699999999999,-0.5952299999999999,-7.0,-93.0,-0.4700169999999999,-0.3933166666666667,-6.333333333333334,32.66666666666666,-0.4700169999999999,-0.3933166666666667,-6.333333333333334,32.66666666666666,-0.7254731999999997,-0.4091800000000001,-5.6,12.599999999999994,-0.7254731999999997,-0.4091800000000001,-5.6,12.599999999999994,1.0673400673400677,0.3406940063091482,0.3123028391167192,0.3470031545741324,-0.0063091482649841,0.6876971608832808,0.3470031545741324,0.0063091482649841,1.097577237820795,2,1451.0742096552444,1573.427989364853,-122.35377970960847,0.4112168619659824,draw,3.0,0.5092546,0.3123028391167192,0.1969517356589766,0.5277637243270874,False,-1.0,False,La_liga 2025_153_158_2026-01-25 20:00:00|draw,"train=ALL|bet=La_liga|outcome=draw|odds=[2.20,4.00)|fav=nonfavorite","train=ALL|bet=La_liga|outcome=draw|odds=[2.20,4.00)|fav=nonfavorite"
La_liga 2025_154_157_2026-01-31 15:15:00,2026-01-31 15:15:00,La_liga,2025,157,Osasuna,154,Villarreal,d,1.36861,5.0,0.669564,7.0,274.0,23.0,1.36861,5.0,0.669564,7.0,274.0,23.0,1.54362,6.0,1.0051060000000005,6.666666666666667,233.0,22.33333333333333,1.54362,6.0,1.0051060000000005,6.666666666666667,233.0,22.33333333333333,1.5780721999999998,5.0,1.0575978,6.8,231.2,23.0,1.5780721999999998,5.0,1.0575978,6.8,231.2,23.0,21.0,10.0,14.0,10.0,14.0,0.6000000000000001,2,2,0,1.368421052631579,1.3008542736842106,1.5397232631578948,4.2368421052631575,7.342105263157895,251.3421052631579,21.94736842105263,38.0,1.1904761904761905,1.1904761904761905,1.213559619047619,1.314366523809524,4.619047619047619,7.095238095238095,253.7142857142857,20.52380952380953,1.213559619047619,1.314366523809524,4.619047619047619,7.095238095238095,253.7142857142857,20.52380952380953,7.09375,1.2673691354213872,0.17117775,-0.1303259999999999,2.75,3.3,2.55,154,Villarreal,0.952831,8.0,1.62206,11.0,297.0,29.0,0.952831,8.0,1.62206,11.0,297.0,29.0,1.1717069999999998,7.333333333333333,1.2720473333333338,7.0,320.3333333333333,24.0,1.1717069999999998,7.333333333333333,1.2720473333333338,7.0,320.3333333333333,24.0,1.6629562,6.8,1.7222284,9.2,346.6,21.2,1.6629562,6.8,1.7222284,9.2,346.6,21.2,20.0,6.0,21.0,6.0,21.0,-0.9000000000000001,-2,0,2,1.8421052631578947,1.948764947368421,1.3552341842105264,7.947368421052632,6.105263157894737,267.2631578947368,19.94736842105263,38.0,2.05,2.05,1.86003255,1.3405029000000002,8.35,6.35,307.8,20.85,1.86003255,1.3405029000000002,8.35,6.35,307.8,20.85,6.802083333333333,0.7216064980278366,-0.5031932500000003,-0.1841446666666661,0.2916666666666669,1.0428790199081164,4.0,-7.0,4.0,-7.0,0.5457626373935506,0.6743710000000003,0.0538186666666662,-0.4736842105263157,-0.6479106736842104,-0.1844890789473683,-0.8595238095238094,0.4157790000000001,0.952496,-3.0,23.0,0.4157790000000001,0.952496,-3.0,23.0,0.3719130000000001,0.2669413333333335,-1.333333333333333,87.33333333333331,0.3719130000000001,0.2669413333333335,-1.333333333333333,87.33333333333331,-0.0848840000000001,0.6646306,-1.7999999999999998,115.40000000000003,-0.0848840000000001,0.6646306,-1.7999999999999998,115.40000000000003,1.058823529411765,0.3434343434343433,0.2861952861952861,0.3703703703703703,-0.0269360269360269,0.7138047138047139,0.3703703703703703,0.0269360269360269,1.0929731354564425,1,1499.1201775880847,1621.9858830298658,-122.86570544178107,0.410503557389022,draw,3.3,0.44941434,0.2861952861952861,0.16321905644654433,0.4830673307180404,True,2.3,False,La_liga 2025_154_157_2026-01-31 15:15:00|draw,"train=ALL|bet=La_liga|outcome=draw|odds=[2.20,4.00)|fav=nonfavorite","train=ALL|bet=La_liga|outcome=draw|odds=[2.20,4.00)|fav=nonfavorite"
La_liga 2025_157_158_2025-12-20 17:30:00,2025-12-20 17:30:00,La_liga,2025,157,Osasuna,158,Alaves,w,0.228217,1.0,2.14468,17.0,341.0,17.0,0.228217,1.0,2.14468,17.0,341.0,17.0,1.0297256666666668,3.333333333333333,1.2651556666666668,8.333333333333334,293.3333333333333,23.666666666666668,1.0297256666666668,3.333333333333333,1.2651556666666668,8.333333333333334,293.3333333333333,23.666666666666668,1.0672338,4.6,1.3567274,8.2,268.2,22.4,1.0672338,4.6,1.3567274,8.2,268.2,22.4,16.0,4.0,8.0,4.0,8.0,0.0,-1,0,1,1.368421052631579,1.3008542736842106,1.5397232631578948,4.2368421052631575,7.342105263157895,251.3421052631579,21.94736842105263,38.0,0.9375,0.9375,1.0996494375,1.39460675,4.5,7.1875,260.75,19.75,1.0996494375,1.39460675,4.5,7.1875,260.75,19.75,7.0,0.7496014461405549,-0.1280215833333333,-0.1455693333333332,2.23,3.12,3.78,158,Alaves,1.313,3.0,1.90656,4.0,273.0,22.0,1.313,3.0,1.90656,4.0,273.0,22.0,1.764403333333333,3.6666666666666665,1.838956666666667,6.0,331.6666666666667,25.666666666666668,1.764403333333333,3.6666666666666665,1.838956666666667,6.0,331.6666666666667,25.666666666666668,1.521306,3.6,1.620806,4.8,316.2,25.8,1.521306,3.6,1.620806,4.8,316.2,25.8,16.0,3.0,10.0,3.0,10.0,-0.4,-1,0,1,1.105263157894737,1.2204456315789474,1.3549818684210526,4.0,4.2368421052631575,247.07894736842104,26.13157894736842,38.0,1.125,1.125,1.36901575,1.1810085625,3.4375,5.0625,244.875,25.4375,1.36901575,1.1810085625,3.4375,5.0625,244.875,25.4375,5.895833333333333,0.3943979711649861,0.2321770833333332,0.4621259166666671,1.104166666666667,1.187279151943463,1.0,-2.0,1.0,-2.0,0.3552034749755687,-0.3601986666666665,-0.6076952500000004,0.263157894736842,0.0804086421052632,-0.1847413947368421,-0.1875,-1.0847829999999998,-0.2381200000000001,-2.0,-68.0,-1.0847829999999998,-0.2381200000000001,-2.0,-68.0,-0.7346776666666666,0.5738010000000002,-0.333333333333333,38.33333333333337,-0.7346776666666666,0.5738010000000002,-0.333333333333333,38.33333333333337,-0.4540722000000001,0.2640785999999999,0.9999999999999996,48.0,-0.4540722000000001,0.2640785999999999,0.9999999999999996,48.0,1.0334935783366277,0.4338977064523962,0.310125604291296,0.2559766892563078,0.1779210171960883,0.689874395708704,0.4338977064523962,0.1237721021611002,1.0741810319996496,2,1480.8473664865587,1469.2762775207914,11.57108896576733,0.6015664589255104,draw,3.12,0.46610492,0.310125604291296,0.1559793203875065,0.4542473649978638,False,-1.0,False,La_liga 2025_157_158_2025-12-20 17:30:00|draw,"train=ALL|bet=La_liga|outcome=draw|odds=[2.20,4.00)|fav=nonfavorite","train=ALL|bet=La_liga|outcome=draw|odds=[2.20,4.00)|fav=nonfavorite"
La_liga 2025_157_207_2026-02-13 20:00:00,2026-02-13 20:00:00,La_liga,2025,207,Elche,157,Osasuna,d,1.08664,7.0,1.7719,4.0,167.0,21.0,1.08664,7.0,1.7719,4.0,167.0,21.0,0.8528703333333331,5.666666666666667,4.042313333333333,12.0,224.33333333333331,22.0,0.8528703333333331,5.666666666666667,4.042313333333333,12.0,224.33333333333331,22.0,0.8567548,6.0,3.332902,10.2,199.6,22.2,0.8567548,6.0,3.332902,10.2,199.6,22.2,23.0,2.0,8.0,2.0,8.0,-0.4,-3,0,6,,,,,,,,,1.0434782608695652,1.0434782608695652,1.1984175652173914,1.991457608695652,5.608695652173913,6.565217391304348,188.5217391304348,21.347826086956523,1.1984175652173914,1.991457608695652,5.608695652173913,6.565217391304348,188.5217391304348,21.347826086956523,6.0,0.4668780378080454,-0.3704544166666669,1.1635958333333334,2.7,3.3,2.55,157,Osasuna,1.00253,6.0,2.0351,7.0,329.0,20.0,1.00253,6.0,2.0351,7.0,329.0,20.0,1.5019366666666667,4.666666666666667,1.2052640000000003,5.0,283.6666666666667,22.0,1.5019366666666667,4.666666666666667,1.2052640000000003,5.0,283.6666666666667,22.0,1.5536119999999998,5.4,1.1923092,5.6,255.2,22.0,1.5536119999999998,5.4,1.1923092,5.6,255.2,22.0,23.0,10.0,18.0,10.0,18.0,0.1999999999999999,1,4,0,1.368421052631579,1.3008542736842106,1.5397232631578948,4.2368421052631575,7.342105263157895,251.3421052631579,21.94736842105263,38.0,1.2608695652173914,1.2608695652173914,1.2444326956521738,1.328170652173913,4.608695652173913,6.826086956521739,256.7391304347826,20.608695652173918,1.2444326956521738,1.328170652173913,4.608695652173913,6.826086956521739,256.7391304347826,20.608695652173918,7.0,1.2873227033149433,0.0949644166666667,-0.0920981249999997,-1.0,0.8571428571428571,-8.0,-10.0,-8.0,-10.0,-0.8204446655068979,-0.4654188333333336,1.255693958333333,,,,-0.2173913043478261,0.0841100000000001,0.2631999999999999,1.0,162.0,0.0841100000000001,0.2631999999999999,1.0,162.0,-0.6490663333333336,-2.837049333333333,1.0,59.33333333333334,-0.6490663333333336,-2.837049333333333,1.0,59.33333333333334,-0.6968571999999997,-2.1405928,0.5999999999999996,55.6,-0.6968571999999997,-2.1405928,0.5999999999999996,55.6,1.0655575361457714,0.3475836431226766,0.2843866171003718,0.3680297397769517,-0.0204460966542751,0.7156133828996283,0.3680297397769517,0.0204460966542751,1.0927820073692782,1,1450.0594650565529,1513.8067844245047,-63.74731936795206,0.49460738303453,draw,3.3,0.65741944,0.2843866171003718,0.3730328260301214,1.1694841623306274,True,2.3,False,La_liga 2025_157_207_2026-02-13 20:00:00|draw,"train=ALL|bet=La_liga|outcome=draw|odds=[2.20,4.00)|fav=nonfavorite","train=ALL|bet=La_liga|outcome=draw|odds=[2.20,4.00)|fav=nonfavorite"
La_liga 2025_157_239_2026-03-07 13:00:00,2026-03-07 13:00:00,La_liga,2025,157,Osasuna,239,Mallorca,d,0.259132,4.0,1.31076,4.0,213.0,21.0,0.259132,4.0,1.31076,4.0,213.0,21.0,1.128084,5.333333333333333,1.8890500000000003,7.0,254.33333333333331,22.0,1.128084,5.333333333333333,1.8890500000000003,7.0,254.33333333333331,22.0,1.3042904,5.0,1.7226756,5.8,268.0,21.8,1.3042904,5.0,1.7226756,5.8,268.0,21.8,26.0,8.0,18.0,8.0,18.0,-0.1999999999999999,-1,0,1,1.368421052631579,1.3008542736842106,1.5397232631578948,4.2368421052631575,7.342105263157895,251.3421052631579,21.94736842105263,38.0,1.2692307692307692,1.2692307692307692,1.231007846153846,1.3928875,4.6923076923076925,6.846153846153846,256.46153846153845,20.76923076923077,1.231007846153846,1.3928875,4.6923076923076925,6.846153846153846,256.46153846153845,20.76923076923077,5.90625,1.2267206749008164,-0.2659549999999997,0.4354630000000001,1.73,3.6,5.0,239,Mallorca,0.754182,5.0,0.929702,3.0,324.0,12.0,0.754182,5.0,0.929702,3.0,324.0,12.0,0.5020773666666666,3.333333333333333,1.972384,6.666666666666667,260.0,14.666666666666666,0.5020773666666666,3.333333333333333,1.972384,6.666666666666667,260.0,14.666666666666666,1.11211242,3.4,1.9284024,7.0,300.4,20.2,1.11211242,3.4,1.9284024,7.0,300.4,20.2,26.0,3.0,7.0,3.0,7.0,-0.0999999999999999,-4,0,4,1.263157894736842,1.1684678684210523,1.416224605263158,3.763157894736842,6.815789473684211,243.76315789473685,19.44736842105263,38.0,0.9230769230769232,0.9230769230769232,1.1367225423076923,1.781868769230769,3.3846153846153846,7.423076923076923,257.46153846153845,18.57692307692308,1.1367225423076923,1.781868769230769,3.3846153846153846,7.423076923076923,257.46153846153845,18.57692307692308,6.8125,0.5395138019338883,-0.7604482708333334,0.0473224999999999,-0.90625,0.8669724770642202,5.0,11.0,5.0,11.0,0.6872068729669281,0.4944932708333337,0.3881405000000002,0.1052631578947369,0.132386405263158,-0.1234986578947368,0.346153846153846,-0.49505,-0.3810579999999999,-1.0,111.0,-0.49505,-0.3810579999999999,-1.0,111.0,0.6260066333333335,0.0833339999999995,2.0,5.666666666666657,0.6260066333333335,0.0833339999999995,2.0,5.666666666666657,0.1921779799999998,0.2057267999999998,1.6,32.39999999999998,0.1921779799999998,0.2057267999999998,1.6,32.39999999999998,1.0558124598587026,0.5474785570898474,0.2630938621570655,0.1894275807530872,0.3580509763367602,0.7369061378429345,0.5474785570898474,0.2843846949327818,0.9962730552174116,1,1518.1709020801718,1445.360959806661,72.80994227351084,0.6823332902411989,draw,3.6,0.4861863,0.26309386215706554,0.22309243359069142,0.750270664691925,True,2.6,False,La_liga 2025_157_239_2026-03-07 13:00:00|draw,"train=ALL|bet=La_liga|outcome=draw|odds=[2.20,4.00)|fav=nonfavorite","train=ALL|bet=La_liga|outcome=draw|odds=[2.20,4.00)|fav=nonfavorite"
La_liga 2025_158_223_2026-02-23 20:00:00,2026-02-23 20:00:00,La_liga,2025,158,Alaves,223,Girona,d,1.38983,6.0,0.354256,3.0,88.0,18.0,1.38983,6.0,0.354256,3.0,88.0,18.0,1.907976666666667,4.666666666666667,1.1137053333333335,3.6666666666666665,151.33333333333334,23.666666666666668,1.907976666666667,4.666666666666667,1.1137053333333335,3.6666666666666665,151.33333333333334,23.666666666666668,1.7209980000000002,3.2,1.3804072,5.6,204.0,21.8,1.7209980000000002,3.2,1.3804072,5.6,204.0,21.8,24.0,7.0,11.0,7.0,11.0,0.2999999999999998,0,1,2,1.105263157894737,1.2204456315789474,1.3549818684210526,4.0,4.2368421052631575,247.07894736842104,26.13157894736842,38.0,1.0833333333333333,1.0833333333333333,1.4016685416666668,1.3663292916666665,3.375,5.583333333333333,231.125,24.5,1.4016685416666668,1.3663292916666665,3.375,5.583333333333333,231.125,24.5,9.104166666666666,0.8134814798374569,0.4410025416666669,-0.6232654166666665,2.3,3.0,3.5,223,Girona,2.8897,8.0,2.69655,13.0,389.0,17.0,2.8897,8.0,2.69655,13.0,389.0,17.0,2.0519716666666667,8.0,1.640269,8.0,248.66666666666663,23.666666666666668,2.0519716666666667,8.0,1.640269,8.0,248.66666666666663,23.666666666666668,1.7990789999999997,6.8,1.4594174,6.0,223.4,24.8,1.7990789999999997,6.8,1.4594174,6.0,223.4,24.8,24.0,8.0,17.0,8.0,17.0,-0.0999999999999998,1,2,0,1.0789473684210529,1.2174049684210526,1.4838224815789474,6.078947368421052,5.7368421052631575,230.5,21.31578947368421,38.0,1.2083333333333333,1.2083333333333333,1.31930525,1.8788480416666669,5.5,7.541666666666667,257.0416666666667,19.125,1.31930525,1.8788480416666669,5.5,7.541666666666667,257.0416666666667,19.125,7.0,0.8893439364375503,0.4829455416666668,0.231616875,2.104166666666666,1.300595238095238,-1.0,-6.0,-1.0,-6.0,-0.0758624566000933,-0.0419429999999998,-0.8548822916666665,0.0263157894736842,0.0030406631578947,0.1288406131578947,-0.125,-1.49987,2.342294,-2.0,301.0,-1.49987,2.342294,-2.0,301.0,-0.1439949999999996,0.5265636666666664,-3.333333333333333,97.33333333333331,-0.1439949999999996,0.5265636666666664,-3.333333333333333,97.33333333333331,-0.0780809999999994,0.0790101999999999,-3.6,19.40000000000001,-0.0780809999999994,0.0790101999999999,-3.6,19.40000000000001,1.0538302277432714,0.4125736738703339,0.3163064833005893,0.2711198428290766,0.1414538310412573,0.6836935166994107,0.4125736738703339,0.0962671905697446,1.0832148284073768,1,1464.648014589299,1497.786189134806,-33.1381745455069,0.538580432885606,draw,3.0,0.5206342,0.3163064833005893,0.20432769104633453,0.5619025230407715,True,2.0,False,La_liga 2025_158_223_2026-02-23 20:00:00|draw,"train=ALL|bet=La_liga|outcome=draw|odds=[2.20,4.00)|fav=nonfavorite","train=ALL|bet=La_liga|outcome=draw|odds=[2.20,4.00)|fav=nonfavorite"
La_liga 2025_207_223_2025-12-07 13:00:00,2025-12-07 13:00:00,La_liga,2025,207,Elche,223,Girona,w,0.448894,4.0,1.34046,3.0,104.0,14.0,0.448894,4.0,1.34046,3.0,104.0,14.0,0.9507936666666664,7.666666666666667,2.23175,5.333333333333333,163.33333333333334,16.333333333333332,0.9507936666666664,7.666666666666667,2.23175,5.333333333333333,163.33333333333334,16.333333333333332,0.90312,6.4,2.241194,6.4,174.8,19.4,0.90312,6.4,2.241194,6.4,174.8,19.4,14.0,2.0,10.0,2.0,10.0,-0.6,-1,0,7,,,,,,,,,1.1428571428571428,1.1428571428571428,1.1558482857142856,1.5709101428571428,5.142857142857143,6.0,184.42857142857144,19.642857142857142,1.1558482857142856,1.5709101428571428,5.142857142857143,6.0,184.42857142857144,19.642857142857142,8.708333333333334,0.4429090263878755,-0.3038329583333335,0.3419272499999999,2.16,3.57,3.45,223,Girona,1.05171,6.0,2.21359,19.0,257.0,12.0,1.05171,6.0,2.21359,19.0,257.0,12.0,1.26813,4.333333333333333,1.9332366666666665,11.666666666666666,276.0,18.33333333333333,1.26813,4.333333333333333,1.9332366666666665,11.666666666666666,276.0,18.33333333333333,1.517874,4.0,1.88518,7.2,220.6,20.6,1.517874,4.0,1.88518,7.2,220.6,20.6,14.0,6.0,11.0,6.0,11.0,0.0999999999999998,0,3,2,1.0789473684210529,1.2174049684210526,1.4838224815789474,6.078947368421052,5.7368421052631575,230.5,21.31578947368421,38.0,0.8571428571428571,0.8571428571428571,1.2257952857142858,2.228894,4.928571428571429,7.714285714285714,260.7142857142857,17.0,1.2257952857142858,2.228894,4.928571428571429,7.714285714285714,260.7142857142857,17.0,6.708333333333333,0.7905794551075281,-0.172355,0.0554021666666664,2.000000000000001,1.298136645962733,-4.0,-1.0,-4.0,-1.0,-0.3476704287196526,-0.1314779583333335,0.2865250833333335,,,,0.2857142857142857,-0.6028159999999999,0.87313,-2.0,153.0,-0.6028159999999999,0.87313,-2.0,153.0,-0.3173363333333335,-0.2985133333333334,3.333333333333334,112.66666666666666,-0.3173363333333335,-0.2985133333333334,3.333333333333334,112.66666666666666,-0.6147539999999999,-0.356014,2.4000000000000004,45.79999999999998,-0.6147539999999999,-0.356014,2.4000000000000004,45.79999999999998,1.0329300802446582,0.4482035830085481,0.2711819998034913,0.2806144171879606,0.1675891658205875,0.7288180001965087,0.4482035830085481,0.1675891658205875,1.0701673122542903,2,1470.3610256128104,1464.118835641469,6.242189971341077,0.5941915996729304,draw,3.57,0.40639082,0.2711819998034913,0.13520881616979058,0.45081521302461613,False,-1.0,False,La_liga 2025_207_223_2025-12-07 13:00:00|draw,"train=ALL|bet=La_liga|outcome=draw|odds=[2.20,4.00)|fav=nonfavorite","train=ALL|bet=La_liga|outcome=draw|odds=[2.20,4.00)|fav=nonfavorite"
